instance,family,group,n,W,area_lb,lb,area_ratio,w_mean,w_sd,w_min,w_q25,w_q50,w_q75,w_q90,w_max,h_mean,h_sd,h_min,h_q25,h_q50,h_q75,h_q90,h_max,ratio_mean,ratio_sd,ratio_min,ratio_q25,ratio_q50,ratio_q75,ratio_q90,ratio_max,area_mean,area_sd,area_min,area_q25,area_q50,area_q75,area_q90,area_max,thin_share_05,thin_share_10,big_share,square_share,slender_share,wh_corr,max_w_over_W,max_h_over_lb,n_wide_half,n_tall_half,n_distinct_dims,dominant_dim_share,width_entropy,wbin_0,wbin_1,wbin_2,wbin_3,wbin_4,wbin_5,wbin_6,wbin_7,wbin_8,wbin_9,abin_0,abin_1,abin_2,abin_3,abin_4,abin_5,abin_6,abin_7,abin_8,abin_9,rbin_0,rbin_1,rbin_2,rbin_3,rbin_4,width_comp_pairs,height_comp_pairs,rare_dim_share
C1P1,C,data/c,16,20,20,20,1.0,4.6875,2.591301555203485,2,3,4,7,9,11,5.875,3.3888604279314896,2,4,6,7,12,12,2.5175595238095236,1.5615868930593744,1.0,1.4,2.0,4.0,5.5,6.0,25,18.580904176062045,6,15,21,35,48,84,0,0.375,0.25,0.125,0.3125,-0.28913572340055554,0.55,0.6,1,3,16,0.0625,2.6556390622295662,0.125,0.5,0.125,0.125,0.0625,0.0625,0.0,0.0,0.0,0.0,0.125,0.25,0.375,0.0,0.125,0.0625,0.0,0.0,0.0,0.0625,0.0,0.5,0.1875,0.0625,0.25,0.016666666666666666,0.05,1
C1P2,C,data/c,17,20,20,20,1.0,5.647058823529412,3.411764705882353,1,3,5,7,10,15,4.647058823529412,2.969277520970344,1,3,4,5,9,13,2.813725490196078,1.1445842253095113,1.0,1.6666666666666667,3.0,4.0,4.0,4.333333333333333,23.529411764705884,16.5106655263974,4,14,20,27,60,60,0.17647058823529413,0.35294117647058826,0.17647058823529413,0.058823529411764705,0.5882352941176471,-0.26778630162597267,0.75,0.65,2,1,15,0.11764705882352941,3.013070929103845,0.11764705882352941,0.35294117647058826,0.17647058823529413,0.11764705882352941,0.17647058823529413,0.0,0.0,0.058823529411764705,0.0,0.0,0.17647058823529413,0.0,0.29411764705882354,0.11764705882352941,0.17647058823529413,0.058823529411764705,0.058823529411764705,0.0,0.0,0.11764705882352941,0.0,0.35294117647058826,0.058823529411764705,0.29411764705882354,0.29411764705882354,0.058823529411764705,0.014705882352941176,0.7647058823529411
C1P3,C,data/c,16,20,20,20,1.0,5.5,2.4748737341529163,2,4,6,7,10,10,4.625,2.9553976043842223,2,3,5,6,7,14,2.019940476190476,0.8682060810533433,1.0,1.2857142857142858,2.0,3.0,3.3333333333333335,3.5,25,17.09532099727876,4,12,24,30,56,63,0,0.3125,0.1875,0.25,0.25,-0.05981486045545792,0.5,0.7,2,1,14,0.125,2.875,0.125,0.25,0.375,0.0625,0.1875,0.0,0.0,0.0,0.0,0.0,0.125,0.1875,0.1875,0.125,0.1875,0.0,0.0,0.0625,0.0625,0.0625,0.0,0.5,0.25,0.25,0.0,0.025,0.058333333333333334,0.75
C2P1,C,data/c,25,40,15,15,1.0,7.88,4.131053134492462,1,5,9,11,13,13,3.08,1.0552724766618335,2,2,3,4,5,5,3.207333333333333,1.4958541224182107,1.0,2.0,3.0,4.0,5.5,6.5,24,15.646085772486357,2,14,22,33,48,65,0.48,0.96,0,0.04,0.56,-0.06202707406259261,0.325,0.3333333333333333,0,0,22,0.08,3.219470570797252,0.24,0.24,0.36,0.16,0.0,0.0,0.0,0.0,0.0,0.0,0.16,0.08,0.16,0.28,0.04,0.12,0.04,0.08,0.0,0.04,0.0,0.24,0.2,0.28,0.28,0.0,0.0,0.76
C2P2,C,data/c,25,40,15,15,1.0,7.16,5.033328918320359,1,3,6,10,11,26,3.12,1.4783774890061063,1,2,3,4,5,7,2.9491428571428573,1.5825121221589569,1.0,1.5,2.75,3.5,5.5,6.5,24,23.210342522246414,3,6,20,32,48,104,0.56,0.88,0.04,0.04,0.48,0.22319100282635249,0.65,0.4666666666666667,1,0,21,0.08,3.5132696895151083,0.36,0.32,0.28,0.0,0.0,0.0,0.04,0.0,0.0,0.0,0.32,0.24,0.16,0.08,0.12,0.0,0.04,0.0,0.0,0.04,0.0,0.32,0.2,0.24,0.24,0.0033333333333333335,0.0,0.68
C2P3,C,data/c,25,40,15,15,1.0,7.6,3.63318042491699,3,5,7,10,12,16,2.76,1.79510445378535,1,2,2,3,6,7,3.375238095238095,1.640727121592236,1.0,2.0,3.0,5.0,6.0,7.0,24,22.195495038408133,3,7,14,30,54,84,0.56,0.84,0,0.04,0.6,0.4636658355341892,0.4,0.4666666666666667,0,0,19,0.08,3.0332696895151083,0.16,0.48,0.28,0.08,0.0,0.0,0.0,0.0,0.0,0.0,0.32,0.28,0.04,0.12,0.0,0.12,0.04,0.0,0.04,0.04,0.0,0.24,0.16,0.28,0.32,0.0,0.0,0.52
C3P1,C,data/c,28,60,30,30,1.0,11.035714285714286,6.3103211535724935,3,5,12,18,21,21,5.642857142857143,3.0730892520427076,2,3,5,8,11,13,2.743630773987917,1.6755289397259008,1.1666666666666667,1.5454545454545454,2.0,3.6,6.0,7.0,64.28571428571429,58.88842788507357,12,21,51,90,154,273,0.35714285714285715,0.8214285714285714,0,0.03571428571428571,0.32142857142857145,0.10379210022856897,0.35,0.43333333333333335,0,0,26,0.07142857142857142,3.208966082694623,0.35714285714285715,0.17857142857142858,0.35714285714285715,0.10714285714285714,0.0,0.0,0.0,0.0,0.0,0.0,0.32142857142857145,0.25,0.17857142857142858,0.10714285714285714,0.03571428571428571,0.03571428571428571,0.03571428571428571,0.0,0.0,0.03571428571428571,0.0,0.5,0.17857142857142858,0.10714285714285714,0.21428571428571427,0.0,0.0,0.8571428571428571
C3P2,C,data/c,29,60,30,30,1.0,9.96551724137931,7.049004618509744,1,5,7,13,23,25,5.896551724137931,2.7586206896551726,1,4,6,7,10,11,2.5350301039956213,1.3008072128683241,1.0,1.6666666666666667,2.0,3.5,4.2,6.0,62.06896551724138,51.378199478849645,2,18,49,91,144,190,0.3103448275862069,0.7241379310344828,0,0.10344827586206896,0.3103448275862069,0.17005335666883803,0.4166666666666667,0.36666666666666664,0,0,28,0.06896551724137931,3.948859340762045,0.41379310344827586,0.3103448275862069,0.10344827586206896,0.13793103448275862,0.034482758620689655,0.0,0.0,0.0,0.0,0.0,0.27586206896551724,0.10344827586206896,0.1724137931034483,0.10344827586206896,0.13793103448275862,0.06896551724137931,0.0,0.06896551724137931,0.0,0.06896551724137931,0.0,0.4482758620689655,0.2413793103448276,0.10344827586206896,0.20689655172413793,0.0,0.0,0.9310344827586207
C3P3,C,data/c,28,60,30,30,1.0,10.607142857142858,6.0788819796446925,2,5,11,14,18,24,5.928571428571429,3.927272512540364,1,3,4,9,12,14,3.205753968253968,2.0015207138232274,1.0,1.5,2.5,5.333333333333333,6.0,7.0,64.28571428571429,59.4071046393666,4,24,48,96,168,216,0.5357142857142857,0.7142857142857143,0,0.21428571428571427,0.39285714285714285,0.05866398052314029,0.4,0.4666666666666667,0,0,28,0.03571428571428571,3.6644977792004614,0.35714285714285715,0.21428571428571427,0.35714285714285715,0.07142857142857142,0.0,0.0,0.0,0.0,0.0,0.0,0.25,0.25,0.14285714285714285,0.10714285714285714,0.07142857142857142,0.0,0.0,0.10714285714285714,0.0,0.07142857142857142,0.0,0.35714285714285715,0.25,0.0,0.39285714285714285,0.0,0.0,1
C4P1,C,data/c,49,60,60,60,1.0,8.224489795918368,5.793258947215092,2,4,7,11,18,24,9.63265306122449,5.871737487705955,2,6,8,12,19,28,2.8253968253968256,1.6550531776720505,1.0,1.5,2.2857142857142856,4.0,6.0,7.0,73.46938775510205,62.852955068553825,8,24,56,100,168,342,0.3469387755102041,0.6938775510204082,0,0.14285714285714285,0.3877551020408163,-0.16916113579599146,0.4,0.4666666666666667,0,0,47,0.04081632653061224,3.7497286607426745,0.4897959183673469,0.2857142857142857,0.1836734693877551,0.04081632653061224,0.0,0.0,0.0,0.0,0.0,0.0,0.32653061224489793,0.24489795918367346,0.1836734693877551,0.12244897959183673,0.061224489795918366,0.04081632653061224,0.0,0.0,0.0,0.02040816326530612,0.0,0.3877551020408163,0.22448979591836735,0.10204081632653061,0.2857142857142857,0.0,0.0,0.9183673469387755
C4P2,C,data/c,49,60,60,60,1.0,7.8979591836734695,6.692197399894175,1,3,5,10,18,28,9.285714285714286,6.2824666935131495,1,5,8,14,18,30,2.745302883057985,1.421683025214372,1.0,1.5555555555555556,2.5,3.5714285714285716,5.0,6.0,73.46938775510205,67.9195508629222,1,16,40,126,175,260,0.3673469387755102,0.6938775510204082,0.02040816326530612,0.12244897959183673,0.40816326530612246,0.0031204660075226467,0.4666666666666667,0.5,0,1,46,0.04081632653061224,3.8796169867957415,0.5918367346938775,0.22448979591836735,0.10204081632653061,0.02040816326530612,0.061224489795918366,0.0,0.0,0.0,0.0,0.0,0.2857142857142857,0.24489795918367346,0.12244897959183673,0.0,0.14285714285714285,0.08163265306122448,0.04081632653061224,0.02040816326530612,0.04081632653061224,0.02040816326530612,0.0,0.3673469387755102,0.22448979591836735,0.16326530612244897,0.24489795918367346,0.0,0.0,0.8775510204081632
C4P3,C,data/c,49,60,60,60,1.0,8.489795918367347,6.496851510553972,2,3,7,11,20,35,8.346938775510203,6.622629789047714,1,4,5,13,22,23,2.904874773752325,1.5420049510162117,1.0,1.8,2.5,3.6666666666666665,5.25,7.0,73.46938775510205,88.49077019570593,6,16,45,84,231,455,0.42857142857142855,0.7755102040816326,0.02040816326530612,0.061224489795918366,0.3469387755102041,0.060557949420492876,0.5833333333333334,0.38333333333333336,1,0,42,0.04081632653061224,3.635246202080699,0.46938775510204084,0.3673469387755102,0.061224489795918366,0.08163265306122448,0.0,0.02040816326530612,0.0,0.0,0.0,0.0,0.5510204081632653,0.24489795918367346,0.04081632653061224,0.02040816326530612,0.04081632653061224,0.08163265306122448,0.0,0.0,0.0,0.02040816326530612,0.0,0.30612244897959184,0.3469387755102041,0.10204081632653061,0.24489795918367346,0.0,0.0,0.7142857142857143
C5P1,C,data/c,73,60,90,90,1.0,7.2465753424657535,4.5953544795008705,1,3,6,9,14,18,9.561643835616438,7.148112695391955,2,4,6,13,21,34,2.5980422165353674,1.497205515929914,1.0,1.4,2.3333333333333335,3.2,5.0,7.0,73.97260273972603,84.052001614581,2,21,42,90,175,462,0.3972602739726027,0.7671232876712328,0.0273972602739726,0.2054794520547945,0.3561643835616438,0.1425783719512046,0.3,0.37777777777777777,0,0,58,0.0410958904109589,3.5476151080723044,0.5068493150684932,0.3424657534246575,0.1506849315068493,0.0,0.0,0.0,0.0,0.0,0.0,0.0,0.5205479452054794,0.2465753424657534,0.0958904109589041,0.0547945205479452,0.0273972602739726,0.0136986301369863,0.0136986301369863,0.0,0.0136986301369863,0.0136986301369863,0.0,0.4246575342465753,0.2191780821917808,0.1506849315068493,0.2054794520547945,0.0,0.0,0.6027397260273972
C5P2,C,data/c,73,60,90,90,1.0,7.931506849315069,6.625663610337484,1,4,6,10,15,32,9.027397260273972,8.656255324298408,1,2,5,14,23,38,2.912465236437839,1.5511258795764913,1.0,1.5,2.5,4.0,5.2,6.5,73.97260273972603,79.3918619415165,1,9,42,115,196,300,0.4657534246575342,0.7534246575342466,0.0410958904109589,0.1232876712328767,0.4931506849315068,0.04135305062359417,0.5333333333333333,0.4222222222222222,2,0,60,0.0410958904109589,3.968879609698035,0.5616438356164384,0.2191780821917808,0.1506849315068493,0.0273972602739726,0.0273972602739726,0.0136986301369863,0.0,0.0,0.0,0.0,0.4520547945205479,0.1643835616438356,0.0547945205479452,0.0821917808219178,0.0821917808219178,0.0273972602739726,0.0410958904109589,0.0273972602739726,0.0547945205479452,0.0136986301369863,0.0,0.3424657534246575,0.1643835616438356,0.2054794520547945,0.2876712328767123,0.00076103500761035,0.0,0.6712328767123288
C5P3,C,data/c,73,60,90,90,1.0,6.917808219178082,5.098357040377353,1,4,5,9,13,28,10.054794520547945,7.004676345927972,1,5,8,13,18,37,2.5419586461763823,1.5474732691555968,1.0,1.4285714285714286,2.0,2.75,5.6,6.25,73.97260273972603,78.93693904174737,2,20,54,96,180,475,0.2876712328767123,0.726027397260274,0.0136986301369863,0.0821917808219178,0.2465753424657534,0.12363968432663591,0.4666666666666667,0.4111111111111111,0,0,61,0.0410958904109589,3.5259686081282644,0.6438356164383562,0.2054794520547945,0.0958904109589041,0.0410958904109589,0.0136986301369863,0.0,0.0,0.0,0.0,0.0,0.4657534246575342,0.2602739726027397,0.1232876712328767,0.0684931506849315,0.0410958904109589,0.0273972602739726,0.0,0.0,0.0,0.0136986301369863,0.0,0.4520547945205479,0.3013698630136986,0.0410958904109589,0.2054794520547945,0.0,0.0,0.6986301369863014
C6P1,C,data/c,97,80,120,120,1.0,8.030927835051546,5.838820683509099,2,4,6,10,17,30,12.195876288659793,9.567599075377778,2,6,9,16,26,61,2.9928978373769475,1.6419207792885155,1.0,1.6363636363636365,2.5,3.9,6.0,7.0,98.96907216494846,110.76272155724591,8,24,63,119,220,570,0.44329896907216493,0.8144329896907216,0.010309278350515464,0.041237113402061855,0.422680412371134,0.0183459663357133,0.375,0.5083333333333333,0,1,79,0.030927835051546393,3.8794009230494315,0.5979381443298969,0.29896907216494845,0.08247422680412371,0.020618556701030927,0.0,0.0,0.0,0.0,0.0,0.0,0.4845360824742268,0.25773195876288657,0.07216494845360824,0.09278350515463918,0.020618556701030927,0.020618556701030927,0.020618556701030927,0.010309278350515464,0.0,0.020618556701030927,0.0,0.3402061855670103,0.23711340206185566,0.17525773195876287,0.24742268041237114,0.0,0.0,0.6494845360824743
C6P2,C,data/c,97,80,120,120,1.0,9.268041237113403,8.332665151941603,1,4,6,11,24,39,10.206185567010309,11.049969113480085,1,3,6,13,26,55,2.9606778387706223,1.6592845885640028,1.0,1.5,2.5714285714285716,4.125,5.571428571428571,6.5,98.96907216494846,132.31830207528955,1,15,52,135,264,720,0.5154639175257731,0.8556701030927835,0.030927835051546393,0.15463917525773196,0.4639175257731959,0.04754483332635255,0.4875,0.4583333333333333,0,0,83,0.030927835051546393,4.233703288480028,0.6185567010309279,0.21649484536082475,0.08247422680412371,0.061855670103092786,0.020618556701030927,0.0,0.0,0.0,0.0,0.0,0.5670103092783505,0.21649484536082475,0.09278350515463918,0.05154639175257732,0.030927835051546393,0.010309278350515464,0.0,0.010309278350515464,0.0,0.020618556701030927,0.0,0.36082474226804123,0.17525773195876287,0.17525773195876287,0.28865979381443296,0.0,0.0,0.7422680412371134
C6P3,C,data/c,97,80,120,120,1.0,8.721649484536082,6.834934924601013,1,5,6,9,18,37,11.288659793814434,10.157480370751296,2,5,7,15,25,62,2.662358346121233,1.5193846112738953,1.0,1.5,2.125,3.5,5.25,7.0,98.96907216494846,112.82021585391817,6,28,48,136,240,620,0.3711340206185567,0.8865979381443299,0.020618556701030927,0.12371134020618557,0.36082474226804123,0.007394065381691275,0.4625,0.5166666666666667,0,1,75,0.041237113402061855,3.8424329814838853,0.7010309278350515,0.15463917525773196,0.10309278350515463,0.020618556701030927,0.020618556701030927,0.0,0.0,0.0,0.0,0.0,0.5463917525773195,0.17525773195876287,0.1134020618556701,0.07216494845360824,0.041237113402061855,0.010309278350515464,0.010309278350515464,0.010309278350515464,0.010309278350515464,0.010309278350515464,0.0,0.4329896907216495,0.20618556701030927,0.14432989690721648,0.21649484536082475,0.0,0.0,0.6082474226804123
C7P1,C,data/c,196,160,240,240,1.0,11.841836734693878,8.038839690227762,2,6,9,17,22,41,16.158163265306122,12.344150258563669,2,9,12,21,28,70,2.54096027302731,1.426779927491186,1.0,1.3529411764705883,2.0,3.375,4.75,7.0,195.91836734693877,199.25115795988452,6,63,125,272,468,1188,0.5867346938775511,0.9183673469387755,0,0.15816326530612246,0.32142857142857145,0.04611422002083866,0.25625,0.2916666666666667,0,0,167,0.025510204081632654,4.437957309742301,0.7397959183673469,0.22959183673469388,0.030612244897959183,0.0,0.0,0.0,0.0,0.0,0.0,0.0,0.46938775510204084,0.23979591836734693,0.14795918367346939,0.05102040816326531,0.03571428571428571,0.030612244897959183,0.01020408163265306,0.00510204081632653,0.00510204081632653,0.00510204081632653,0.0,0.45918367346938777,0.2193877551020408,0.12755102040816327,0.19387755102040816,0.0,0.0,0.7397959183673469
C7P2,C,data/c,197,160,240,240,1.0,11.609137055837563,12.391028266000765,1,4,8,14,27,72,14.690355329949238,17.34073454306449,1,5,9,17,36,113,3.0974475259321483,1.6092226899168918,1.0,1.7142857142857142,2.84,4.222222222222222,5.5,6.888888888888889,194.9238578680203,324.3260552922969,1,24,78,196,512,2121,0.7106598984771574,0.9543147208121827,0.015228426395939087,0.1116751269035533,0.49238578680203043,0.11347122707801573,0.45,0.4708333333333333,0,0,161,0.030456852791878174,4.62908374921848,0.8020304568527918,0.12690355329949238,0.04568527918781726,0.01015228426395939,0.015228426395939087,0.0,0.0,0.0,0.0,0.0,0.7614213197969543,0.1065989847715736,0.06598984771573604,0.015228426395939087,0.015228426395939087,0.015228426395939087,0.005076142131979695,0.0,0.005076142131979695,0.01015228426395939,0.0,0.28426395939086296,0.2233502538071066,0.17766497461928935,0.3147208121827411,0.0,0.0,0.6802030456852792
C7P3,C,data/c,196,160,240,240,1.0,13.326530612244898,11.777508407548654,1,5,9,19,30,59,14.729591836734693,13.58433002699737,2,7,10,18,32,92,3.0333599404937153,1.681732874081253,1.0,1.6153846153846154,2.5,4.375,5.666666666666667,7.0,195.91836734693877,274.2141898362273,2,42,120,231,468,2392,0.6887755102040817,0.9336734693877551,0.01020408163265306,0.09693877551020408,0.42857142857142855,-0.0023500856467413914,0.36875,0.38333333333333336,0,0,169,0.030612244897959183,4.709868172549468,0.7295918367346939,0.19387755102040816,0.05612244897959184,0.02040816326530612,0.0,0.0,0.0,0.0,0.0,0.0,0.7551020408163265,0.15306122448979592,0.05102040816326531,0.015306122448979591,0.01020408163265306,0.0,0.01020408163265306,0.0,0.0,0.00510204081632653,0.0,0.3520408163265306,0.2193877551020408,0.1326530612244898,0.29591836734693877,0.0,0.0,0.7602040816326531
BKW01,BKW,data/bkw,10,40,40,40,1.0,11,11.153474794878948,4,5,7,7,40,40,11.2,7.493997598078078,4,4,8,20,24,24,1.9976190476190476,1.3415858555119573,1.0,1.1428571428571428,1.25,2.5,5.0,5.0,160,225.80522580312442,16,28,56,100,640,640,0,0.4,0.4,0.5,0.2,0.4402750539180857,1.0,0.6,2,3,9,0.2,2.1219280948873624,0.2,0.6,0.0,0.0,0.0,0.1,0.0,0.0,0.0,0.1,0.6,0.2,0.0,0.0,0.0,0.0,0.0,0.0,0.1,0.1,0.0,0.7,0.1,0.0,0.2,0.0,0.044444444444444446,0.8
BKW02,BKW,data/bkw,20,30,50,50,1.0,10.25,6.106349154773251,4,6,8,14,23,23,7.25,4.299709292498738,4,4,6,9,14,21,2.1717712842712844,0.9922570077231917,1.0,1.5,1.8571428571428572,2.6666666666666665,3.8333333333333335,4.75,75,64.06324999560981,20,28,56,96,207,252,0,0,0.25,0.1,0.2,0.026184963678036167,0.7666666666666667,0.42,4,0,18,0.1,3.246439344671016,0.0,0.4,0.2,0.05,0.15,0.05,0.05,0.1,0.0,0.0,0.25,0.25,0.1,0.2,0.0,0.05,0.05,0.0,0.05,0.05,0.0,0.55,0.25,0.15,0.05,0.08421052631578947,0.0,0.8
BKW03,BKW,data/bkw,30,30,50,50,1.0,5.233333333333333,2.472290885438488,3,3,5,7,10,10,8.6,6.959885056522126,3,4,5,13,18,32,2.056349206349206,1.3818551145366784,1.0,1.3333333333333333,1.6666666666666667,2.0,4.0,7.666666666666667,50,54.83794306864545,9,15,24,69,130,256,0,0.4666666666666667,0.2,0.13333333333333333,0.16666666666666666,0.290194330660294,0.3333333333333333,0.64,0,1,23,0.1,2.489246428509158,0.4,0.3333333333333333,0.13333333333333333,0.13333333333333333,0.0,0.0,0.0,0.0,0.0,0.0,0.5333333333333333,0.13333333333333333,0.13333333333333333,0.06666666666666667,0.03333333333333333,0.03333333333333333,0.03333333333333333,0.0,0.0,0.03333333333333333,0.0,0.7333333333333333,0.1,0.06666666666666667,0.1,0.0,0.006896551724137931,0.6333333333333333
BKW04,BKW,data/bkw,40,80,80,80,1.0,9.775,10.81778050248756,4,5,5,9,29,61,12.575,14.749385580423342,4,4,7,12,34,72,2.5123765226237635,2.7480655908937326,1.0,1.25,1.5714285714285714,2.4,7.25,14.4,160,383.53011615777973,16,20,49,135,306,2318,0.425,0.875,0.075,0.225,0.175,0.23239153836366594,0.7625,0.9,1,2,28,0.15,2.8103223856989468,0.675,0.2,0.025,0.075,0.0,0.0,0.0,0.025,0.0,0.0,0.85,0.1,0.0,0.0,0.025,0.0,0.0,0.0,0.0,0.025,0.0,0.675,0.15,0.075,0.1,0.001282051282051282,0.04230769230769231,0.575
BKW05,BKW,data/bkw,50,100,100,100,1.0,20.76,17.663023523734548,6,8,14,26,48,74,8.62,4.816181059719412,6,6,7,10,10,34,2.824187159074156,2.3732180444938415,1.0,1.3333333333333333,1.6666666666666667,3.3333333333333335,6.714285714285714,12.333333333333334,200,314.1425154289053,36,60,108,250,444,2176,0,0.92,0.08,0.18,0.32,0.24743406429374745,0.74,0.34,4,0,39,0.08,4.311272380112911,0.42,0.24,0.14,0.06,0.06,0.02,0.02,0.04,0.0,0.0,0.72,0.18,0.08,0.0,0.0,0.0,0.0,0.0,0.0,0.02,0.0,0.58,0.1,0.12,0.2,0.018775510204081632,0.0,0.62
BKW06,BKW,data/bkw,60,50,100,100,1.0,8.883333333333333,11.643441167551035,3,4,5,7,26,50,8.083333333333334,7.321866034162482,3,3,5,8,21,30,2.619062881562882,3.1480330750914423,1.0,1.25,1.6666666666666667,2.6666666666666665,4.8,16.666666666666668,83.33333333333333,153.4670069501006,9,15,25,72,200,780,0,0.85,0.13333333333333333,0.2,0.2,0.13520418561508898,1.0,0.3,6,0,33,0.1,2.8699097577037036,0.7333333333333333,0.1,0.03333333333333333,0.016666666666666666,0.016666666666666666,0.016666666666666666,0.03333333333333333,0.0,0.0,0.05,0.7666666666666667,0.13333333333333333,0.016666666666666666,0.0,0.016666666666666666,0.03333333333333333,0.0,0.0,0.0,0.03333333333333333,0.0,0.6666666666666666,0.13333333333333333,0.06666666666666667,0.13333333333333333,0.002824858757062147,0.0,0.36666666666666664
BKW07,BKW,data/bkw,70,80,100,100,1.0,7.8428571428571425,8.988303056569393,2,3,3,9,23,46,13.057142857142857,18.33177235160366,2,2,4,22,38,82,4.515987396969744,5.948261158849825,1.0,1.3333333333333333,2.0,5.142857142857143,12.333333333333334,41.0,114.28571428571429,219.22429107176598,4,6,18,111,437,1121,0.7857142857142857,0.8714285714285714,0.1,0.2,0.4142857142857143,0.07210231337046837,0.575,0.82,1,4,43,0.18571428571428572,3.2314074134230863,0.7285714285714285,0.1,0.11428571428571428,0.02857142857142857,0.014285714285714285,0.014285714285714285,0.0,0.0,0.0,0.0,0.7571428571428571,0.11428571428571428,0.014285714285714285,0.02857142857142857,0.02857142857142857,0.014285714285714285,0.0,0.02857142857142857,0.0,0.014285714285714285,0.0,0.5,0.08571428571428572,0.07142857142857142,0.34285714285714286,0.00041407867494824016,0.010351966873706004,0.5142857142857142
BKW08,BKW,data/bkw,80,100,80,80,1.0,9.05,8.6021799562669,3,3,5,11,23,40,10.275,10.183289006995727,3,4,5,12,28,50,2.7975151237651237,2.125736544492938,1.0,1.3333333333333333,1.75,3.3333333333333335,5.75,12.333333333333334,100,159.18299218195392,9,16,45,99,245,805,0.725,0.9125,0.0125,0.125,0.375,0.08003848506315882,0.4,0.625,0,2,55,0.0625,3.408324918372366,0.725,0.175,0.05,0.05,0.0,0.0,0.0,0.0,0.0,0.0,0.6875,0.1875,0.025,0.0125,0.025,0.0,0.0375,0.0,0.0,0.025,0.0,0.525,0.1,0.15,0.225,0.0,0.0022151898734177216,0.5625
BKW09,BKW,data/bkw,100,50,150,150,1.0,7.51,8.893250249486966,3,3,4,8,19,47,8.69,11.22202744605448,3,3,5,7,27,54,2.7779405398523047,3.000787666013335,1.0,1.25,1.6666666666666667,2.6666666666666665,6.666666666666667,18.0,75,180.00427772694738,9,12,20,56,188,1540,0,0.89,0.15,0.21,0.24,0.09757586057001973,0.94,0.36,6,0,48,0.11,2.958484187135942,0.71,0.13,0.04,0.04,0.02,0.03,0.0,0.0,0.01,0.02,0.89,0.05,0.04,0.0,0.01,0.0,0.0,0.0,0.0,0.01,0.0,0.62,0.14,0.07,0.17,0.03797979797979798,0.0,0.35
BKW10,BKW,data/bkw,200,70,150,150,1.0,7.03,10.599957547084799,2,2,3,5,20,60,4.655,7.386878569463559,2,2,2,3,8,62,2.8345695623820624,3.5423643397277282,1.0,1.0,1.5,2.6666666666666665,6.5,20.666666666666668,52.5,194.42553844595622,4,4,6,30,68,1782,0.885,0.96,0.04,0.395,0.23,0.252556815547934,0.8571428571428571,0.41333333333333333,6,0,70,0.315,2.9829247784454296,0.795,0.065,0.05,0.03,0.03,0.005,0.005,0.01,0.01,0.0,0.96,0.01,0.01,0.0,0.005,0.005,0.0,0.0,0.005,0.005,0.0,0.64,0.13,0.06,0.17,0.0033668341708542712,0.0,0.255
BKW11,BKW,data/bkw,300,70,150,150,1.0,6.52,9.947676445616166,2,2,3,5,16,70,4.553333333333334,4.443777172131334,2,2,3,4,11,30,2.607125932604261,2.971734417881509,1.0,1.0,1.5,2.6666666666666665,5.666666666666667,24.0,35,71.52328292241624,4,6,9,25,95,527,0.8233333333333334,0.9533333333333334,0.02,0.2633333333333333,0.22,0.12017273434257271,1.0,0.2,6,0,97,0.16,3.069180044134101,0.7933333333333333,0.09,0.05333333333333334,0.02666666666666667,0.016666666666666666,0.0033333333333333335,0.0033333333333333335,0.0,0.0033333333333333335,0.01,0.8566666666666667,0.06,0.02666666666666667,0.02,0.013333333333333334,0.0033333333333333335,0.01,0.0,0.0033333333333333335,0.006666666666666667,0.0,0.64,0.14,0.07333333333333333,0.14666666666666667,0.014894091415830547,0.0,0.22
BKW12,BKW,data/bkw,500,100,300,300,1.0,5.612,6.55754954232143,3,3,3,5,10,54,8.24,12.582146080856,3,3,4,7,18,125,2.2915634617410507,2.6064959530392584,1.0,1.0,1.3333333333333333,2.142857142857143,4.153846153846154,22.666666666666668,60,157.7366159139976,9,12,15,36,110,1891,0.908,0.964,0.024,0.29,0.172,0.16673670776695368,0.54,0.4166666666666667,2,0,131,0.216,2.4548819280972807,0.908,0.056,0.012,0.016,0.004,0.004,0.0,0.0,0.0,0.0,0.932,0.03,0.02,0.006,0.002,0.004,0.004,0.0,0.0,0.002,0.0,0.718,0.11,0.046,0.126,3.2064128256513025e-05,0.0,0.19
BKW13,BKW,data/bkw,3152,640,960,960,1.0,11.609137055837563,12.391028266000765,1,4,8,14,27,72,14.690355329949238,17.34073454306449,1,5,9,17,36,113,3.0974475259321483,1.6092226899168918,1.0,1.7142857142857142,2.84,4.222222222222222,5.5,6.888888888888889,194.9238578680203,324.3260552922969,1,24,78,196,512,2121,1,1,0,0.1116751269035533,0.49238578680203043,0.11347122707801573,0.1125,0.11770833333333333,0,0,161,0.030456852791878174,4.62908374921848,0.9847715736040609,0.015228426395939087,0.0,0.0,0.0,0.0,0.0,0.0,0.0,0.0,0.7614213197969543,0.1065989847715736,0.06598984771573604,0.015228426395939087,0.015228426395939087,0.015228426395939087,0.005076142131979695,0.0,0.005076142131979695,0.01015228426395939,0.0,0.28426395939086296,0.2233502538071066,0.17766497461928935,0.3147208121827411,0.0,0.0,0
N1A,NT,data/nt,17,200,200,200,1.0,51.529411764705884,30.349178973406538,9,32,44,64,103,123,48.705882352941174,30.880728248579725,8,29,41,63,91,132,2.749240898952552,1.7944040481195462,1.04,1.3235294117647058,1.6097560975609757,4.0,5.555555555555555,6.555555555555555,2352.9411764705883,1631.2991023247928,256,650,2624,3534,4356,6120,0.17647058823529413,0.29411764705882354,0.17647058823529413,0.23529411764705882,0.4117647058823529,-0.16735328210578043,0.615,0.66,2,1,17,0.058823529411764705,3.9698157824268097,0.17647058823529413,0.17647058823529413,0.35294117647058826,0.11764705882352941,0.058823529411764705,0.058823529411764705,0.058823529411764705,0.0,0.0,0.0,0.23529411764705882,0.11764705882352941,0.058823529411764705,0.058823529411764705,0.17647058823529413,0.17647058823529413,0.058823529411764705,0.058823529411764705,0.0,0.058823529411764705,0.0,0.5294117647058824,0.058823529411764705,0.058823529411764705,0.35294117647058826,0.007352941176470588,0.022058823529411766,1
N1B,NT,data/nt,17,200,200,200,1.0,54.529411764705884,35.2505613589992,11,29,44,70,99,161,49.35294117647059,39.79349810395514,9,22,31,68,132,137,3.117453495298199,1.5018075639729949,1.0,1.7435897435897436,3.0555555555555554,4.724137931034483,5.0,5.0,2352.9411764705883,2126.725139755771,341,980,1650,2652,6601,8316,0.058823529411764705,0.29411764705882354,0.23529411764705882,0.23529411764705882,0.5294117647058824,-0.24113158247087746,0.805,0.685,1,3,17,0.058823529411764705,4.087462841250339,0.058823529411764705,0.4117647058823529,0.17647058823529413,0.23529411764705882,0.058823529411764705,0.0,0.0,0.0,0.058823529411764705,0.0,0.17647058823529413,0.35294117647058826,0.17647058823529413,0.058823529411764705,0.11764705882352941,0.0,0.0,0.058823529411764705,0.0,0.058823529411764705,0.0,0.29411764705882354,0.17647058823529413,0.17647058823529413,0.35294117647058826,0.03676470588235294,0.03676470588235294,1
N1C,NT,data/nt,17,200,200,200,1.0,43.23529411764706,31.72590222471724,5,17,36,70,86,121,53.1764705882353,28.12835139586277,10,32,49,78,88,117,2.8715889728102195,1.3443576816151146,1.234375,1.7551020408163265,2.7857142857142856,3.5,5.0,6.4,2352.9411764705883,1923.1359644383606,160,504,2028,4114,5056,6160,0.17647058823529413,0.4117647058823529,0.11764705882352941,0,0.47058823529411764,0.06033280117888505,0.605,0.585,1,1,17,0.058823529411764705,4.087462841250339,0.29411764705882354,0.29411764705882354,0.11764705882352941,0.17647058823529413,0.058823529411764705,0.0,0.058823529411764705,0.0,0.0,0.0,0.35294117647058826,0.058823529411764705,0.058823529411764705,0.058823529411764705,0.17647058823529413,0.0,0.11764705882352941,0.058823529411764705,0.058823529411764705,0.058823529411764705,0.0,0.35294117647058826,0.17647058823529413,0.29411764705882354,0.17647058823529413,0.029411764705882353,0.029411764705882353,1
N1D,NT,data/nt,17,200,200,200,1.0,52.94117647058823,40.56435785301774,16,25,36,71,129,146,47.294117647058826,33.86090007122105,12,22,34,54,109,137,2.689128828443398,1.295508950860773,1.0344827586206897,1.7058823529411764,2.4,3.227272727272727,5.2272727272727275,5.84,2352.9411764705883,2147.81438760397,352,836,1275,3650,5676,7830,0,0.35294117647058826,0.29411764705882354,0.058823529411764705,0.29411764705882354,-0.1098362110916694,0.73,0.685,3,2,17,0.058823529411764705,3.7345216647797512,0.23529411764705882,0.29411764705882354,0.17647058823529413,0.058823529411764705,0.058823529411764705,0.058823529411764705,0.058823529411764705,0.058823529411764705,0.0,0.0,0.23529411764705882,0.35294117647058826,0.058823529411764705,0.058823529411764705,0.058823529411764705,0.0,0.11764705882352941,0.058823529411764705,0.0,0.058823529411764705,0.0,0.29411764705882354,0.4117647058823529,0.17647058823529413,0.11764705882352941,0.022058823529411766,0.022058823529411766,1
N1E,NT,data/nt,17,200,200,200,1.0,46.94117647058823,28.605780140374538,13,25,36,62,89,123,48.588235294117645,23.459749819460896,8,32,45,66,84,86,2.31817775091636,1.1722462939274838,1.1590909090909092,1.2916666666666667,1.9777777777777779,2.46875,4.5,4.923076923076923,2352.9411764705883,2322.935249422674,288,1050,1764,2952,4005,10578,0.058823529411764705,0.29411764705882354,0.058823529411764705,0.11764705882352941,0.23529411764705882,0.10751590149425048,0.615,0.43,1,0,17,0.058823529411764705,3.9698157824268097,0.11764705882352941,0.4117647058823529,0.17647058823529413,0.17647058823529413,0.058823529411764705,0.0,0.058823529411764705,0.0,0.0,0.0,0.29411764705882354,0.29411764705882354,0.23529411764705882,0.11764705882352941,0.0,0.0,0.0,0.0,0.0,0.058823529411764705,0.0,0.5294117647058824,0.23529411764705882,0.058823529411764705,0.17647058823529413,0.007352941176470588,0.0,1
N2A,NT,data/nt,25,200,200,200,1.0,44,33.760331751924475,9,19,35,59,90,146,39.24,30.543451016543628,7,21,28,51,87,137,2.768445742374023,1.3744621610969578,1.0344827586206897,1.7058823529411764,2.4,3.4166666666666665,5.2272727272727275,5.84,1600,1659.258436772283,63,540,1189,1960,3650,7830,0.08,0.48,0.12,0.08,0.32,-0.12273591237103751,0.73,0.685,2,1,25,0.04,4.163856189774725,0.32,0.28,0.16,0.12,0.04,0.04,0.0,0.04,0.0,0.0,0.32,0.36,0.16,0.04,0.04,0.0,0.04,0.0,0.0,0.04,0.0,0.28,0.4,0.16,0.16,0.013333333333333334,0.006666666666666667,1
N2B,NT,data/nt,25,200,200,200,1.0,39.28,28.342928571338565,7,17,29,46,90,119,41.92,28.34490430394853,6,23,32,50,89,112,2.7047036437072047,1.5464320964543146,1.0232558139534884,1.625,2.090909090909091,3.1875,5.555555555555555,6.611111111111111,1600,1414.912124479821,102,450,928,2627,3264,6016,0.16,0.44,0.12,0.16,0.32,-0.05802701010490556,0.595,0.56,2,1,25,0.04,4.053660689688186,0.28,0.36,0.16,0.08,0.04,0.08,0.0,0.0,0.0,0.0,0.36,0.2,0.04,0.08,0.2,0.08,0.0,0.0,0.0,0.04,0.0,0.4,0.28,0.12,0.2,0.006666666666666667,0.013333333333333334,1
N2C,NT,data/nt,25,200,200,200,1.0,43.48,28.752905940095864,4,22,34,75,81,99,40.16,25.497733232583638,7,24,37,47,79,112,3.0638714837175285,1.663748423786839,1.0,1.6818181818181819,2.6875,4.304347826086956,5.3,6.846153846153846,1600,1173.6507828140361,36,564,1323,2370,2997,4473,0.2,0.36,0.04,0.16,0.4,-0.19935893695790952,0.495,0.56,0,1,25,0.04,4.483856189774725,0.24,0.28,0.16,0.2,0.12,0.0,0.0,0.0,0.0,0.0,0.12,0.32,0.08,0.0,0.12,0.12,0.16,0.04,0.0,0.04,0.0,0.32,0.28,0.08,0.32,0.0,0.006666666666666667,1
N2D,NT,data/nt,25,200,200,200,1.0,35.72,26.41442030406876,8,18,33,42,78,122,42.2,23.676148335402868,8,24,38,59,74,101,2.2958428453485453,0.9027781794569596,1.0129870129870129,1.6521739130434783,2.0588235294117645,2.625,3.8846153846153846,4.375,1600,1582.891708235279,126,492,984,2220,2626,6466,0.16,0.36,0.08,0.08,0.2,0.14809277939987606,0.61,0.505,1,1,24,0.08,4.243856189774725,0.28,0.36,0.24,0.04,0.04,0.0,0.04,0.0,0.0,0.0,0.28,0.28,0.08,0.24,0.04,0.0,0.0,0.0,0.0,0.08,0.0,0.48,0.32,0.16,0.04,0.0033333333333333335,0.0,0.92
N2E,NT,data/nt,25,200,200,200,1.0,40.52,21.466476189631123,13,21,38,51,68,97,40.56,22.021952683629124,10,22,40,57,67,96,2.1950916392970434,1.0374179744194736,1.027027027027027,1.4333333333333333,1.9142857142857144,2.6944444444444446,3.642857142857143,5.153846153846154,1600,1093.395628306607,130,760,1224,2784,3450,3645,0.04,0.36,0,0.16,0.24,-0.09199936008421308,0.485,0.48,0,0,25,0.04,4.373660689688186,0.2,0.36,0.28,0.08,0.08,0.0,0.0,0.0,0.0,0.0,0.08,0.16,0.12,0.32,0.0,0.0,0.04,0.08,0.08,0.12,0.0,0.6,0.16,0.2,0.04,0.0,0.0,1
N3A,NT,data/nt,29,200,200,200,1.0,39.55172413793103,31.111131400631326,5,15,26,56,89,120,35.310344827586206,23.126493910032043,1,17,32,48,66,104,2.8396548835466726,1.5421819352149895,1.0483870967741935,1.2941176470588236,2.4054054054054053,3.9285714285714284,5.5,6.117647058823529,1379.3103448275863,1333.7333420980444,5,374,825,2247,3293,5880,0.20689655172413793,0.5862068965517241,0.10344827586206896,0.13793103448275862,0.41379310344827586,-0.024009561792550878,0.6,0.52,2,1,28,0.06896551724137931,4.789015477886192,0.41379310344827586,0.20689655172413793,0.13793103448275862,0.10344827586206896,0.06896551724137931,0.06896551724137931,0.0,0.0,0.0,0.0,0.3103448275862069,0.3103448275862069,0.06896551724137931,0.06896551724137931,0.13793103448275862,0.034482758620689655,0.034482758620689655,0.0,0.0,0.034482758620689655,0.0,0.3793103448275862,0.20689655172413793,0.1724137931034483,0.2413793103448276,0.009852216748768473,0.0,0.9310344827586207
N3B,NT,data/nt,29,200,200,200,1.0,36.51724137931034,31.444116482348953,5,14,24,52,84,143,40.51724137931034,25.303155983687873,6,21,38,47,77,107,2.9596068480724136,1.625406934135924,1.0256410256410255,1.54,2.878787878787879,4.2,5.6,6.6875,1379.3103448275863,1109.384828086961,60,376,1430,2160,3135,3850,0.20689655172413793,0.5172413793103449,0.06896551724137931,0.13793103448275862,0.41379310344827586,-0.12602197017054767,0.715,0.535,1,1,29,0.034482758620689655,4.720049960644813,0.41379310344827586,0.27586206896551724,0.10344827586206896,0.10344827586206896,0.06896551724137931,0.0,0.0,0.034482758620689655,0.0,0.0,0.27586206896551724,0.13793103448275862,0.034482758620689655,0.10344827586206896,0.1724137931034483,0.034482758620689655,0.10344827586206896,0.034482758620689655,0.034482758620689655,0.06896551724137931,0.0,0.41379310344827586,0.1724137931034483,0.13793103448275862,0.27586206896551724,0.009852216748768473,0.0024630541871921183,1
N3C,NT,data/nt,29,200,200,200,1.0,37.37931034482759,23.881046868267223,3,21,35,52,65,114,34.275862068965516,25.299443297301796,2,15,27,48,80,108,2.7976337830057334,1.550709464891159,1.0,1.4074074074074074,2.25,3.9285714285714284,5.0,6.8,1379.3103448275863,1353.9522505574325,10,387,780,2106,3680,4720,0.20689655172413793,0.5172413793103449,0.06896551724137931,0.034482758620689655,0.3793103448275862,0.16237332467437773,0.57,0.54,1,1,29,0.034482758620689655,4.720049960644813,0.2413793103448276,0.3448275862068966,0.27586206896551724,0.10344827586206896,0.0,0.034482758620689655,0.0,0.0,0.0,0.0,0.27586206896551724,0.3103448275862069,0.10344827586206896,0.0,0.10344827586206896,0.034482758620689655,0.034482758620689655,0.06896551724137931,0.0,0.06896551724137931,0.0,0.4482758620689655,0.1724137931034483,0.13793103448275862,0.2413793103448276,0.0,0.0,1
N3D,NT,data/nt,29,200,200,200,1.0,40.03448275862069,30.308167510357826,11,20,33,50,65,165,38.48275862068966,28.50725338994074,5,19,32,48,89,132,2.9137725819909654,1.3869651808272276,1.03125,1.96875,2.75,3.8,4.852941176470588,6.6,1379.3103448275863,1254.9663576600378,95,564,756,2016,3575,5610,0.06896551724137931,0.5862068965517241,0.10344827586206896,0.10344827586206896,0.4482758620689655,-0.18672049091307813,0.825,0.66,1,2,29,0.034482758620689655,4.582118926162055,0.3103448275862069,0.3103448275862069,0.20689655172413793,0.10344827586206896,0.034482758620689655,0.0,0.0,0.0,0.034482758620689655,0.0,0.2413793103448276,0.41379310344827586,0.034482758620689655,0.13793103448275862,0.034482758620689655,0.034482758620689655,0.06896551724137931,0.0,0.0,0.034482758620689655,0.0,0.3103448275862069,0.2413793103448276,0.27586206896551724,0.1724137931034483,0.019704433497536946,0.0049261083743842365,1
N3E,NT,data/nt,29,200,200,200,1.0,36.58620689655172,24.05527720635194,6,17,27,49,71,95,40.06896551724138,30.24717830610931,7,20,30,49,92,119,2.9484633063823216,1.5370677875057288,1.3181818181818181,1.7142857142857142,2.3666666666666667,4.083333333333333,5.5,6.7272727272727275,1379.3103448275863,1217.3875676599398,72,360,924,2088,3332,4845,0.20689655172413793,0.5172413793103449,0.06896551724137931,0,0.41379310344827586,-0.11910474225697407,0.475,0.595,0,2,29,0.034482758620689655,4.418157288156418,0.3103448275862069,0.3103448275862069,0.1724137931034483,0.1724137931034483,0.034482758620689655,0.0,0.0,0.0,0.0,0.0,0.3103448275862069,0.20689655172413793,0.06896551724137931,0.06896551724137931,0.20689655172413793,0.034482758620689655,0.034482758620689655,0.0,0.034482758620689655,0.034482758620689655,0.0,0.3448275862068966,0.2413793103448276,0.13793103448275862,0.27586206896551724,0.0,0.012315270935960592,1
N4A,NT,data/nt,49,200,200,200,1.0,28.46938775510204,18.579231372709323,4,15,25,37,57,93,27.693877551020407,22.515485901324922,3,11,20,41,71,86,2.6908276588812705,1.5013588914896305,1.0,1.5714285714285714,2.0,3.5555555555555554,5.333333333333333,6.777777777777778,816.3265306122449,837.427679186421,32,253,549,1104,1988,4214,0.32653061224489793,0.7142857142857143,0,0.14285714285714285,0.3469387755102041,0.0666923982208764,0.465,0.43,0,0,49,0.02040816326530612,5.175734844026903,0.3877551020408163,0.3877551020408163,0.1836734693877551,0.02040816326530612,0.02040816326530612,0.0,0.0,0.0,0.0,0.0,0.42857142857142855,0.22448979591836735,0.12244897959183673,0.061224489795918366,0.10204081632653061,0.02040816326530612,0.02040816326530612,0.0,0.0,0.02040816326530612,0.0,0.42857142857142855,0.22448979591836735,0.14285714285714285,0.20408163265306123,0.0,0.0,1
N4B,NT,data/nt,49,200,200,200,1.0,27.142857142857142,23.78903880670547,3,12,20,37,67,110,31.06122448979592,26.31551739266173,5,13,22,41,76,115,3.1134876417534216,1.6928136873108823,1.0,1.7777777777777777,2.75,3.8,6.133333333333334,6.928571428571429,816.3265306122449,856.9727542582813,18,150,437,1170,1824,3520,0.3673469387755102,0.7551020408163265,0.04081632653061224,0.04081632653061224,0.46938775510204084,-0.042752326504405955,0.55,0.575,1,1,49,0.02040816326530612,4.915431017452138,0.5306122448979592,0.2653061224489796,0.04081632653061224,0.14285714285714285,0.0,0.02040816326530612,0.0,0.0,0.0,0.0,0.40816326530612246,0.12244897959183673,0.14285714285714285,0.20408163265306123,0.0,0.04081632653061224,0.0,0.04081632653061224,0.0,0.04081632653061224,0.0,0.3469387755102041,0.1836734693877551,0.24489795918367346,0.22448979591836735,0.0,0.002551020408163265,1
N4C,NT,data/nt,49,200,200,200,1.0,30.959183673469386,20.60211915360469,5,16,27,40,56,109,25.163265306122447,21.27981408041338,2,11,18,32,51,102,2.8915679552708564,1.6312802588782132,1.15625,1.5555555555555556,2.375,3.6,6.0,6.833333333333333,816.3265306122449,914.2741157245357,10,198,480,1008,2024,3825,0.32653061224489793,0.7551020408163265,0.04081632653061224,0.04081632653061224,0.3673469387755102,0.08506293349979643,0.545,0.51,1,1,49,0.02040816326530612,5.053285864435066,0.3673469387755102,0.3877551020408163,0.1836734693877551,0.04081632653061224,0.0,0.02040816326530612,0.0,0.0,0.0,0.0,0.4489795918367347,0.24489795918367346,0.061224489795918366,0.04081632653061224,0.08163265306122448,0.04081632653061224,0.02040816326530612,0.02040816326530612,0.0,0.04081632653061224,0.0,0.3673469387755102,0.2653061224489796,0.14285714285714285,0.22448979591836735,0.0,0.0008503401360544217,1
N4D,NT,data/nt,49,200,200,200,1.0,27.46938775510204,21.956452299593845,2,11,20,41,58,105,27.79591836734694,25.622837064982523,2,10,20,29,74,105,2.671043758155364,1.4000019578768061,1.0,1.4,2.25,3.6,4.923076923076923,5.5,816.3265306122449,898.9345936061427,12,133,450,1160,2592,3362,0.3673469387755102,0.6938775510204082,0.061224489795918366,0.12244897959183673,0.3469387755102041,0.0938338577375026,0.525,0.525,1,2,47,0.04081632653061224,4.800948558790163,0.5102040816326531,0.22448979591836735,0.20408163265306123,0.04081632653061224,0.0,0.02040816326530612,0.0,0.0,0.0,0.0,0.40816326530612246,0.20408163265306123,0.08163265306122448,0.10204081632653061,0.04081632653061224,0.02040816326530612,0.02040816326530612,0.08163265306122448,0.02040816326530612,0.02040816326530612,0.0,0.42857142857142855,0.22448979591836735,0.10204081632653061,0.24489795918367346,0.0,0.0008503401360544217,0.9183673469387755
N4E,NT,data/nt,49,200,200,200,1.0,29.20408163265306,24.63279678026484,1,11,23,43,57,131,26.755102040816325,21.772975772024814,2,12,23,36,48,108,2.827495070828419,1.469658606335576,1.0,1.6,2.2222222222222223,3.8333333333333335,5.090909090909091,6.75,816.3265306122449,835.0141239855229,3,196,459,1235,2208,3013,0.3469387755102041,0.673469387755102,0.04081632653061224,0.08163265306122448,0.42857142857142855,0.0651993977164243,0.655,0.54,1,1,49,0.02040816326530612,4.828397088748253,0.40816326530612246,0.32653061224489793,0.20408163265306123,0.02040816326530612,0.02040816326530612,0.0,0.02040816326530612,0.0,0.0,0.0,0.3673469387755102,0.1836734693877551,0.14285714285714285,0.04081632653061224,0.04081632653061224,0.08163265306122448,0.04081632653061224,0.02040816326530612,0.02040816326530612,0.061224489795918366,0.0,0.40816326530612246,0.16326530612244897,0.1836734693877551,0.24489795918367346,0.0008503401360544217,0.0008503401360544217,1
N5A,NT,data/nt,73,200,200,200,1.0,24.328767123287673,19.97673632930129,2,9,21,32,52,112,21.534246575342465,17.307914249418616,2,9,17,33,41,94,2.96683334634789,1.5821342683818942,1.0,1.5909090909090908,2.5,4.0,5.5,6.4,547.945205479452,584.9835939722914,14,100,350,782,1482,2464,0.5068493150684932,0.7671232876712328,0.0136986301369863,0.136986301369863,0.4383561643835616,0.0695390982378326,0.56,0.47,1,0,73,0.0136986301369863,5.155797936203798,0.4931506849315068,0.3287671232876712,0.1232876712328767,0.0410958904109589,0.0,0.0136986301369863,0.0,0.0,0.0,0.0,0.4383561643835616,0.1780821917808219,0.0821917808219178,0.1232876712328767,0.0410958904109589,0.0273972602739726,0.0684931506849315,0.0,0.0,0.0410958904109589,0.0,0.3424657534246575,0.2191780821917808,0.1780821917808219,0.2602739726027397,0.0,0.0,1
N5B,NT,data/nt,73,200,200,200,1.0,21.671232876712327,16.93667075573692,2,8,18,27,46,83,23.136986301369863,18.94282317453579,3,10,16,30,51,91,2.6798901497417815,1.4971868584140726,1.0,1.5,2.111111111111111,3.5384615384615383,5.166666666666667,6.666666666666667,547.945205479452,672.1850057306153,14,114,264,702,1530,3276,0.4520547945205479,0.8082191780821918,0,0.0821917808219178,0.3698630136986301,0.14505633909661392,0.415,0.455,0,0,71,0.0273972602739726,4.978815956223743,0.589041095890411,0.2876712328767123,0.0684931506849315,0.0410958904109589,0.0136986301369863,0.0,0.0,0.0,0.0,0.0,0.5342465753424658,0.2054794520547945,0.0958904109589041,0.0136986301369863,0.0547945205479452,0.0547945205479452,0.0136986301369863,0.0,0.0,0.0273972602739726,0.0,0.4520547945205479,0.1780821917808219,0.1506849315068493,0.2191780821917808,0.0,0.0,0.9452054794520548
N5C,NT,data/nt,73,200,200,200,1.0,24.835616438356166,21.73502551664122,1,9,18,33,58,91,22.835616438356166,20.625834112568196,2,9,16,27,55,96,3.2617722076733364,1.4514337726110778,1.125,2.0,3.0,4.2,5.666666666666667,6.769230769230769,547.945205479452,601.6069551662529,5,100,324,840,1323,2700,0.5205479452054794,0.8356164383561644,0,0.0273972602739726,0.5342465753424658,-0.042809002395902726,0.455,0.48,0,0,70,0.0273972602739726,5.120795791519637,0.5616438356164384,0.2465753424657534,0.0958904109589041,0.0547945205479452,0.0410958904109589,0.0,0.0,0.0,0.0,0.0,0.4520547945205479,0.2054794520547945,0.0684931506849315,0.1095890410958904,0.0821917808219178,0.0136986301369863,0.0273972602739726,0.0136986301369863,0.0,0.0273972602739726,0.0,0.2465753424657534,0.2191780821917808,0.2465753424657534,0.2876712328767123,0.0,0.0,0.9178082191780822
N5D,NT,data/nt,73,200,200,200,1.0,22.54794520547945,18.310892855010717,1,11,17,29,47,97,25.424657534246574,18.962051365978443,1,12,20,34,56,81,3.02163984386935,1.6013075965738068,1.0,1.6875,2.6923076923076925,4.0,5.4,6.75,547.945205479452,583.8132533659883,3,187,391,660,1148,3196,0.3561643835616438,0.9178082191780822,0,0.0684931506849315,0.4246575342465753,-0.07294843738617889,0.485,0.405,0,0,71,0.0273972602739726,5.059639716907169,0.6301369863013698,0.2328767123287671,0.0821917808219178,0.0273972602739726,0.0273972602739726,0.0,0.0,0.0,0.0,0.0,0.410958904109589,0.3150684931506849,0.1095890410958904,0.0958904109589041,0.0136986301369863,0.0273972602739726,0.0,0.0,0.0,0.0273972602739726,0.0,0.3150684931506849,0.2602739726027397,0.1643835616438356,0.2602739726027397,0.0,0.0,0.9452054794520548
N5E,NT,data/nt,73,200,200,200,1.0,25.602739726027398,23.08574827281583,1,9,18,35,55,123,22.136986301369863,18.078455404755413,2,10,17,30,46,101,3.2201992562596446,1.5637700385329494,1.0,2.0,3.0,4.2,5.833333333333333,6.5,547.945205479452,598.341953140486,3,150,320,756,1296,2750,0.5068493150684932,0.8493150684931506,0.0273972602739726,0.0547945205479452,0.5068493150684932,-0.04509903551455058,0.615,0.505,1,1,73,0.0136986301369863,5.287436846812521,0.5342465753424658,0.2602739726027397,0.1232876712328767,0.0547945205479452,0.0136986301369863,0.0,0.0136986301369863,0.0,0.0,0.0,0.4657534246575342,0.2054794520547945,0.0958904109589041,0.0547945205479452,0.0958904109589041,0.0136986301369863,0.0136986301369863,0.0136986301369863,0.0273972602739726,0.0136986301369863,0.0,0.2465753424657534,0.2465753424657534,0.2054794520547945,0.3013698630136986,0.001141552511415525,0.0,1
N6A,NT,data/nt,97,200,200,200,1.0,18.185567010309278,19.373874372041694,1,7,12,20,37,105,20.34020618556701,17.968406751701746,1,8,16,25,40,80,3.0330701411849814,1.5577134366354746,1.0,1.8181818181818181,2.642857142857143,4.25,5.571428571428571,6.5,412.37113402061857,577.1212118674671,2,80,200,525,1092,3360,0.5670103092783505,0.8969072164948454,0.020618556701030927,0.1134020618556701,0.4536082474226804,0.1220074615880932,0.525,0.4,2,0,92,0.020618556701030927,4.970744997863949,0.7525773195876289,0.16494845360824742,0.020618556701030927,0.041237113402061855,0.0,0.020618556701030927,0.0,0.0,0.0,0.0,0.6597938144329897,0.15463917525773196,0.05154639175257732,0.07216494845360824,0.010309278350515464,0.020618556701030927,0.010309278350515464,0.010309278350515464,0.0,0.010309278350515464,0.0,0.26804123711340205,0.27835051546391754,0.16494845360824742,0.28865979381443296,0.0002147766323024055,0.0,0.8969072164948454
N6B,NT,data/nt,97,200,200,200,1.0,18.20618556701031,16.91515403316106,2,7,13,23,37,110,20.670103092783506,21.962349061018763,1,7,12,24,55,116,3.0991330307785057,1.6298801095737925,1.0,1.5714285714285714,2.857142857142857,4.2,6.0,6.875,412.37113402061857,575.5032279251978,4,72,147,504,1127,3468,0.6082474226804123,0.8762886597938144,0.030927835051546393,0.10309278350515463,0.4742268041237113,0.09703294579026121,0.55,0.58,1,2,93,0.020618556701030927,4.9126473481381785,0.6804123711340206,0.2268041237113402,0.07216494845360824,0.010309278350515464,0.0,0.010309278350515464,0.0,0.0,0.0,0.0,0.6391752577319587,0.16494845360824742,0.041237113402061855,0.10309278350515463,0.010309278350515464,0.010309278350515464,0.010309278350515464,0.010309278350515464,0.0,0.010309278350515464,0.0,0.32989690721649484,0.1958762886597938,0.1958762886597938,0.27835051546391754,0.0,0.0006443298969072165,0.9175257731958762
N6C,NT,data/nt,97,200,200,200,1.0,18.90721649484536,17.68806602998092,1,7,14,25,37,117,20.123711340206185,17.744613082354,1,8,14,25,46,86,2.898663016198728,1.4725659496527643,1.0,1.5714285714285714,2.7777777777777777,3.5714285714285716,5.285714285714286,6.571428571428571,412.37113402061857,515.5084032350302,3,70,208,456,1298,2340,0.6288659793814433,0.865979381443299,0.010309278350515464,0.1134020618556701,0.44329896907216493,0.1015961436744607,0.585,0.43,1,0,93,0.020618556701030927,5.042442095208106,0.6494845360824743,0.26804123711340205,0.041237113402061855,0.030927835051546393,0.0,0.010309278350515464,0.0,0.0,0.0,0.0,0.5567010309278351,0.1958762886597938,0.030927835051546393,0.08247422680412371,0.010309278350515464,0.05154639175257732,0.030927835051546393,0.010309278350515464,0.020618556701030927,0.010309278350515464,0.0,0.30927835051546393,0.24742268041237114,0.23711340206185566,0.20618556701030927,0.0,0.0,0.9175257731958762
N6D,NT,data/nt,97,200,200,200,1.0,20.082474226804123,17.48322913808249,1,7,15,26,42,97,19.88659793814433,17.02446770965569,1,9,14,26,36,98,2.7031259091816215,1.5391131412323398,1.0,1.55,2.2142857142857144,3.5,5.0,6.888888888888889,412.37113402061857,471.65126291141263,1,98,297,540,988,2444,0.4742268041237113,0.8865979381443299,0,0.10309278350515463,0.3402061855670103,0.04367331966358998,0.485,0.49,0,0,95,0.020618556701030927,5.162129110408485,0.6185567010309279,0.25773195876288657,0.08247422680412371,0.030927835051546393,0.010309278350515464,0.0,0.0,0.0,0.0,0.0,0.4536082474226804,0.26804123711340205,0.12371134020618557,0.05154639175257732,0.030927835051546393,0.030927835051546393,0.0,0.010309278350515464,0.010309278350515464,0.020618556701030927,0.0,0.422680412371134,0.23711340206185566,0.13402061855670103,0.20618556701030927,0.0,0.0002147766323024055,0.9587628865979382
N6E,NT,data/nt,97,200,200,200,1.0,21.52577319587629,21.226366012412246,1,7,15,26,49,108,18.917525773195877,18.720775219152564,1,9,13,22,40,106,3.167773917604444,1.6056395657239417,1.0,1.6363636363636365,3.0,4.1875,5.578947368421052,6.875,412.37113402061857,525.6680250584176,1,80,189,550,1072,2610,0.6082474226804123,0.9072164948453608,0.020618556701030927,0.1134020618556701,0.5051546391752577,0.012977105828218621,0.54,0.53,1,1,94,0.020618556701030927,5.201738523189379,0.6288659793814433,0.23711340206185566,0.05154639175257732,0.05154639175257732,0.020618556701030927,0.010309278350515464,0.0,0.0,0.0,0.0,0.5876288659793815,0.15463917525773196,0.1134020618556701,0.041237113402061855,0.030927835051546393,0.010309278350515464,0.010309278350515464,0.041237113402061855,0.0,0.010309278350515464,0.0,0.28865979381443296,0.20618556701030927,0.18556701030927836,0.31958762886597936,0.000429553264604811,0.000429553264604811,0.9381443298969072
N7A,NT,data/nt,197,200,200,200,1.0,12.913705583756345,13.271765571903106,1,5,10,16,26,93,13.604060913705585,13.266330182228382,1,5,9,17,33,67,2.773933820266924,1.5436144377602794,1.0,1.5294117647058822,2.2,3.6,5.333333333333333,6.833333333333333,203.0456852791878,300.5522209313448,1,28,80,240,561,1748,0.7715736040609137,0.9695431472081218,0,0.1218274111675127,0.39593908629441626,0.15543373191904794,0.465,0.335,0,0,164,0.015228426395939087,4.746312623104743,0.8578680203045685,0.10152284263959391,0.025380710659898477,0.005076142131979695,0.01015228426395939,0.0,0.0,0.0,0.0,0.0,0.6548223350253807,0.17766497461928935,0.05583756345177665,0.04060913705583756,0.03553299492385787,0.01015228426395939,0.0,0.005076142131979695,0.005076142131979695,0.015228426395939087,0.0,0.39086294416243655,0.2131979695431472,0.18274111675126903,0.2131979695431472,0.0,0.0,0.6903553299492385
N7B,NT,data/nt,197,200,200,200,1.0,13.248730964467006,13.604420784693877,1,4,9,18,33,83,13.791878172588833,14.46305761444523,1,4,9,17,32,79,3.049575079129424,1.59500755668728,1.0,1.75,2.75,4.0,5.666666666666667,6.875,203.0456852791878,300.0151145839908,1,25,80,264,546,1800,0.8020304568527918,0.9644670050761421,0,0.1218274111675127,0.4873096446700508,0.10327629969786246,0.415,0.395,0,0,164,0.025380710659898477,4.76279847018296,0.7918781725888325,0.13705583756345177,0.06091370558375635,0.005076142131979695,0.005076142131979695,0.0,0.0,0.0,0.0,0.0,0.6700507614213198,0.16751269035532995,0.06091370558375635,0.04060913705583756,0.025380710659898477,0.005076142131979695,0.005076142131979695,0.015228426395939087,0.0,0.01015228426395939,0.0,0.29441624365482233,0.2182741116751269,0.18274111675126903,0.30456852791878175,0.0,0.0,0.7106598984771574
N7C,NT,data/nt,197,200,200,200,1.0,13.223350253807107,13.62965052917253,1,4,9,16,29,66,13.695431472081218,13.70422253063492,1,5,9,18,31,74,2.9900086363157428,1.5481242859577407,1.0,1.75,2.727272727272727,4.0,5.285714285714286,6.8,203.0456852791878,270.0941609529454,2,24,90,260,627,1302,0.766497461928934,0.9746192893401016,0,0.116751269035533,0.45685279187817257,0.11749521260596621,0.33,0.37,0,0,154,0.015228426395939087,4.8233860743321815,0.817258883248731,0.1218274111675127,0.03553299492385787,0.025380710659898477,0.0,0.0,0.0,0.0,0.0,0.0,0.5939086294416244,0.15736040609137056,0.07106598984771574,0.050761421319796954,0.030456852791878174,0.030456852791878174,0.03553299492385787,0.015228426395939087,0.01015228426395939,0.005076142131979695,0.0,0.28426395939086296,0.25888324873096447,0.18274111675126903,0.27411167512690354,0.0,0.0,0.6142131979695431
N7D,NT,data/nt,197,200,200,200,1.0,12.294416243654823,12.633233879861857,1,4,8,15,30,74,15.624365482233502,15.03434360195182,1,5,11,20,35,85,3.1853607293284347,1.6148930390953593,1.0,1.8,2.9545454545454546,4.5,5.666666666666667,6.833333333333333,203.0456852791878,267.9830908828945,2,26,99,256,539,1650,0.7614213197969543,0.9746192893401016,0,0.10152284263959391,0.49746192893401014,0.05766911654536165,0.37,0.425,0,0,166,0.02030456852791878,4.660629726296631,0.8375634517766497,0.116751269035533,0.030456852791878174,0.015228426395939087,0.0,0.0,0.0,0.0,0.0,0.0,0.6294416243654822,0.15736040609137056,0.07614213197969544,0.07106598984771574,0.025380710659898477,0.02030456852791878,0.005076142131979695,0.0,0.01015228426395939,0.005076142131979695,0.0,0.27411167512690354,0.22842639593908629,0.15736040609137056,0.3401015228426396,0.0,0.0,0.7055837563451777
N7E,NT,data/nt,197,200,200,200,1.0,14.126903553299492,13.286730033403469,1,5,10,18,32,80,13.3248730964467,12.227788964217474,1,6,10,16,27,102,2.935766420976744,1.60198388348511,1.0,1.5,2.5,4.166666666666667,5.5,6.833333333333333,203.0456852791878,272.3584398183145,1,30,105,264,516,1836,0.7309644670050761,0.9695431472081218,0.005076142131979695,0.1218274111675127,0.4213197969543147,0.09113517225998741,0.4,0.51,0,1,172,0.02030456852791878,4.969041721940658,0.7868020304568528,0.15736040609137056,0.04060913705583756,0.015228426395939087,0.0,0.0,0.0,0.0,0.0,0.0,0.6751269035532995,0.16243654822335024,0.07614213197969544,0.04060913705583756,0.015228426395939087,0.015228426395939087,0.005076142131979695,0.0,0.005076142131979695,0.005076142131979695,0.0,0.34517766497461927,0.233502538071066,0.14720812182741116,0.27411167512690354,0.0,0.0,0.7766497461928934
T1A,NT,data/nt,17,200,200,200,1.0,53.411764705882355,32.41470041151339,10,29,50,81,102,119,48.411764705882355,40.28290956184975,11,25,37,55,103,178,2.9914270275343027,1.0382348584312822,1.5625,2.239130434782609,2.8461538461538463,3.423076923076923,4.545454545454546,5.95,2352.9411764705883,2152.7940113636796,370,550,1740,3116,4738,9256,0.058823529411764705,0.35294117647058826,0.23529411764705882,0,0.4117647058823529,-0.1782999067408189,0.595,0.89,2,2,17,0.058823529411764705,3.9698157824268097,0.17647058823529413,0.23529411764705882,0.23529411764705882,0.058823529411764705,0.17647058823529413,0.11764705882352941,0.0,0.0,0.0,0.0,0.29411764705882354,0.29411764705882354,0.11764705882352941,0.058823529411764705,0.11764705882352941,0.058823529411764705,0.0,0.0,0.0,0.058823529411764705,0.0,0.11764705882352941,0.47058823529411764,0.29411764705882354,0.11764705882352941,0.022058823529411766,0.04411764705882353,1
T1B,NT,data/nt,17,200,200,200,1.0,52.94117647058823,40.56435785301774,16,25,36,71,129,146,47.294117647058826,33.86090007122105,12,22,34,54,109,137,2.689128828443398,1.295508950860773,1.0344827586206897,1.7058823529411764,2.4,3.227272727272727,5.2272727272727275,5.84,2352.9411764705883,2147.81438760397,352,836,1275,3650,5676,7830,0,0.35294117647058826,0.29411764705882354,0.058823529411764705,0.29411764705882354,-0.1098362110916694,0.73,0.685,3,2,17,0.058823529411764705,3.7345216647797512,0.23529411764705882,0.29411764705882354,0.17647058823529413,0.058823529411764705,0.058823529411764705,0.058823529411764705,0.058823529411764705,0.058823529411764705,0.0,0.0,0.23529411764705882,0.35294117647058826,0.058823529411764705,0.058823529411764705,0.058823529411764705,0.0,0.11764705882352941,0.058823529411764705,0.0,0.058823529411764705,0.0,0.29411764705882354,0.4117647058823529,0.17647058823529413,0.11764705882352941,0.022058823529411766,0.022058823529411766,1
T1C,NT,data/nt,17,200,200,200,1.0,41.529411764705884,44.60297754115001,7,15,21,37,118,167,48.588235294117645,35.64540862031662,2,14,64,70,90,125,3.365651307251198,1.542740233915443,1.2549019607843137,2.0,3.5,4.0,6.166666666666667,6.923076923076923,2352.9411764705883,3008.0477247189497,16,222,1170,3264,8968,9324,0.29411764705882354,0.6470588235294118,0.23529411764705882,0,0.5882352941176471,0.21076933583176738,0.835,0.625,3,1,17,0.058823529411764705,3.9698157824268097,0.47058823529411764,0.29411764705882354,0.058823529411764705,0.0,0.0,0.11764705882352941,0.0,0.0,0.058823529411764705,0.0,0.4117647058823529,0.29411764705882354,0.0,0.058823529411764705,0.058823529411764705,0.0,0.0,0.058823529411764705,0.0,0.11764705882352941,0.0,0.23529411764705882,0.17647058823529413,0.29411764705882354,0.29411764705882354,0.029411764705882353,0.04411764705882353,1
T1D,NT,data/nt,17,200,200,200,1.0,50.23529411764706,46.532126045617765,5,22,32,59,154,178,42,41.64980050796091,8,17,22,47,142,153,2.7373591371331685,1.7164275611679634,1.0508474576271187,1.6,2.090909090909091,3.276595744680851,6.7272727272727275,6.954545454545454,2352.9411764705883,2933.7959243873042,95,462,714,3366,7238,10324,0.17647058823529413,0.47058823529411764,0.23529411764705882,0.11764705882352941,0.4117647058823529,0.12541387017566583,0.89,0.765,2,2,17,0.058823529411764705,3.85216872360328,0.17647058823529413,0.4117647058823529,0.17647058823529413,0.11764705882352941,0.0,0.0,0.0,0.058823529411764705,0.058823529411764705,0.0,0.6470588235294118,0.0,0.0,0.17647058823529413,0.0,0.0,0.058823529411764705,0.058823529411764705,0.0,0.058823529411764705,0.0,0.47058823529411764,0.11764705882352941,0.29411764705882354,0.11764705882352941,0.0661764705882353,0.029411764705882353,1
T1E,NT,data/nt,17,200,200,200,1.0,60.294117647058826,42.52994060366021,7,26,44,95,121,151,42.94117647058823,33.06939332806856,5,20,32,60,83,139,3.4224412094115846,1.5880553500502004,1.3174603174603174,2.0952380952380953,3.3636363636363638,4.75,5.761904761904762,6.04,2352.9411764705883,1839.0089872981378,100,407,2418,3775,5229,6466,0.17647058823529413,0.4117647058823529,0.29411764705882354,0,0.5294117647058824,-0.16791280209114853,0.755,0.695,4,1,17,0.058823529411764705,4.087462841250339,0.17647058823529413,0.29411764705882354,0.058823529411764705,0.11764705882352941,0.11764705882352941,0.11764705882352941,0.058823529411764705,0.058823529411764705,0.0,0.0,0.29411764705882354,0.058823529411764705,0.058823529411764705,0.17647058823529413,0.11764705882352941,0.058823529411764705,0.11764705882352941,0.0,0.058823529411764705,0.058823529411764705,0.0,0.23529411764705882,0.23529411764705882,0.11764705882352941,0.4117647058823529,0.04411764705882353,0.022058823529411766,1
T2A,NT,data/nt,25,200,200,200,1.0,41.76,32.951212420789616,4,16,27,62,82,117,35.2,30.243015722642475,3,17,31,36,75,150,3.2270361204493083,1.5645613351282777,1.2432432432432432,1.878787878787879,3.0,4.230769230769231,5.333333333333333,6.882352941176471,1600,2051.0953366433264,48,182,935,1989,4104,9600,0.28,0.52,0.12,0,0.52,0.13049899993427774,0.585,0.75,2,1,25,0.04,4.403856189774725,0.32,0.24,0.16,0.12,0.08,0.08,0.0,0.0,0.0,0.0,0.52,0.2,0.12,0.04,0.04,0.04,0.0,0.0,0.0,0.04,0.0,0.28,0.2,0.24,0.28,0.02,0.006666666666666667,1
T2B,NT,data/nt,25,200,200,200,1.0,43.92,32.74864271996627,7,17,30,69,97,120,36.96,33.56483874532991,6,18,26,43,56,180,2.7974163773299203,1.2862686581868032,1.2444444444444445,1.6470588235294117,2.606060606060606,3.65,4.888888888888889,6.176470588235294,1600,1623.9525362522145,138,476,760,2425,4284,6300,0.2,0.56,0.12,0,0.4,-0.02118189439393491,0.6,0.9,2,1,25,0.04,4.563856189774725,0.28,0.32,0.12,0.08,0.12,0.08,0.0,0.0,0.0,0.0,0.32,0.24,0.16,0.08,0.04,0.04,0.04,0.0,0.04,0.04,0.0,0.4,0.2,0.28,0.12,0.016666666666666666,0.03666666666666667,1
T2C,NT,data/nt,25,200,200,200,1.0,37.8,27.679595372765117,11,18,29,54,75,129,43.92,30.199231778308533,5,21,34,69,93,112,2.8068969914696895,1.6711267087359947,1.075,1.5,2.4166666666666665,4.161290322580645,4.833333333333333,6.909090909090909,1600,1304.7258409336423,120,297,1428,2242,3726,4118,0.08,0.48,0.08,0.12,0.32,-0.07198925572582328,0.645,0.56,1,1,25,0.04,4.213660689688186,0.36,0.32,0.2,0.04,0.04,0.0,0.04,0.0,0.0,0.0,0.32,0.0,0.12,0.12,0.16,0.04,0.0,0.04,0.08,0.12,0.0,0.44,0.24,0.04,0.28,0.0033333333333333335,0.01,1
T2D,NT,data/nt,25,200,200,200,1.0,40.52,21.466476189631123,13,21,38,51,68,97,40.56,22.021952683629124,10,22,40,57,67,96,2.1950916392970434,1.0374179744194736,1.027027027027027,1.4333333333333333,1.9142857142857144,2.6944444444444446,3.642857142857143,5.153846153846154,1600,1093.395628306607,130,760,1224,2784,3450,3645,0.04,0.36,0,0.16,0.24,-0.09199936008421308,0.485,0.48,0,0,25,0.04,4.373660689688186,0.2,0.36,0.28,0.08,0.08,0.0,0.0,0.0,0.0,0.0,0.08,0.16,0.12,0.32,0.0,0.0,0.04,0.08,0.08,0.12,0.0,0.6,0.16,0.2,0.04,0.0,0.0,1
T2E,NT,data/nt,25,200,200,200,1.0,39.28,28.342928571338565,7,17,29,46,90,119,41.92,28.34490430394853,6,23,32,50,89,112,2.7047036437072047,1.5464320964543146,1.0232558139534884,1.625,2.090909090909091,3.1875,5.555555555555555,6.611111111111111,1600,1414.912124479821,102,450,928,2627,3264,6016,0.16,0.44,0.12,0.16,0.32,-0.05802701010490556,0.595,0.56,2,1,25,0.04,4.053660689688186,0.28,0.36,0.16,0.08,0.04,0.08,0.0,0.0,0.0,0.0,0.36,0.2,0.04,0.08,0.2,0.08,0.0,0.0,0.0,0.04,0.0,0.4,0.28,0.12,0.2,0.006666666666666667,0.013333333333333334,1
T3A,NT,data/nt,29,200,200,200,1.0,40.03448275862069,30.308167510357826,11,20,33,50,65,165,38.48275862068966,28.50725338994074,5,19,32,48,89,132,2.9137725819909654,1.3869651808272276,1.03125,1.96875,2.75,3.8,4.852941176470588,6.6,1379.3103448275863,1254.9663576600378,95,564,756,2016,3575,5610,0.06896551724137931,0.5862068965517241,0.10344827586206896,0.10344827586206896,0.4482758620689655,-0.18672049091307813,0.825,0.66,1,2,29,0.034482758620689655,4.582118926162055,0.3103448275862069,0.3103448275862069,0.20689655172413793,0.10344827586206896,0.034482758620689655,0.0,0.0,0.0,0.034482758620689655,0.0,0.2413793103448276,0.41379310344827586,0.034482758620689655,0.13793103448275862,0.034482758620689655,0.034482758620689655,0.06896551724137931,0.0,0.0,0.034482758620689655,0.0,0.3103448275862069,0.2413793103448276,0.27586206896551724,0.1724137931034483,0.019704433497536946,0.0049261083743842365,1
T3B,NT,data/nt,29,200,200,200,1.0,41.96551724137931,41.983151594847065,7,14,23,55,110,159,37.758620689655174,31.143334010184535,6,19,28,46,93,154,3.4521083895828837,1.7914455859765317,1.0476190476190477,1.8888888888888888,2.7142857142857144,5.238095238095238,6.2,6.913043478260869,1379.3103448275863,1536.9169116582914,132,392,608,1900,3657,7084,0.27586206896551724,0.6206896551724138,0.13793103448275862,0.034482758620689655,0.4827586206896552,-0.15697930287542686,0.795,0.77,3,1,29,0.034482758620689655,4.32316116739216,0.41379310344827586,0.3103448275862069,0.034482758620689655,0.034482758620689655,0.10344827586206896,0.034482758620689655,0.0,0.06896551724137931,0.0,0.0,0.5172413793103449,0.1724137931034483,0.06896551724137931,0.10344827586206896,0.034482758620689655,0.06896551724137931,0.0,0.0,0.0,0.034482758620689655,0.0,0.27586206896551724,0.2413793103448276,0.10344827586206896,0.3793103448275862,0.019704433497536946,0.014778325123152709,1
T3C,NT,data/nt,29,200,200,200,1.0,38.793103448275865,26.503583765928227,6,21,35,44,86,112,34.55172413793103,23.262499357070237,4,14,33,47,72,94,2.668220519636148,1.3701021912012963,1.0,1.5,2.4375,3.5,5.090909090909091,6.2,1379.3103448275863,1423.0468066901087,24,410,1155,1656,2520,6438,0.20689655172413793,0.4827586206896552,0.06896551724137931,0.1724137931034483,0.3448275862068966,0.06316177583507022,0.56,0.47,2,0,29,0.034482758620689655,4.651084443403434,0.20689655172413793,0.4482758620689655,0.1724137931034483,0.06896551724137931,0.034482758620689655,0.06896551724137931,0.0,0.0,0.0,0.0,0.4482758620689655,0.10344827586206896,0.20689655172413793,0.1724137931034483,0.0,0.0,0.0,0.0,0.034482758620689655,0.034482758620689655,0.0,0.41379310344827586,0.2413793103448276,0.13793103448275862,0.20689655172413793,0.0049261083743842365,0.0,1
T3D,NT,data/nt,29,200,200,200,1.0,35.03448275862069,28.287297939754893,7,15,26,44,90,119,37.44827586206897,28.491482341093903,6,16,28,48,89,112,2.6004067892029625,1.4805663603336237,1.0,1.625,2.090909090909091,3.1785714285714284,5.555555555555555,6.611111111111111,1379.3103448275863,1419.2766273934756,64,253,624,2492,3264,6016,0.2413793103448276,0.5517241379310345,0.10344827586206896,0.1724137931034483,0.27586206896551724,0.08354068647636397,0.595,0.56,2,1,28,0.06896551724137931,4.32316116739216,0.41379310344827586,0.27586206896551724,0.13793103448275862,0.06896551724137931,0.034482758620689655,0.06896551724137931,0.0,0.0,0.0,0.0,0.4827586206896552,0.13793103448275862,0.034482758620689655,0.06896551724137931,0.1724137931034483,0.06896551724137931,0.0,0.0,0.0,0.034482758620689655,0.0,0.3793103448275862,0.3448275862068966,0.10344827586206896,0.1724137931034483,0.0049261083743842365,0.009852216748768473,0.9310344827586207
T3E,NT,data/nt,29,200,200,200,1.0,36.51724137931034,31.444116482348953,5,14,24,52,84,143,40.51724137931034,25.303155983687873,6,21,38,47,77,107,2.9596068480724136,1.625406934135924,1.0256410256410255,1.54,2.878787878787879,4.2,5.6,6.6875,1379.3103448275863,1109.384828086961,60,376,1430,2160,3135,3850,0.20689655172413793,0.5172413793103449,0.06896551724137931,0.13793103448275862,0.41379310344827586,-0.12602197017054767,0.715,0.535,1,1,29,0.034482758620689655,4.720049960644813,0.41379310344827586,0.27586206896551724,0.10344827586206896,0.10344827586206896,0.06896551724137931,0.0,0.0,0.034482758620689655,0.0,0.0,0.27586206896551724,0.13793103448275862,0.034482758620689655,0.10344827586206896,0.1724137931034483,0.034482758620689655,0.10344827586206896,0.034482758620689655,0.034482758620689655,0.06896551724137931,0.0,0.41379310344827586,0.1724137931034483,0.13793103448275862,0.27586206896551724,0.009852216748768473,0.0024630541871921183,1
T4A,NT,data/nt,49,200,200,200,1.0,29.877551020408163,23.64588470305677,4,12,22,38,62,104,26.285714285714285,20.523754281220537,2,13,20,35,52,101,2.932097867093105,1.6742358641251667,1.0,1.4857142857142858,2.5454545454545454,4.0,5.777777777777778,6.8,816.3265306122449,956.9239704461864,22,220,444,868,2296,4230,0.3469387755102041,0.7551020408163265,0.04081632653061224,0.16326530612244897,0.40816326530612246,0.06382363978841904,0.52,0.505,1,1,49,0.02040816326530612,5.068691731826157,0.4897959183673469,0.2653061224489796,0.10204081632653061,0.10204081632653061,0.02040816326530612,0.02040816326530612,0.0,0.0,0.0,0.0,0.46938775510204084,0.2653061224489796,0.08163265306122448,0.04081632653061224,0.04081632653061224,0.02040816326530612,0.02040816326530612,0.0,0.04081632653061224,0.02040816326530612,0.0,0.3877551020408163,0.20408163265306123,0.12244897959183673,0.2857142857142857,0.0008503401360544217,0.0008503401360544217,1
T4B,NT,data/nt,49,200,200,200,1.0,30.959183673469386,20.60211915360469,5,16,27,40,56,109,25.163265306122447,21.27981408041338,2,11,18,32,51,102,2.8915679552708564,1.6312802588782132,1.15625,1.5555555555555556,2.375,3.6,6.0,6.833333333333333,816.3265306122449,914.2741157245357,10,198,480,1008,2024,3825,0.32653061224489793,0.7551020408163265,0.04081632653061224,0.04081632653061224,0.3673469387755102,0.08506293349979643,0.545,0.51,1,1,49,0.02040816326530612,5.053285864435066,0.3673469387755102,0.3877551020408163,0.1836734693877551,0.04081632653061224,0.0,0.02040816326530612,0.0,0.0,0.0,0.0,0.4489795918367347,0.24489795918367346,0.061224489795918366,0.04081632653061224,0.08163265306122448,0.04081632653061224,0.02040816326530612,0.02040816326530612,0.0,0.04081632653061224,0.0,0.3673469387755102,0.2653061224489796,0.14285714285714285,0.22448979591836735,0.0,0.0008503401360544217,1
T4C,NT,data/nt,49,200,200,200,1.0,27.46938775510204,21.956452299593845,2,11,20,41,58,105,27.79591836734694,25.622837064982523,2,10,20,29,74,105,2.671043758155364,1.4000019578768061,1.0,1.4,2.25,3.6,4.923076923076923,5.5,816.3265306122449,898.9345936061427,12,133,450,1160,2592,3362,0.3673469387755102,0.6938775510204082,0.061224489795918366,0.12244897959183673,0.3469387755102041,0.0938338577375026,0.525,0.525,1,2,47,0.04081632653061224,4.800948558790163,0.5102040816326531,0.22448979591836735,0.20408163265306123,0.04081632653061224,0.0,0.02040816326530612,0.0,0.0,0.0,0.0,0.40816326530612246,0.20408163265306123,0.08163265306122448,0.10204081632653061,0.04081632653061224,0.02040816326530612,0.02040816326530612,0.08163265306122448,0.02040816326530612,0.02040816326530612,0.0,0.42857142857142855,0.22448979591836735,0.10204081632653061,0.24489795918367346,0.0,0.0008503401360544217,0.9183673469387755
T4D,NT,data/nt,49,200,200,200,1.0,28.46938775510204,18.579231372709323,4,15,25,37,57,93,27.693877551020407,22.515485901324922,3,11,20,41,71,86,2.6908276588812705,1.5013588914896305,1.0,1.5714285714285714,2.0,3.5555555555555554,5.333333333333333,6.777777777777778,816.3265306122449,837.427679186421,32,253,549,1104,1988,4214,0.32653061224489793,0.7142857142857143,0,0.14285714285714285,0.3469387755102041,0.0666923982208764,0.465,0.43,0,0,49,0.02040816326530612,5.175734844026903,0.3877551020408163,0.3877551020408163,0.1836734693877551,0.02040816326530612,0.02040816326530612,0.0,0.0,0.0,0.0,0.0,0.42857142857142855,0.22448979591836735,0.12244897959183673,0.061224489795918366,0.10204081632653061,0.02040816326530612,0.02040816326530612,0.0,0.0,0.02040816326530612,0.0,0.42857142857142855,0.22448979591836735,0.14285714285714285,0.20408163265306123,0.0,0.0,1
T4E,NT,data/nt,49,200,200,200,1.0,27.142857142857142,23.78903880670547,3,12,20,37,67,110,31.06122448979592,26.31551739266173,5,13,22,41,76,115,3.1134876417534216,1.6928136873108823,1.0,1.7777777777777777,2.75,3.8,6.133333333333334,6.928571428571429,816.3265306122449,856.9727542582813,18,150,437,1170,1824,3520,0.3673469387755102,0.7551020408163265,0.04081632653061224,0.04081632653061224,0.46938775510204084,-0.042752326504405955,0.55,0.575,1,1,49,0.02040816326530612,4.915431017452138,0.5306122448979592,0.2653061224489796,0.04081632653061224,0.14285714285714285,0.0,0.02040816326530612,0.0,0.0,0.0,0.0,0.40816326530612246,0.12244897959183673,0.14285714285714285,0.20408163265306123,0.0,0.04081632653061224,0.0,0.04081632653061224,0.0,0.04081632653061224,0.0,0.3469387755102041,0.1836734693877551,0.24489795918367346,0.22448979591836735,0.0,0.002551020408163265,1
T5A,NT,data/nt,73,200,200,200,1.0,24.835616438356166,21.73502551664122,1,9,18,33,58,91,22.835616438356166,20.625834112568196,2,9,16,27,55,96,3.2617722076733364,1.4514337726110778,1.125,2.0,3.0,4.2,5.666666666666667,6.769230769230769,547.945205479452,601.6069551662529,5,100,324,840,1323,2700,0.5205479452054794,0.8356164383561644,0,0.0273972602739726,0.5342465753424658,-0.042809002395902726,0.455,0.48,0,0,70,0.0273972602739726,5.120795791519637,0.5616438356164384,0.2465753424657534,0.0958904109589041,0.0547945205479452,0.0410958904109589,0.0,0.0,0.0,0.0,0.0,0.4520547945205479,0.2054794520547945,0.0684931506849315,0.1095890410958904,0.0821917808219178,0.0136986301369863,0.0273972602739726,0.0136986301369863,0.0,0.0273972602739726,0.0,0.2465753424657534,0.2191780821917808,0.2465753424657534,0.2876712328767123,0.0,0.0,0.9178082191780822
T5B,NT,data/nt,73,200,200,200,1.0,25.397260273972602,21.416764478162413,2,9,20,33,57,106,21.47945205479452,22.068454886321767,1,9,13,26,38,103,3.3140080494181325,1.5986832538034912,1.0,1.75,3.0,4.555555555555555,5.75,6.888888888888889,547.945205479452,700.1317662756386,6,99,320,671,1260,3708,0.5616438356164384,0.8082191780821918,0.0410958904109589,0.0410958904109589,0.5342465753424658,0.005132864919498771,0.53,0.515,1,2,72,0.0273972602739726,5.093398531245665,0.5205479452054794,0.3013698630136986,0.1095890410958904,0.0273972602739726,0.0273972602739726,0.0136986301369863,0.0,0.0,0.0,0.0,0.5753424657534246,0.2054794520547945,0.0821917808219178,0.0410958904109589,0.0273972602739726,0.0136986301369863,0.0136986301369863,0.0273972602739726,0.0,0.0136986301369863,0.0,0.2602739726027397,0.2054794520547945,0.1917808219178082,0.3424657534246575,0.00076103500761035,0.000380517503805175,0.9726027397260274
T5C,NT,data/nt,73,200,200,200,1.0,24.328767123287673,19.97673632930129,2,9,21,32,52,112,21.534246575342465,17.307914249418616,2,9,17,33,41,94,2.96683334634789,1.5821342683818942,1.0,1.5909090909090908,2.5,4.0,5.5,6.4,547.945205479452,584.9835939722914,14,100,350,782,1482,2464,0.5068493150684932,0.7671232876712328,0.0136986301369863,0.136986301369863,0.4383561643835616,0.0695390982378326,0.56,0.47,1,0,73,0.0136986301369863,5.155797936203798,0.4931506849315068,0.3287671232876712,0.1232876712328767,0.0410958904109589,0.0,0.0136986301369863,0.0,0.0,0.0,0.0,0.4383561643835616,0.1780821917808219,0.0821917808219178,0.1232876712328767,0.0410958904109589,0.0273972602739726,0.0684931506849315,0.0,0.0,0.0410958904109589,0.0,0.3424657534246575,0.2191780821917808,0.1780821917808219,0.2602739726027397,0.0,0.0,1
T5D,NT,data/nt,73,200,200,200,1.0,22.54794520547945,18.310892855010717,1,11,17,29,47,97,25.424657534246574,18.962051365978443,1,12,20,34,56,81,3.02163984386935,1.6013075965738068,1.0,1.6875,2.6923076923076925,4.0,5.4,6.75,547.945205479452,583.8132533659883,3,187,391,660,1148,3196,0.3561643835616438,0.9178082191780822,0,0.0684931506849315,0.4246575342465753,-0.07294843738617889,0.485,0.405,0,0,71,0.0273972602739726,5.059639716907169,0.6301369863013698,0.2328767123287671,0.0821917808219178,0.0273972602739726,0.0273972602739726,0.0,0.0,0.0,0.0,0.0,0.410958904109589,0.3150684931506849,0.1095890410958904,0.0958904109589041,0.0136986301369863,0.0273972602739726,0.0,0.0,0.0,0.0273972602739726,0.0,0.3150684931506849,0.2602739726027397,0.1643835616438356,0.2602739726027397,0.0,0.0,0.9452054794520548
T5E,NT,data/nt,73,200,200,200,1.0,21.671232876712327,16.93667075573692,2,8,18,27,46,83,23.136986301369863,18.94282317453579,3,10,16,30,51,91,2.6798901497417815,1.4971868584140726,1.0,1.5,2.111111111111111,3.5384615384615383,5.166666666666667,6.666666666666667,547.945205479452,672.1850057306153,14,114,264,702,1530,3276,0.4520547945205479,0.8082191780821918,0,0.0821917808219178,0.3698630136986301,0.14505633909661392,0.415,0.455,0,0,71,0.0273972602739726,4.978815956223743,0.589041095890411,0.2876712328767123,0.0684931506849315,0.0410958904109589,0.0136986301369863,0.0,0.0,0.0,0.0,0.0,0.5342465753424658,0.2054794520547945,0.0958904109589041,0.0136986301369863,0.0547945205479452,0.0547945205479452,0.0136986301369863,0.0,0.0,0.0273972602739726,0.0,0.4520547945205479,0.1780821917808219,0.1506849315068493,0.2191780821917808,0.0,0.0,0.9452054794520548
T6A,NT,data/nt,97,200,200,200,1.0,18.010309278350515,16.200734898286345,1,9,15,22,36,101,21.216494845360824,21.33494631129039,1,6,12,33,49,104,3.191279072207254,1.6489385454087861,1.0,1.6666666666666667,3.0,4.545454545454546,5.6,6.933333333333334,412.37113402061857,564.3825258239442,4,51,238,528,1120,3737,0.5567010309278351,0.8969072164948454,0.020618556701030927,0.10309278350515463,0.5051546391752577,0.08753426015810149,0.505,0.52,1,1,89,0.020618556701030927,4.953646445186589,0.7010309278350515,0.23711340206185566,0.041237113402061855,0.0,0.010309278350515464,0.010309278350515464,0.0,0.0,0.0,0.0,0.6597938144329897,0.16494845360824742,0.08247422680412371,0.05154639175257732,0.020618556701030927,0.0,0.010309278350515464,0.0,0.0,0.010309278350515464,0.0,0.31958762886597936,0.17525773195876287,0.18556701030927836,0.31958762886597936,0.0002147766323024055,0.0002147766323024055,0.8350515463917526
T6B,NT,data/nt,97,200,200,200,1.0,18.90721649484536,17.68806602998092,1,7,14,25,37,117,20.123711340206185,17.744613082354,1,8,14,25,46,86,2.898663016198728,1.4725659496527643,1.0,1.5714285714285714,2.7777777777777777,3.5714285714285716,5.285714285714286,6.571428571428571,412.37113402061857,515.5084032350302,3,70,208,456,1298,2340,0.6288659793814433,0.865979381443299,0.010309278350515464,0.1134020618556701,0.44329896907216493,0.1015961436744607,0.585,0.43,1,0,93,0.020618556701030927,5.042442095208106,0.6494845360824743,0.26804123711340205,0.041237113402061855,0.030927835051546393,0.0,0.010309278350515464,0.0,0.0,0.0,0.0,0.5567010309278351,0.1958762886597938,0.030927835051546393,0.08247422680412371,0.010309278350515464,0.05154639175257732,0.030927835051546393,0.010309278350515464,0.020618556701030927,0.010309278350515464,0.0,0.30927835051546393,0.24742268041237114,0.23711340206185566,0.20618556701030927,0.0,0.0,0.9175257731958762
T6C,NT,data/nt,97,200,200,200,1.0,21.52577319587629,21.226366012412246,1,7,15,26,49,108,18.917525773195877,18.720775219152564,1,9,13,22,40,106,3.167773917604444,1.6056395657239417,1.0,1.6363636363636365,3.0,4.1875,5.578947368421052,6.875,412.37113402061857,525.6680250584176,1,80,189,550,1072,2610,0.6082474226804123,0.9072164948453608,0.020618556701030927,0.1134020618556701,0.5051546391752577,0.012977105828218621,0.54,0.53,1,1,94,0.020618556701030927,5.201738523189379,0.6288659793814433,0.23711340206185566,0.05154639175257732,0.05154639175257732,0.020618556701030927,0.010309278350515464,0.0,0.0,0.0,0.0,0.5876288659793815,0.15463917525773196,0.1134020618556701,0.041237113402061855,0.030927835051546393,0.010309278350515464,0.010309278350515464,0.041237113402061855,0.0,0.010309278350515464,0.0,0.28865979381443296,0.20618556701030927,0.18556701030927836,0.31958762886597936,0.000429553264604811,0.000429553264604811,0.9381443298969072
T6D,NT,data/nt,97,200,200,200,1.0,18.20618556701031,16.91515403316106,2,7,13,23,37,110,20.670103092783506,21.962349061018763,1,7,12,24,55,116,3.0991330307785057,1.6298801095737925,1.0,1.5714285714285714,2.857142857142857,4.2,6.0,6.875,412.37113402061857,575.5032279251978,4,72,147,504,1127,3468,0.6082474226804123,0.8762886597938144,0.030927835051546393,0.10309278350515463,0.4742268041237113,0.09703294579026121,0.55,0.58,1,2,93,0.020618556701030927,4.9126473481381785,0.6804123711340206,0.2268041237113402,0.07216494845360824,0.010309278350515464,0.0,0.010309278350515464,0.0,0.0,0.0,0.0,0.6391752577319587,0.16494845360824742,0.041237113402061855,0.10309278350515463,0.010309278350515464,0.010309278350515464,0.010309278350515464,0.010309278350515464,0.0,0.010309278350515464,0.0,0.32989690721649484,0.1958762886597938,0.1958762886597938,0.27835051546391754,0.0,0.0006443298969072165,0.9175257731958762
T6E,NT,data/nt,97,200,200,200,1.0,21.917525773195877,20.996155810687235,2,8,15,27,56,109,18.34020618556701,18.14028188208803,1,8,12,21,37,110,3.0074178318607747,1.64227486815065,1.0,1.5,2.75,4.333333333333333,5.666666666666667,6.777777777777778,412.37113402061857,539.1720135519676,3,72,196,561,1080,2860,0.5876288659793815,0.865979381443299,0.030927835051546393,0.09278350515463918,0.4536082474226804,0.027303340761326338,0.545,0.55,1,2,94,0.020618556701030927,5.154418002923575,0.6288659793814433,0.20618556701030927,0.10309278350515463,0.041237113402061855,0.010309278350515464,0.010309278350515464,0.0,0.0,0.0,0.0,0.6082474226804123,0.16494845360824742,0.1134020618556701,0.020618556701030927,0.030927835051546393,0.010309278350515464,0.010309278350515464,0.030927835051546393,0.0,0.010309278350515464,0.0,0.3711340206185567,0.17525773195876287,0.15463917525773196,0.29896907216494845,0.0002147766323024055,0.0,0.9381443298969072
T7A,NT,data/nt,199,200,200,200,1.0,14.035175879396984,10.95233018708144,1,6,11,19,28,76,13.608040201005025,12.992349340489524,1,6,9,16,31,97,2.730495193268986,1.5949323932106543,1.0,1.4444444444444444,2.2857142857142856,3.3846153846153846,5.5,7.0,201.00502512562815,271.0935327379391,3,50,117,240,481,1935,0.7638190954773869,0.9597989949748744,0,0.135678391959799,0.36180904522613067,0.07037269039544164,0.38,0.485,0,0,168,0.02512562814070352,4.679528110007648,0.7738693467336684,0.19597989949748743,0.02512562814070352,0.005025125628140704,0.0,0.0,0.0,0.0,0.0,0.0,0.6984924623115578,0.1708542713567839,0.06532663316582915,0.03015075376884422,0.010050251256281407,0.010050251256281407,0.005025125628140704,0.0,0.0,0.010050251256281407,0.0,0.4120603015075377,0.22613065326633167,0.1507537688442211,0.21105527638190955,0.0,0.0,0.7336683417085427
T7B,NT,data/nt,199,200,200,200,1.0,13.989949748743719,11.808773652388897,1,6,10,20,28,94,14.527638190954773,12.155524415624484,1,6,11,18,30,74,2.8894821943201197,1.5741804795611627,1.0,1.625,2.4,3.8,5.6,7.0,201.00502512562815,233.10468451877443,2,55,110,255,528,1316,0.7889447236180904,0.9748743718592965,0,0.08542713567839195,0.4020100502512563,-0.015576665236096673,0.47,0.37,0,0,170,0.01507537688442211,4.675362466154583,0.7738693467336684,0.20100502512562815,0.01507537688442211,0.005025125628140704,0.005025125628140704,0.0,0.0,0.0,0.0,0.0,0.5477386934673367,0.21105527638190955,0.11557788944723618,0.02512562814070352,0.02512562814070352,0.04020100502512563,0.01507537688442211,0.005025125628140704,0.005025125628140704,0.010050251256281407,0.0,0.3316582914572864,0.2663316582914573,0.16080402010050251,0.24120603015075376,0.0,0.0,0.7236180904522613
T7C,NT,data/nt,199,200,200,200,1.0,14.864321608040202,12.436236703028541,2,7,11,19,35,54,13.949748743718592,11.165159711986064,2,7,10,19,28,88,2.7667880807699587,1.557642306455902,1.0,1.4166666666666667,2.3,3.769230769230769,5.25,7.0,201.00502512562815,208.21554587154944,4,60,132,270,442,1320,0.7386934673366834,0.9748743718592965,0,0.12060301507537688,0.39195979899497485,-0.04572134745388802,0.27,0.44,0,0,169,0.01507537688442211,4.842546418068609,0.7889447236180904,0.135678391959799,0.07537688442211055,0.0,0.0,0.0,0.0,0.0,0.0,0.0,0.507537688442211,0.23115577889447236,0.12060301507537688,0.06532663316582915,0.02512562814070352,0.02512562814070352,0.01507537688442211,0.0,0.005025125628140704,0.005025125628140704,0.0,0.4120603015075377,0.19597989949748743,0.15577889447236182,0.23618090452261306,0.0,0.0,0.7035175879396985
T7D,NT,data/nt,199,200,200,200,1.0,13.859296482412061,12.078066898621467,2,6,10,19,26,80,13.422110552763819,10.982064572712883,2,6,10,17,29,86,2.577749827713715,1.3797920611278878,1.0,1.5,2.25,3.3333333333333335,4.5,7.0,201.00502512562815,277.16269730749883,6,54,108,208,459,1720,0.7738693467336684,0.964824120603015,0,0.12562814070351758,0.32663316582914576,0.11296575037925521,0.4,0.43,0,0,166,0.01507537688442211,4.693045555937056,0.7788944723618091,0.19095477386934673,0.010050251256281407,0.020100502512562814,0.0,0.0,0.0,0.0,0.0,0.0,0.6934673366834171,0.16080402010050251,0.07035175879396985,0.010050251256281407,0.01507537688442211,0.020100502512562814,0.005025125628140704,0.01507537688442211,0.005025125628140704,0.005025125628140704,0.0,0.4120603015075377,0.2613065326633166,0.1457286432160804,0.18090452261306533,0.0,0.0,0.6934673366834171
T7E,NT,data/nt,199,200,200,200,1.0,13.93969849246231,12.236217019335228,2,7,10,16,29,75,14.984924623115578,12.596353219942449,2,7,11,19,28,71,2.7774464674563077,1.6472910090782489,1.0,1.5,2.111111111111111,3.75,5.6,7.0,201.00502512562815,221.80145264821567,6,60,126,240,462,1275,0.7738693467336684,0.9899497487437185,0,0.11055276381909548,0.36683417085427134,-0.05112709103431901,0.375,0.355,0,0,165,0.02512562814070352,4.59533720620942,0.8291457286432161,0.12562814070351758,0.03015075376884422,0.01507537688442211,0.0,0.0,0.0,0.0,0.0,0.0,0.5025125628140703,0.25125628140703515,0.10552763819095477,0.04522613065326633,0.035175879396984924,0.020100502512562814,0.010050251256281407,0.01507537688442211,0.010050251256281407,0.005025125628140704,0.0,0.45226130653266333,0.18090452261306533,0.1407035175879397,0.22613065326633167,0.0,0.0,0.6884422110552764
PVA10001,PV,PV-A,100,1000,992,992,0.9993064516129032,98.33,19.831316143917427,65,83,99,111,125,147,100.22,21.082969430324564,63,83,101,114,135,148,1.2636833560625869,0.19955457537072446,1.0,1.0975609756097562,1.2142857142857142,1.4,1.5857142857142856,1.7671232876712328,9913.12,3068.482339137705,4757,7719,9464,12276,13696,20586,0,0.76,0,0.48,0,0.1398875289583143,0.147,0.14919354838709678,0,0,99,0.02,5.543465189601647,0.55,0.45,0.0,0.0,0.0,0.0,0.0,0.0,0.0,0.0,0.0,0.0,0.14,0.21,0.23,0.19,0.16,0.05,0.01,0.01,0.0,1.0,0.0,0.0,0.0,0.0,0.0,0.98
PVA10002,PV,PV-A,100,1000,985,985,0.99928730964467,98.58,19.507014123130173,61,82,101,113,125,142,98.95,20.835726529209392,60,83,98,114,127,152,1.2528218474861945,0.20073337931211604,1.0,1.0714285714285714,1.2054794520547945,1.4146341463414633,1.578125,1.7272727272727273,9842.98,3205.858496502926,3660,7332,9548,11656,13724,20860,0,0.73,0,0.48,0,0.2177157461247856,0.142,0.15431472081218275,0,0,99,0.02,5.7073687848572785,0.5,0.5,0.0,0.0,0.0,0.0,0.0,0.0,0.0,0.0,0.0,0.01,0.11,0.28,0.19,0.18,0.18,0.01,0.02,0.02,0.0,1.0,0.0,0.0,0.0,0.0,0.0,0.98
PVA10003,PV,PV-A,100,1000,1005,1005,0.9992487562189055,99,20.317972339778397,60,85,99,112,128,145,99.54,21.97153613200497,59,83,99,114,131,152,1.216180003970391,0.1956201382908632,1.0,1.054054054054054,1.164835164835165,1.3285714285714285,1.5076923076923077,1.7666666666666666,10042.45,3608.9040368926408,3660,7052,9898,11918,14734,21158,0,0.68,0,0.6,0,0.4211084553340809,0.145,0.15124378109452735,0,0,100,0.01,5.599819909835644,0.53,0.47,0.0,0.0,0.0,0.0,0.0,0.0,0.0,0.0,0.0,0.03,0.13,0.2,0.21,0.2,0.14,0.04,0.04,0.01,0.0,1.0,0.0,0.0,0.0,0.0,0.0,1
PVA10004,PV,PV-A,100,1000,1000,1000,0.999878,96.38,21.819615028684627,59,79,96,113,128,154,101.66,21.384209127297648,60,85,100,120,132,144,1.237949543043732,0.19431075928024036,1.0,1.075,1.1938775510204083,1.34375,1.5795454545454546,1.7903225806451613,9998.78,3726.545173696409,4270,7125,9460,12402,15840,20328,0,0.72,0,0.53,0,0.43032846315331347,0.154,0.144,0,0,99,0.02,5.6824665349005485,0.59,0.41,0.0,0.0,0.0,0.0,0.0,0.0,0.0,0.0,0.0,0.0,0.14,0.26,0.18,0.14,0.14,0.07,0.05,0.02,0.0,1.0,0.0,0.0,0.0,0.0,0.0,0.98
PVA10005,PV,PV-A,100,1000,1006,1006,0.9991371769383698,100.96,20.47921873509827,61,85,99,118,130,151,97.69,21.83103066737803,59,80,98,113,129,148,1.2111465775909764,0.18612784183255862,1.0,1.0649350649350648,1.1452991452991452,1.3291139240506329,1.5555555555555556,1.7534246575342465,10051.32,3601.1638559776757,3599,7380,9462,12626,15480,20424,0,0.72,0,0.58,0,0.42170655334651086,0.151,0.147117296222664,0,0,98,0.02,5.630015409922183,0.54,0.46,0.0,0.0,0.0,0.0,0.0,0.0,0.0,0.0,0.0,0.02,0.1,0.23,0.28,0.09,0.14,0.09,0.03,0.02,0.0,1.0,0.0,0.0,0.0,0.0,0.0,0.96
PVA10006,PV,PV-A,100,1000,973,973,0.9996690647482014,99.18,18.308129341907108,61,84,99,113,123,145,97.1,20.715935894861232,61,84,95,109,129,150,1.2364432548614115,0.1880565438465583,1.0,1.0841121495327102,1.1842105263157894,1.3434343434343434,1.5,1.8428571428571427,9726.78,3092.7026645961296,4420,7452,9483,11286,14080,18354,0,0.78,0,0.55,0,0.2541777398906876,0.145,0.15416238437821173,0,0,98,0.02,5.539819909835645,0.56,0.44,0.0,0.0,0.0,0.0,0.0,0.0,0.0,0.0,0.0,0.0,0.08,0.16,0.18,0.31,0.12,0.06,0.04,0.05,0.0,1.0,0.0,0.0,0.0,0.0,0.0,0.96
PVA10007,PV,PV-A,100,1000,971,971,0.9993861997940268,98.63,19.818503979866897,58,85,98,114,128,150,97.4,19.264994160393613,64,83,94,109,129,146,1.2383152442633687,0.17026874601821015,1.0,1.1,1.2058823529411764,1.3761467889908257,1.486842105263158,1.76,9704.04,3123.7334486796403,4900,7313,9200,11659,14652,18447,0,0.8,0,0.5,0,0.25530943237840514,0.15,0.15036045314109167,0,0,99,0.02,5.6549176598789135,0.62,0.38,0.0,0.0,0.0,0.0,0.0,0.0,0.0,0.0,0.0,0.0,0.06,0.2,0.26,0.21,0.12,0.06,0.05,0.04,0.0,1.0,0.0,0.0,0.0,0.0,0.0,0.98
PVA10008,PV,PV-A,100,1000,1006,1006,0.9997037773359841,99.61,21.36347115990283,62,83,98,117,129,147,99.28,20.814936944415663,59,82,100,115,127,139,1.238824553084817,0.1776834101587977,1.0,1.0947368421052632,1.2027027027027026,1.3670886075949367,1.5125,1.7878787878787878,10057.02,3608.0728290321413,3658,7120,9559,12474,15435,19317,0,0.71,0,0.5,0,0.37721386642797594,0.147,0.13817097415506957,0,0,97,0.02,5.771014064623282,0.56,0.44,0.0,0.0,0.0,0.0,0.0,0.0,0.0,0.0,0.0,0.01,0.05,0.25,0.22,0.18,0.1,0.1,0.05,0.04,0.0,1.0,0.0,0.0,0.0,0.0,0.0,0.94
PVA10009,PV,PV-A,100,1000,973,973,0.9999424460431655,96.4,20.916978749331847,59,80,93,111,126,147,99.54,21.19217780219862,59,84,97,114,132,144,1.2489171508290389,0.18331128856726508,1.0,1.0891089108910892,1.2261904761904763,1.3918918918918919,1.511111111111111,1.7105263157894737,9729.44,3396.447250642942,4216,7176,9462,11844,14883,20294,0,0.78,0,0.48,0,0.30180722524221365,0.147,0.14799588900308325,0,0,100,0.01,5.612271034814009,0.56,0.44,0.0,0.0,0.0,0.0,0.0,0.0,0.0,0.0,0.0,0.0,0.14,0.22,0.2,0.21,0.13,0.04,0.04,0.02,0.0,1.0,0.0,0.0,0.0,0.0,0.0,1
PVA10010,PV,PV-A,100,1000,1064,1064,0.9997678571428571,103.87,21.697767166231646,61,85,104,123,133,150,101.53,20.904284249885237,61,86,100,118,131,151,1.256942078008784,0.2147203628794607,1.0,1.0789473684210527,1.196969696969697,1.4533333333333334,1.6153846153846154,1.7272727272727273,10637.53,3431.536269530019,4941,8378,10209,12880,15985,19881,0,0.72,0,0.51,0,0.2019702121313799,0.15,0.14191729323308272,0,0,100,0.01,5.755916314580012,0.44,0.56,0.0,0.0,0.0,0.0,0.0,0.0,0.0,0.0,0.0,0.0,0.1,0.13,0.24,0.22,0.13,0.08,0.09,0.01,0.0,1.0,0.0,0.0,0.0,0.0,0.0,1
PVA10011,PV,PV-A,100,1000,1026,1026,0.9997884990253412,102.33,20.604880489825707,59,89,103,114,132,149,98.61,21.09118062129287,59,83,94,115,133,145,1.2181911271233286,0.17895001026856386,1.0,1.072,1.1958762886597938,1.2857142857142858,1.5068493150684932,1.7457627118644068,10257.83,3560.506172035094,3717,7584,9912,12972,14750,21605,0,0.75,0,0.54,0,0.3844360465583227,0.149,0.14132553606237816,0,0,99,0.02,5.662466534900548,0.48,0.52,0.0,0.0,0.0,0.0,0.0,0.0,0.0,0.0,0.0,0.01,0.12,0.22,0.31,0.09,0.17,0.04,0.02,0.02,0.0,1.0,0.0,0.0,0.0,0.0,0.0,0.98
PVA10012,PV,PV-A,100,1000,980,980,0.999084693877551,98.07,19.505514604849573,63,85,97,113,126,145,99.01,21.390883572213653,63,82,97,114,130,145,1.2713578030163963,0.1908288960506866,1.0,1.1287128712871286,1.2291666666666667,1.4019607843137254,1.5375,1.8333333333333333,9791.03,3200.886481757827,4288,7566,9176,11880,14338,18270,0,0.73,0,0.44,0,0.19441871029987115,0.145,0.14795918367346939,0,0,97,0.02,5.47227103481401,0.52,0.48,0.0,0.0,0.0,0.0,0.0,0.0,0.0,0.0,0.0,0.0,0.06,0.17,0.26,0.17,0.15,0.12,0.02,0.05,0.0,1.0,0.0,0.0,0.0,0.0,0.0,0.94
PVA10013,PV,PV-A,100,1000,981,981,0.9992670744138634,98.05,20.13374033804946,60,83,97,113,123,148,98.85,20.187310370626395,57,83,99,115,126,149,1.2461488583281506,0.17239070400969886,1.0075757575757576,1.0982142857142858,1.2352941176470589,1.355263157894737,1.4791666666666667,1.7023809523809523,9802.81,3169.0481053306844,4526,7600,9312,12012,14742,17556,0,0.76,0,0.45,0,0.2720348638773922,0.148,0.15188583078491336,0,0,100,0.01,5.715916314580012,0.56,0.44,0.0,0.0,0.0,0.0,0.0,0.0,0.0,0.0,0.0,0.0,0.09,0.12,0.21,0.22,0.14,0.11,0.07,0.04,0.0,1.0,0.0,0.0,0.0,0.0,0.0,1
PVA10014,PV,PV-A,100,1000,966,966,0.9991273291925465,97,18.60806276859577,59,85,96,106,123,147,98.87,20.375306132669515,63,81,98,114,126,149,1.2617877139755058,0.17729034437952557,1.0097087378640777,1.1287128712871286,1.2238805970149254,1.36986301369863,1.5365853658536586,1.7142857142857142,9651.57,2977.232101314911,4662,7300,9555,11371,13680,20711,0,0.82,0,0.46,0,0.16136307735061237,0.147,0.15424430641821946,0,0,100,0.01,5.558562939644917,0.59,0.41,0.0,0.0,0.0,0.0,0.0,0.0,0.0,0.0,0.0,0.0,0.1,0.26,0.27,0.2,0.11,0.03,0.02,0.01,0.0,1.0,0.0,0.0,0.0,0.0,0.0,1
PVA10015,PV,PV-A,100,1000,1061,1061,0.9992601319509896,102.8,21.131966306995665,59,88,102,118,133,148,101.87,21.630374476647418,60,86,101,119,132,145,1.2417178993464844,0.18252066840571488,1.0,1.092783505154639,1.2222222222222223,1.375,1.4938271604938271,1.7307692307692308,10602.15,3432.491335386005,3906,8019,10492,13900,15750,18612,0,0.7,0,0.47,0,0.2842182800063836,0.148,0.13666352497643733,0,0,99,0.02,5.574917659878913,0.48,0.52,0.0,0.0,0.0,0.0,0.0,0.0,0.0,0.0,0.0,0.0,0.07,0.1,0.23,0.2,0.12,0.15,0.09,0.04,0.0,1.0,0.0,0.0,0.0,0.0,0.0,0.98
PVA30001,PV,PV-A,300,1000,3086,3086,0.9998622812702528,101.15333333333334,21.168604635691562,60,86,100,116,131,152,100.23666666666666,20.647856762601027,60,85,97,114,131,153,1.2304254496038298,0.1821173213189719,1.0,1.087719298245614,1.1896551724137931,1.3296703296703296,1.5113636363636365,1.8309859154929577,10285.25,3533.277505966191,4140,7735,9579,12740,15295,21267,0,0.7433333333333333,0,0.5366666666666666,0,0.33397761259792275,0.152,0.04957874270900842,0,0,295,0.006666666666666667,6.152587800039553,0.5133333333333333,0.4866666666666667,0.0,0.0,0.0,0.0,0.0,0.0,0.0,0.0,0.0,0.006666666666666667,0.11333333333333333,0.22666666666666666,0.27666666666666667,0.13,0.12666666666666668,0.06666666666666667,0.04,0.013333333333333334,0.0,1.0,0.0,0.0,0.0,0.0,0.0,0.9666666666666667
PVA30002,PV,PV-A,300,1000,3152,3152,0.9999149746192894,102.55666666666667,22.348604480419404,59,85,101,120,135,155,100.79333333333334,21.68941267582463,57,85,100,116,129,155,1.2409319815984576,0.19121086481391977,1.0,1.0841121495327102,1.2048192771084338,1.3578947368421053,1.5357142857142858,1.8360655737704918,10505.773333333333,3727.902270977011,3363,7656,10125,12971,15860,23405,0,0.7033333333333334,0,0.48333333333333334,0,0.34812308714471224,0.155,0.0491751269035533,0,0,293,0.006666666666666667,6.221603647128594,0.49666666666666665,0.5033333333333333,0.0,0.0,0.0,0.0,0.0,0.0,0.0,0.0,0.0,0.023333333333333334,0.16,0.26,0.20333333333333334,0.17666666666666667,0.10333333333333333,0.04666666666666667,0.02,0.006666666666666667,0.0,1.0,0.0,0.0,0.0,0.0,0.0,0.9533333333333334
PVA30003,PV,PV-A,300,1000,2918,2918,0.9996925976696367,96.12333333333333,21.608673927126784,57,80,94,110,129,154,99.72666666666667,21.555941691845018,57,83,99,115,130,148,1.2615423393877607,0.20078607282708133,1.0,1.1012658227848102,1.2093023255813953,1.4035087719298245,1.5584415584415585,1.8450704225352113,9723.676666666666,3545.533962436249,3900,6969,9240,11663,14577,21462,0,0.7866666666666666,0,0.48,0,0.2954453167525645,0.154,0.05071967100753941,0,0,295,0.006666666666666667,6.138151964021432,0.6333333333333333,0.36666666666666664,0.0,0.0,0.0,0.0,0.0,0.0,0.0,0.0,0.0,0.0033333333333333335,0.19,0.25,0.22666666666666666,0.15,0.1,0.03333333333333333,0.03,0.016666666666666666,0.0,1.0,0.0,0.0,0.0,0.0,0.0,0.9666666666666667
PVA30004,PV,PV-A,300,1000,3026,3026,0.9999391936549901,99.32666666666667,21.990906201326847,59,82,97,115,131,155,100.07333333333334,21.409685243417808,59,83,99,114,129,153,1.2507552996029994,0.1943116765332673,1.0,1.0948275862068966,1.2,1.3855421686746987,1.542857142857143,1.8181818181818181,10086.053333333333,3619.125926309955,4020,7315,9545,12549,14900,22797,0,0.7366666666666667,0,0.5033333333333333,0,0.3103164985080995,0.155,0.05056179775280899,0,0,293,0.01,6.197746119047143,0.5333333333333333,0.4666666666666667,0.0,0.0,0.0,0.0,0.0,0.0,0.0,0.0,0.0,0.013333333333333334,0.19,0.26,0.22,0.15666666666666668,0.09,0.04666666666666667,0.013333333333333334,0.01,0.0,1.0,0.0,0.0,0.0,0.0,0.0,0.9566666666666667
PVA30005,PV,PV-A,300,1000,3018,3018,0.9999078860172299,98.96,20.2901881049273,56,84,96,113,129,154,100.35,21.278020741287634,57,84,98,115,129,154,1.2399838269084826,0.18993484060532442,1.0,1.0769230769230769,1.202020202020202,1.3592233009708738,1.5151515151515151,1.8354430379746836,10059.073333333334,3440.4293823042235,4200,7425,9494,11858,15180,22792,0,0.77,0,0.5,0,0.2974911008829282,0.154,0.051027170311464545,0,0,290,0.006666666666666667,6.064602192133863,0.5733333333333334,0.4266666666666667,0.0,0.0,0.0,0.0,0.0,0.0,0.0,0.0,0.0,0.013333333333333334,0.16333333333333333,0.26666666666666666,0.25666666666666665,0.15666666666666668,0.08,0.043333333333333335,0.013333333333333334,0.006666666666666667,0.0,1.0,0.0,0.0,0.0,0.0,0.0,0.9333333333333333
PVA30006,PV,PV-A,300,1000,3110,3110,0.9997877813504823,101.08333333333333,19.515371434390435,58,87,100,116,129,150,100.90666666666667,21.227449734299743,59,85,99,116,132,149,1.2156651334539308,0.17079056199591744,1.0,1.0795454545454546,1.1797752808988764,1.303370786516854,1.4605263157894737,1.7692307692307692,10364.466666666667,3561.5512774944323,4248,7676,9785,12322,15985,21307,0,0.7066666666666667,0,0.55,0,0.39705456136150347,0.15,0.047909967845659165,0,0,295,0.006666666666666667,6.0624950020257575,0.5066666666666667,0.49333333333333335,0.0,0.0,0.0,0.0,0.0,0.0,0.0,0.0,0.0,0.0033333333333333335,0.10333333333333333,0.25333333333333335,0.21333333333333335,0.20666666666666667,0.09333333333333334,0.07,0.04,0.016666666666666666,0.0,1.0,0.0,0.0,0.0,0.0,0.0,0.9666666666666667
PVA30007,PV,PV-A,300,1000,3076,3076,0.9997074122236671,100.3,20.701771260772187,60,84,98,114,132,154,100.89666666666666,21.297714796558704,56,85,99,117,131,153,1.2425132214177645,0.18872568603572595,1.0,1.0952380952380953,1.1967213114754098,1.34375,1.5384615384615385,1.8235294117647058,10250.333333333334,3481.700050581931,4340,7590,9765,12412,15276,21000,0,0.7466666666666667,0,0.5166666666666667,0,0.29575310143368855,0.154,0.04973992197659298,0,0,293,0.006666666666666667,6.071268308536618,0.5333333333333333,0.4666666666666667,0.0,0.0,0.0,0.0,0.0,0.0,0.0,0.0,0.0,0.0,0.11666666666666667,0.24333333333333335,0.21333333333333335,0.19333333333333333,0.11666666666666667,0.06333333333333334,0.03,0.023333333333333334,0.0,1.0,0.0,0.0,0.0,0.0,0.0,0.9533333333333334
PVA30008,PV,PV-A,300,1000,2988,2988,0.9997677376171352,98.74333333333334,20.95099334690893,59,83,98,114,129,149,99.87666666666667,19.7889225466056,57,85,99,114,128,148,1.257394147368222,0.19246893985719316,1.0,1.0961538461538463,1.2162162162162162,1.4029850746268657,1.5285714285714285,1.835820895522388,9957.686666666666,3313.6147063022013,3660,7571,9374,11716,14508,22052,0,0.7666666666666667,0,0.4666666666666667,0,0.2304202468187557,0.149,0.049531459170013385,0,0,290,0.006666666666666667,6.117269755666465,0.55,0.45,0.0,0.0,0.0,0.0,0.0,0.0,0.0,0.0,0.0,0.0033333333333333335,0.13333333333333333,0.29,0.2633333333333333,0.16,0.06666666666666667,0.05333333333333334,0.023333333333333334,0.006666666666666667,0.0,1.0,0.0,0.0,0.0,0.0,0.0,0.9333333333333333
PVA30009,PV,PV-A,300,1000,3012,3012,0.9999654714475431,100.32666666666667,20.475187151498492,60,84,100,116,127,156,98.91,20.073246706333617,59,83,99,112,128,152,1.242029074002731,0.17788457635727628,1.0,1.0952380952380953,1.2105263157894737,1.3571428571428572,1.5121951219512195,1.7654320987654322,10039.653333333334,3284.4741862012283,3953,7347,9520,12125,14520,20445,0,0.7266666666666667,0,0.4766666666666667,0,0.28306994497920557,0.156,0.05046480743691899,0,0,296,0.006666666666666667,6.104408236902807,0.5066666666666667,0.49333333333333335,0.0,0.0,0.0,0.0,0.0,0.0,0.0,0.0,0.0,0.0033333333333333335,0.09666666666666666,0.23333333333333334,0.25,0.17333333333333334,0.12666666666666668,0.08333333333333333,0.02,0.013333333333333334,0.0,1.0,0.0,0.0,0.0,0.0,0.0,0.9733333333333334
PVA30010,PV,PV-A,300,1000,3046,3046,0.9999198949441891,99.69333333333333,21.42660236455815,60,83,97,116,131,153,100.18666666666667,21.788953368367395,58,82,99,116,131,152,1.242418135521211,0.18318395341982907,1.0,1.0919540229885059,1.1888888888888889,1.3658536585365855,1.5342465753424657,1.732394366197183,10152.52,3644.7064421706173,4020,7533,9630,12054,15776,21170,0,0.7566666666666667,0,0.52,0,0.3525170337413391,0.153,0.04990151017728168,0,0,295,0.006666666666666667,6.1708096390562295,0.5633333333333334,0.43666666666666665,0.0,0.0,0.0,0.0,0.0,0.0,0.0,0.0,0.0,0.01,0.13333333333333333,0.23333333333333334,0.25666666666666665,0.14333333333333334,0.08,0.1,0.02666666666666667,0.016666666666666666,0.0,1.0,0.0,0.0,0.0,0.0,0.0,0.9666666666666667
PVA30011,PV,PV-A,300,1000,2934,2934,0.9996874573960464,98.05333333333333,20.795924814465184,60,82,96,113,128,151,98.74,20.565482407827606,59,83,96,115,128,148,1.2509051453357336,0.20249072205361168,1.0,1.0786516853932584,1.205128205128205,1.4029850746268657,1.5633802816901408,1.8235294117647058,9776.943333333333,3224.1590314564546,3540,7315,9400,11830,14231,20445,0,0.7766666666666666,0,0.49666666666666665,0,0.22249718183309658,0.151,0.050443081117927745,0,0,294,0.006666666666666667,6.100358212690339,0.5833333333333334,0.4166666666666667,0.0,0.0,0.0,0.0,0.0,0.0,0.0,0.0,0.0,0.01,0.10666666666666667,0.26,0.22333333333333333,0.17666666666666667,0.13,0.056666666666666664,0.02666666666666667,0.01,0.0,1.0,0.0,0.0,0.0,0.0,0.0,0.96
PVA30012,PV,PV-A,300,1000,3029,3029,0.999732915153516,99.47,19.71486156853927,60,84,97,113,130,149,99.81,21.34948633261856,61,82,98,116,131,152,1.210619035275154,0.1768254970578923,1.0,1.0608695652173914,1.1666666666666667,1.323943661971831,1.4782608695652173,1.8166666666666667,10093.97,3529.0032845597257,3900,7426,9328,12190,15589,22200,0,0.7566666666666667,0,0.5666666666666667,0,0.3940804128974579,0.149,0.050181578078573784,0,0,291,0.006666666666666667,6.03473902668378,0.55,0.45,0.0,0.0,0.0,0.0,0.0,0.0,0.0,0.0,0.0,0.016666666666666666,0.12333333333333334,0.29333333333333333,0.23333333333333334,0.14666666666666667,0.08666666666666667,0.06333333333333334,0.03,0.006666666666666667,0.0,1.0,0.0,0.0,0.0,0.0,0.0,0.94
PVA30013,PV,PV-A,300,1000,3026,3026,0.999973231989425,99.72333333333333,21.88211116160616,57,82,100,115,130,152,99.6,19.99849994374578,60,85,97,114,128,150,1.2377749511577025,0.1746797655619724,1.0,1.0909090909090908,1.1948051948051948,1.3770491803278688,1.4938271604938271,1.7183098591549295,10086.396666666667,3550.7082729115077,3840,7216,9796,12100,15400,21750,0,0.7166666666666667,0,0.51,0,0.3518038393981534,0.152,0.0495703899537343,0,0,288,0.006666666666666667,6.152260205905798,0.5033333333333333,0.49666666666666665,0.0,0.0,0.0,0.0,0.0,0.0,0.0,0.0,0.0,0.0033333333333333335,0.15666666666666668,0.25,0.22666666666666666,0.17666666666666667,0.07666666666666666,0.06666666666666667,0.03,0.013333333333333334,0.0,1.0,0.0,0.0,0.0,0.0,0.0,0.92
PVA30014,PV,PV-A,300,1000,3077,3077,0.9998037049073774,101.73,20.971657858484466,58,86,101,117,130,154,99.92333333333333,19.23930323293671,59,85,99,111,128,151,1.243238618416169,0.19417464322058095,1.0,1.0909090909090908,1.186046511627907,1.364864864864865,1.5538461538461539,1.8356164383561644,10254.653333333334,3241.7246921696205,4422,7722,9963,12328,14868,21252,0,0.7366666666666667,0,0.5233333333333333,0,0.22170272262513044,0.154,0.04907377315567111,0,0,287,0.006666666666666667,6.195665463266564,0.49666666666666665,0.5033333333333333,0.0,0.0,0.0,0.0,0.0,0.0,0.0,0.0,0.0,0.0,0.1,0.24333333333333335,0.25333333333333335,0.19666666666666666,0.11,0.06333333333333334,0.02,0.013333333333333334,0.0,1.0,0.0,0.0,0.0,0.0,0.0,0.9133333333333333
PVA30015,PV,PV-A,300,1000,3018,3018,0.9999277667329357,99.36333333333333,21.361444759711883,59,82,99,115,129,151,99.66,20.45412101916547,60,83,98,114,130,149,1.2259276548256623,0.18175992472655658,1.0,1.0763358778625953,1.179245283018868,1.3376623376623376,1.472972972972973,1.75,10059.273333333333,3511.6156089881033,3953,7520,9434,12321,15015,21593,0,0.73,0,0.5433333333333333,0,0.35869289205613536,0.151,0.04937044400265076,0,0,295,0.006666666666666667,6.101559610592474,0.5266666666666666,0.47333333333333333,0.0,0.0,0.0,0.0,0.0,0.0,0.0,0.0,0.0,0.013333333333333334,0.13,0.24333333333333335,0.25333333333333335,0.15,0.11666666666666667,0.056666666666666664,0.023333333333333334,0.013333333333333334,0.0,1.0,0.0,0.0,0.0,0.0,0.0,0.9666666666666667
PVB10001,PV,PV-B,100,1000,1507,1507,0.9996350364963503,312.36,64.74048501517424,169,261,308,358,407,456,47.45,10.63990131533183,25,41,47,55,64,69,6.841044190775007,1.8577990996607372,3.595744680851064,5.571428571428571,6.540983606557377,7.647058823529412,9.52,12.857142857142858,15064.5,5448.478617926292,5950,11092,14154,17820,24360,27584,0.62,1,0,0,1,0.35279700838024425,0.456,0.0457863304578633,0,0,97,0.02,6.328758439731455,0.0,0.02,0.44,0.44,0.1,0.0,0.0,0.0,0.0,0.0,0.0,0.0,0.06,0.19,0.23,0.22,0.07,0.08,0.09,0.06,0.0,0.0,0.0,0.02,0.98,0.0,0.0,0.94
PVB10002,PV,PV-B,100,1000,1301,1301,0.9995818601076095,292.35,66.50674777795108,177,248,287,350,380,469,43.78,10.531457638902603,24,35,44,51,61,69,6.970310501062696,1.97480970081917,3.8627450980392157,5.5,6.770491803278689,8.348837209302326,9.942857142857143,12.074074074074074,13004.56,5093.2864386759165,4700,9657,12062,15582,20691,29315,0.73,1,0,0,1,0.2933654870800445,0.469,0.053036126056879324,0,0,99,0.02,6.2763073147530895,0.0,0.1,0.49,0.36,0.05,0.0,0.0,0.0,0.0,0.0,0.0,0.02,0.15,0.31,0.2,0.19,0.03,0.03,0.05,0.02,0.0,0.0,0.0,0.03,0.97,0.0,0.0,0.98
PVB10003,PV,PV-B,100,1000,1271,1271,0.9995468135326514,289.28,70.65169212410981,172,238,284,344,398,470,42.97,10.406204879782061,25,35,41,50,60,67,6.971315976088485,1.842046406660033,3.5671641791044775,5.790697674418604,6.828571428571428,8.323529411764707,9.583333333333334,11.527777777777779,12704.24,5259.113161208837,4914,9146,11235,15860,21340,29614,0.77,1,0,0,1,0.37251420834634213,0.47,0.05271439811172305,0,0,99,0.02,6.201209564709821,0.0,0.07,0.54,0.3,0.09,0.0,0.0,0.0,0.0,0.0,0.0,0.04,0.18,0.33,0.17,0.12,0.06,0.06,0.02,0.02,0.0,0.0,0.0,0.01,0.99,0.0,0.0,0.98
PVB10004,PV,PV-B,100,1000,1465,1465,0.9999720136518772,307.16,73.97698561039103,172,247,302,368,419,444,46.78,10.733666661490844,27,38,47,55,63,69,6.808811465716637,1.9408113014830315,3.510204081632653,5.484848484848484,6.532258064516129,8.0,9.945945945945946,12.206896551724139,14649.59,5731.122682502966,4779,10266,13325,18565,24180,26772,0.66,1,0,0,1,0.3534377093675267,0.444,0.04709897610921502,0,0,100,0.01,6.3438561897747245,0.0,0.07,0.43,0.34,0.16,0.0,0.0,0.0,0.0,0.0,0.0,0.01,0.06,0.22,0.23,0.15,0.09,0.05,0.09,0.1,0.0,0.0,0.0,0.06,0.94,0.0,0.0,1
PVB10005,PV,PV-B,100,1000,1368,1368,0.9995416666666667,302.09,68.90052176870651,168,248,301,349,403,462,44.7,9.506313691436866,26,37,44,51,58,70,6.985731200756713,1.9193626814832863,3.72,5.548387096774194,6.933333333333334,8.104166666666666,9.785714285714286,12.5,13673.73,4758.552447656745,4704,9928,13262,17101,19602,27860,0.69,1,0,0,1,0.2600146672571642,0.462,0.05116959064327485,0,0,100,0.01,6.241209564709821,0.0,0.05,0.45,0.4,0.1,0.0,0.0,0.0,0.0,0.0,0.0,0.02,0.1,0.22,0.22,0.16,0.18,0.04,0.05,0.01,0.0,0.0,0.0,0.03,0.97,0.0,0.0,1
PVB10006,PV,PV-B,100,1000,1449,1449,0.9995845410628019,310.87,65.99631126055455,165,257,318,363,401,461,46.25,9.84009654424183,24,39,47,54,61,70,6.980567925935795,1.8949463474247534,3.586206896551724,5.52,6.934426229508197,8.081632653061224,9.86046511627907,11.413793103448276,14483.98,4600.450373561267,3960,10976,13992,18081,20300,25803,0.64,1,0,0,1,0.16359847836275837,0.461,0.04830917874396135,0,0,100,0.01,6.22120956470982,0.0,0.04,0.37,0.49,0.1,0.0,0.0,0.0,0.0,0.0,0.0,0.01,0.03,0.15,0.22,0.21,0.13,0.17,0.05,0.03,0.0,0.0,0.0,0.04,0.96,0.0,0.0,1
PVB10007,PV,PV-B,100,1000,1277,1277,0.9993664839467502,296.31,63.464902899161515,173,248,295,345,390,419,42.37,10.51252110580521,26,34,43,51,57,66,7.30897416203345,1.9691298104120571,3.6875,5.754716981132075,7.1063829787234045,8.681818181818182,10.17142857142857,12.074074074074074,12761.91,4781.982325552866,4498,9048,12465,15840,18815,26304,0.75,1,0,0,1,0.31064555565795593,0.419,0.05168363351605325,0,0,100,0.01,6.423856189774725,0.0,0.07,0.46,0.41,0.06,0.0,0.0,0.0,0.0,0.0,0.0,0.02,0.11,0.22,0.22,0.18,0.15,0.01,0.06,0.03,0.0,0.0,0.0,0.03,0.97,0.0,0.0,1
PVB10008,PV,PV-B,100,1000,1353,1353,0.9998292682926829,298.81,71.3799264499481,168,248,293,355,402,457,45.09,10.310281276473498,26,36,45,53,59,68,6.961384926573734,2.227176586384877,3.5,5.18,6.741935483870968,8.586206896551724,10.075,12.03125,13527.69,4712.100828070214,4368,10260,12455,16287,19765,27909,0.67,1,0,0,1,0.07384647426787593,0.457,0.05025868440502587,0,0,100,0.01,6.3563073147530895,0.0,0.07,0.48,0.35,0.1,0.0,0.0,0.0,0.0,0.0,0.0,0.02,0.07,0.28,0.24,0.15,0.14,0.05,0.03,0.02,0.0,0.0,0.0,0.08,0.92,0.0,0.0,1
PVB10009,PV,PV-B,100,1000,1336,1336,0.9998899700598802,304.21,64.27663572403273,185,253,310,359,383,465,43.45,8.83444961500149,27,38,43,50,56,64,7.232757628487279,1.9182148177059997,4.072727272727272,5.813953488372093,7.019230769230769,8.484848484848484,9.955555555555556,12.137931034482758,13358.53,4437.496044967252,5488,10019,12920,16740,19200,26350,0.77,1,0,0,1,0.24761085139034716,0.465,0.04790419161676647,0,0,100,0.01,6.2763073147530895,0.0,0.06,0.41,0.49,0.04,0.0,0.0,0.0,0.0,0.0,0.0,0.0,0.05,0.27,0.21,0.2,0.15,0.05,0.04,0.03,0.0,0.0,0.0,0.0,1.0,0.0,0.0,1
PVB10010,PV,PV-B,100,1000,1360,1360,0.999410294117647,305.81,63.33335535087337,182,259,312,351,399,456,43.99,9.645200879193755,26,37,43,50,58,68,7.2168803840782525,1.9486680112945494,3.7916666666666665,5.589743589743589,6.86,8.658536585365853,9.678571428571429,13.028571428571428,13591.98,4507.161275082133,4888,9864,13362,16779,20075,25200,0.76,1,0,0,1,0.22819865485143453,0.456,0.05,0,0,100,0.01,6.33630731475309,0.0,0.07,0.37,0.49,0.07,0.0,0.0,0.0,0.0,0.0,0.0,0.01,0.04,0.22,0.18,0.2,0.16,0.11,0.05,0.03,0.0,0.0,0.0,0.01,0.99,0.0,0.0,1
PVB10011,PV,PV-B,100,1000,1337,1337,0.9995572176514584,296.83,62.10717430377911,170,248,296,342,376,458,44.8,9.771386800244887,27,37,44,52,59,69,6.923862955035274,2.0415545239383714,3.4927536231884058,5.315789473684211,6.6,8.222222222222221,10.0,12.142857142857142,13364.08,4265.038606343441,5780,9900,12643,15908,20160,25764,0.69,1,0,0,1,0.10891236830701162,0.458,0.05160807778608826,0,0,98,0.02,6.288758439731455,0.0,0.03,0.54,0.37,0.06,0.0,0.0,0.0,0.0,0.0,0.0,0.0,0.06,0.21,0.24,0.22,0.08,0.11,0.06,0.02,0.0,0.0,0.0,0.03,0.97,0.0,0.0,0.96
PVB10012,PV,PV-B,100,1000,1341,1341,0.9999127516778523,293.71,61.94776751425349,178,243,301,335,383,444,45.28,8.406045443607832,26,38,45,51,55,67,6.649973445058632,1.6123759662454193,3.4339622641509435,5.551020408163265,6.615384615384615,7.657894736842105,9.075,10.605263157894736,13408.83,4089.010171312857,5518,10516,13328,16606,18605,29748,0.72,1,0,0,1,0.21055055321457802,0.444,0.049962714392244596,0,0,100,0.01,6.2763073147530895,0.0,0.08,0.42,0.44,0.06,0.0,0.0,0.0,0.0,0.0,0.0,0.01,0.14,0.21,0.29,0.22,0.11,0.01,0.0,0.01,0.0,0.0,0.0,0.03,0.97,0.0,0.0,1
PVB10013,PV,PV-B,100,1000,1349,1349,0.9994262416604892,303.5,69.64301831483182,182,243,299,355,404,465,43.68,10.03980079483652,27,37,43,51,59,70,7.209121130029792,1.9617917295447018,3.388888888888889,5.737704918032787,7.03030303030303,8.615384615384615,10.4,13.03448275862069,13482.26,5193.497425858609,5520,9720,12274,16638,21350,31990,0.74,1,0,0,1,0.32233888078995077,0.465,0.05189028910303929,0,0,100,0.01,6.323856189774724,0.0,0.04,0.47,0.39,0.1,0.0,0.0,0.0,0.0,0.0,0.0,0.04,0.2,0.31,0.18,0.11,0.11,0.03,0.0,0.02,0.0,0.0,0.0,0.03,0.97,0.0,0.0,1
PVB10014,PV,PV-B,100,1000,1442,1442,0.9996497919556172,304.7,65.5190811901388,190,248,295,355,398,447,46.61,10.580070888231326,26,39,45,56,61,69,6.787591167786041,1.7482155873105192,3.411764705882353,5.571428571428571,6.576923076923077,8.07843137254902,9.466666666666667,11.23076923076923,14414.95,5161.027284126679,6838,10290,14238,17270,22624,28470,0.64,1,0,0,1,0.30710338666722664,0.447,0.0478502080443828,0,0,99,0.02,6.268758439731455,0.0,0.01,0.51,0.39,0.09,0.0,0.0,0.0,0.0,0.0,0.0,0.0,0.15,0.19,0.16,0.25,0.08,0.08,0.08,0.01,0.0,0.0,0.0,0.04,0.96,0.0,0.0,0.98
PVB10015,PV,PV-B,100,1000,1410,1410,0.9995418439716313,306.87,67.55007846035414,182,251,306,361,410,476,45.36,9.630700909071987,26,38,44,53,58,71,6.9776691429176,1.8158975455487083,3.6056338028169015,5.704545454545454,6.769230769230769,7.833333333333333,9.727272727272727,12.864864864864865,14093.54,4779.726474224231,5200,10680,13488,17748,20090,29394,0.71,1,0,0,1,0.267336207377058,0.476,0.05035460992907802,0,0,99,0.02,6.188758439731455,0.0,0.04,0.45,0.4,0.11,0.0,0.0,0.0,0.0,0.0,0.0,0.01,0.14,0.21,0.23,0.16,0.17,0.05,0.02,0.01,0.0,0.0,0.0,0.04,0.96,0.0,0.0,0.98
PVB30001,PV,PV-B,300,1000,4032,4032,0.999829365079365,297.63,64.88040099547268,163,249,289,339,391,462,44.93666666666667,10.013623497793171,26,37,44,52,60,69,6.93280708609188,2.073128217701212,3.3636363636363638,5.245901639344262,6.684210526315789,8.264705882352942,10.178571428571429,12.216216216216216,13437.706666666667,4478.346246918486,5504,9972,13100,15840,18900,28968,0.7233333333333334,1,0,0,1,0.09728758361174918,0.462,0.01711309523809524,0,0,292,0.006666666666666667,7.303611545529283,0.0,0.04666666666666667,0.5066666666666667,0.36666666666666664,0.08,0.0,0.0,0.0,0.0,0.0,0.0,0.013333333333333334,0.09,0.2966666666666667,0.22333333333333333,0.20666666666666667,0.1,0.03333333333333333,0.013333333333333334,0.023333333333333334,0.0,0.0,0.0,0.03333333333333333,0.9666666666666667,0.0,0.0,0.9466666666666667
PVB30002,PV,PV-B,300,1000,4029,4029,0.9998413998510797,296.03333333333336,66.85949612599711,165,245,293,341,392,462,44.75,10.417013327564993,27,37,43,51,61,70,6.886746304396916,1.93998306005407,3.453125,5.4423076923076925,6.673076923076923,8.066666666666666,9.787234042553191,12.636363636363637,13427.87,4919.573762678362,5124,9900,12844,16660,19787,30492,0.72,1,0,0,1,0.25898705112891424,0.462,0.01737403822288409,0,0,298,0.006666666666666667,7.2085907541070275,0.0,0.06,0.47333333333333333,0.37666666666666665,0.09,0.0,0.0,0.0,0.0,0.0,0.0,0.03,0.16333333333333333,0.25,0.24,0.15333333333333332,0.1,0.02666666666666667,0.023333333333333334,0.013333333333333334,0.0,0.0,0.0,0.03666666666666667,0.9633333333333334,0.0,0.0,0.9866666666666667
PVB30003,PV,PV-B,300,1000,3920,3920,0.9998844387755103,293.53,64.7308975683174,165,243,291,344,379,473,44.03333333333333,9.874152565607282,25,36,43,51,58,70,6.935510461310212,1.944534461281432,3.375,5.461538461538462,6.666666666666667,8.282051282051283,9.727272727272727,13.030303030303031,13065.156666666666,4589.755706511573,4860,9676,12374,15930,19764,28408,0.7433333333333333,1,0,0,1,0.21911841939323115,0.473,0.017857142857142856,0,0,295,0.006666666666666667,7.323944430429649,0.0,0.056666666666666664,0.5066666666666667,0.3933333333333333,0.043333333333333335,0.0,0.0,0.0,0.0,0.0,0.0,0.006666666666666667,0.16,0.22333333333333333,0.26666666666666666,0.16666666666666666,0.08,0.06333333333333334,0.016666666666666666,0.016666666666666666,0.0,0.0,0.0,0.02,0.98,0.0,0.0,0.9666666666666667
PVB30004,PV,PV-B,300,1000,3996,3996,0.9998786286286286,293.57,66.28668870897083,162,243,287,337,390,466,44.846666666666664,9.68795586741026,26,37,44,52,58,68,6.788766768825981,1.8861305220779196,3.6,5.377777777777778,6.531914893617022,7.9743589743589745,9.64102564102564,11.884615384615385,13318.383333333333,4714.03811429814,4550,9864,12393,15922,19328,28710,0.7133333333333334,1,0,0,1,0.23785667855713277,0.466,0.01701701701701702,0,0,295,0.006666666666666667,7.332245180415226,0.0,0.06666666666666667,0.5066666666666667,0.35333333333333333,0.07333333333333333,0.0,0.0,0.0,0.0,0.0,0.0,0.016666666666666666,0.14,0.25,0.23,0.18333333333333332,0.09666666666666666,0.03333333333333333,0.03666666666666667,0.013333333333333334,0.0,0.0,0.0,0.03666666666666667,0.9633333333333334,0.0,0.0,0.9666666666666667
PVB30005,PV,PV-B,300,1000,4163,4163,0.9998159980783089,302.13,65.97610501790275,162,250,299,349,396,460,45.336666666666666,10.51586050792907,26,37,44,53,60,68,6.9602904261403165,1.9742209097893262,3.473684210526316,5.551020408163265,6.702127659574468,8.266666666666667,9.790697674418604,12.548387096774194,13874.113333333333,5049.967848790943,4988,10140,13340,16660,21289,30351,0.6833333333333333,1,0,0,1,0.2544643615449361,0.46,0.01633437424933942,0,0,297,0.006666666666666667,7.285578513748559,0.0,0.06,0.45,0.41333333333333333,0.07666666666666666,0.0,0.0,0.0,0.0,0.0,0.0,0.02,0.15,0.24,0.2733333333333333,0.13666666666666666,0.08,0.06,0.02666666666666667,0.013333333333333334,0.0,0.0,0.0,0.02666666666666667,0.9733333333333334,0.0,0.0,0.98
PVB30006,PV,PV-B,300,1000,4102,4102,0.9998237445148708,300.05333333333334,65.26043075418842,168,256,297,346,391,461,44.943333333333335,10.171207182805567,26,36,45,52,59,71,6.942071109632667,1.9017437017612409,3.5,5.471698113207547,6.708333333333333,8.206896551724139,9.930232558139535,11.892857142857142,13670.923333333334,4884.8859103827135,5220,10086,13150,16769,20384,30804,0.7166666666666667,1,0,0,1,0.27950087810373275,0.461,0.017308629936616284,0,0,295,0.01,7.259996606946201,0.0,0.06,0.4666666666666667,0.39666666666666667,0.07666666666666666,0.0,0.0,0.0,0.0,0.0,0.0,0.02,0.19333333333333333,0.21333333333333335,0.24333333333333335,0.18,0.08,0.043333333333333335,0.016666666666666666,0.01,0.0,0.0,0.0,0.023333333333333334,0.9766666666666667,0.0,0.0,0.97
PVB30007,PV,PV-B,300,1000,4133,4133,0.9999320106460199,303.5566666666667,68.58965025586748,163,254,298,353,404,465,44.59,10.356410253236076,24,36,43,52,60,70,7.0623360911251885,1.8975514938302602,3.40625,5.709090909090909,6.925925925925926,8.022727272727273,9.853658536585366,12.411764705882353,13775.73,5184.746613265364,3912,9540,13167,17056,21465,29766,0.7133333333333334,1,0,0,1,0.33805975850313846,0.465,0.016936849745947252,0,0,294,0.006666666666666667,7.258578962181526,0.0,0.056666666666666664,0.45666666666666667,0.37333333333333335,0.11333333333333333,0.0,0.0,0.0,0.0,0.0,0.0,0.02,0.17333333333333334,0.21,0.23,0.17333333333333334,0.09,0.04666666666666667,0.04,0.016666666666666666,0.0,0.0,0.0,0.023333333333333334,0.9766666666666667,0.0,0.0,0.96
PVB30008,PV,PV-B,300,1000,4172,4172,0.9997823585810163,305.17,68.17937933617955,167,253,300,353,399,468,44.913333333333334,10.03954624915334,26,37,44,53,58,70,7.045232401637943,1.8860370483970599,3.425925925925926,5.701754385964913,6.794871794871795,8.482758620689655,9.833333333333334,13.090909090909092,13903.64,5027.030124941233,4628,10486,13230,16794,20448,31620,0.6966666666666667,1,0,0,1,0.28844549578830925,0.468,0.016778523489932886,0,0,296,0.006666666666666667,7.302643232011105,0.0,0.05333333333333334,0.45666666666666667,0.39666666666666667,0.09333333333333334,0.0,0.0,0.0,0.0,0.0,0.0,0.02666666666666667,0.16666666666666666,0.2833333333333333,0.18666666666666668,0.16333333333333333,0.11666666666666667,0.03666666666666667,0.0033333333333333335,0.016666666666666666,0.0,0.0,0.0,0.03333333333333333,0.9666666666666667,0.0,0.0,0.9733333333333334
PVB30009,PV,PV-B,300,1000,3957,3957,0.9997897397017943,294.46,66.51592591252113,167,242,291,343,386,469,44.053333333333335,10.041770538881854,25,36,43,52,57,70,6.933585337202908,1.8664673331048736,3.4307692307692306,5.4423076923076925,6.861111111111111,8.03448275862069,9.545454545454545,12.92,13187.226666666667,4916.286167622421,4509,9420,12384,16497,20664,30498,0.7066666666666667,1,0,0,1,0.3223087191385542,0.469,0.017690169320192066,0,0,290,0.006666666666666667,7.19068805571733,0.0,0.07333333333333333,0.4766666666666667,0.38666666666666666,0.06333333333333334,0.0,0.0,0.0,0.0,0.0,0.0,0.04,0.18666666666666668,0.2633333333333333,0.21666666666666667,0.14,0.08,0.05,0.016666666666666666,0.006666666666666667,0.0,0.0,0.0,0.03,0.97,0.0,0.0,0.9333333333333333
PVB30010,PV,PV-B,300,1000,4169,4169,0.9998757495802351,303.0933333333333,67.02162304477231,166,254,296,351,399,464,45.263333333333335,10.397787692047231,26,37,45,53,60,71,6.987999994227644,1.9923265926194056,3.4583333333333335,5.456521739130435,6.6976744186046515,8.285714285714286,9.794117647058824,12.851851851851851,13894.94,5030.907643397958,4706,10120,12915,17343,20935,30636,0.6833333333333333,1,0,0,1,0.2524484541533072,0.464,0.01703046294075318,0,0,293,0.006666666666666667,7.329859222132374,0.0,0.05,0.47333333333333333,0.38,0.09666666666666666,0.0,0.0,0.0,0.0,0.0,0.0,0.02,0.14666666666666667,0.2633333333333333,0.22333333333333333,0.15333333333333332,0.11,0.05,0.023333333333333334,0.01,0.0,0.0,0.0,0.023333333333333334,0.9766666666666667,0.0,0.0,0.9533333333333334
PVB30011,PV,PV-B,300,1000,4126,4126,0.9999129907901115,303.93,69.16370748689903,166,251,301,349,399,470,44.74333333333333,10.619045259448809,25,37,45,52,59,70,7.127587900173913,2.1812884293964228,3.6666666666666665,5.454545454545454,6.770833333333333,8.488888888888889,10.54054054054054,13.0,13752.136666666667,5077.275607185631,4475,10128,13230,16430,21620,29750,0.7066666666666667,1,0,0,1,0.2087205888657352,0.47,0.016965584100824042,0,0,293,0.006666666666666667,7.331030087159892,0.0,0.06333333333333334,0.43,0.4166666666666667,0.09,0.0,0.0,0.0,0.0,0.0,0.0,0.016666666666666666,0.15666666666666668,0.22666666666666666,0.26666666666666666,0.14666666666666667,0.07333333333333333,0.06333333333333334,0.02666666666666667,0.023333333333333334,0.0,0.0,0.0,0.03,0.97,0.0,0.0,0.9533333333333334
PVB30012,PV,PV-B,300,1000,4042,4042,0.9999136566056408,301.37333333333333,67.38096137304332,167,253,300,350,397,470,44.24333333333333,10.323958650741595,25,37,43,51,59,71,7.116350904615723,2.066180439899805,3.5,5.46875,6.730769230769231,8.537037037037036,10.142857142857142,12.620689655172415,13472.17,4704.599020224784,4901,9804,12894,16872,20328,31430,0.74,1,0,0,1,0.19896714097077425,0.47,0.01756556160316675,0,0,298,0.006666666666666667,7.262729337174315,0.0,0.07,0.43333333333333335,0.4066666666666667,0.09,0.0,0.0,0.0,0.0,0.0,0.0,0.03666666666666667,0.18333333333333332,0.24,0.23666666666666666,0.15,0.10333333333333333,0.04666666666666667,0.0,0.0033333333333333335,0.0,0.0,0.0,0.03333333333333333,0.9666666666666667,0.0,0.0,0.9866666666666667
PVB30013,PV,PV-B,300,1000,3987,3987,1.0,297.03,66.38053755933788,167,246,289,345,394,459,44.11333333333334,10.171880630225443,24,36,43,52,58,71,7.000249151744009,1.9157047282380555,3.5272727272727273,5.6,6.764705882352941,8.090909090909092,9.9375,12.371428571428572,13290,4867.317441192154,4342,9760,12600,16060,20094,27999,0.7033333333333334,1,0,0,1,0.27697344775733573,0.459,0.01780787559568598,0,0,292,0.006666666666666667,7.286793607003894,0.0,0.07333333333333333,0.49333333333333335,0.35,0.08333333333333333,0.0,0.0,0.0,0.0,0.0,0.0,0.023333333333333334,0.10333333333333333,0.26,0.21,0.19666666666666666,0.09,0.056666666666666664,0.03666666666666667,0.023333333333333334,0.0,0.0,0.0,0.03,0.97,0.0,0.0,0.9466666666666667
PVB30014,PV,PV-B,300,1000,4159,4159,0.9997665304159654,299.8333333333333,64.7485306568591,163,252,296,349,389,462,45.75,10.442261887796787,25,37,45,54,60,69,6.846681676227323,2.009138772319834,3.5671641791044775,5.34,6.512820512820513,8.026315789473685,9.774193548387096,12.176470588235293,13860.096666666666,4819.2854664693,4725,9996,13462,16994,20670,28644,0.66,1,0,0,1,0.2110889065848911,0.462,0.01659052656888675,0,0,295,0.006666666666666667,7.283944430429649,0.0,0.06666666666666667,0.4533333333333333,0.4066666666666667,0.07333333333333333,0.0,0.0,0.0,0.0,0.0,0.0,0.01,0.12,0.22,0.25333333333333335,0.16333333333333333,0.11333333333333333,0.07666666666666666,0.02666666666666667,0.016666666666666666,0.0,0.0,0.0,0.016666666666666666,0.9833333333333333,0.0,0.0,0.9666666666666667
PVB30015,PV,PV-B,300,1000,4013,4013,0.9998746573635684,296.76666666666665,68.95775679517295,165,235,298,349,385,472,44.473333333333336,9.68551954666805,25,37,44,51,58,72,6.908358571954982,1.9497975979144173,3.7777777777777777,5.395833333333333,6.678571428571429,8.058823529411764,9.774193548387096,12.8,13374.99,4832.254990157287,5236,9536,12600,16500,19800,31144,0.7166666666666667,1,0,0,1,0.2646942771679918,0.472,0.01794168950909544,0,0,292,0.006666666666666667,7.3203433788914625,0.0,0.07,0.44,0.42333333333333334,0.06666666666666667,0.0,0.0,0.0,0.0,0.0,0.0,0.02666666666666667,0.20333333333333334,0.24666666666666667,0.21333333333333335,0.17,0.08333333333333333,0.03666666666666667,0.01,0.01,0.0,0.0,0.0,0.023333333333333334,0.9766666666666667,0.0,0.0,0.9466666666666667
PVC10001,PV,PV-C,100,1000,638,638,0.9989294670846395,70.03,39.72592478470451,14,28,80,106,120,139,70.69,40.72632932145984,12,28,80,106,125,144,1.2796979241798674,0.24124138716829324,1.0,1.0842105263157895,1.2173913043478262,1.4133333333333333,1.7160493827160495,2.0714285714285716,6373.17,5415.1066675643615,204,667,6588,10400,14279,19596,0.39,0.85,0,0.43,0,0.87938508596871,0.139,0.22570532915360503,0,0,98,0.02,5.731014064623282,0.7,0.3,0.0,0.0,0.0,0.0,0.0,0.0,0.0,0.0,0.39,0.0,0.08,0.1,0.17,0.12,0.03,0.04,0.04,0.03,0.0,0.99,0.01,0.0,0.0,0.0,0.0,0.96
PVC10002,PV,PV-C,100,1000,685,685,0.9997357664233577,73.18,38.557069390709664,14,30,80,104,122,151,75.8,39.13310618900575,14,32,91,105,122,152,1.3219104555586214,0.2740676704988844,1.0,1.0977443609022557,1.2602739726027397,1.4505494505494505,1.7272727272727273,2.1875,6848.19,5208.819312848163,289,780,7752,10098,14012,19418,0.34,0.84,0,0.42,0,0.8623383341337117,0.151,0.22189781021897811,0,0,98,0.02,5.863465189601647,0.74,0.26,0.0,0.0,0.0,0.0,0.0,0.0,0.0,0.0,0.34,0.0,0.03,0.14,0.24,0.06,0.07,0.07,0.02,0.03,0.0,0.95,0.05,0.0,0.0,0.0,0.0,0.96
PVC10003,PV,PV-C,100,1000,758,758,0.9992691292875989,79.43,39.34672921603523,16,34,89,112,125,147,78.24,40.29121988721612,12,35,84,110,133,148,1.2645979894865553,0.2365607374765087,1.0,1.105263157894737,1.176,1.375,1.6712328767123288,2.0833333333333335,7574.46,5451.630531171385,256,952,8056,12006,14732,19599,0.3,0.79,0,0.54,0,0.8577764609623403,0.147,0.19525065963060687,0,0,98,0.02,5.871014064623282,0.64,0.36,0.0,0.0,0.0,0.0,0.0,0.0,0.0,0.0,0.3,0.01,0.03,0.14,0.17,0.07,0.11,0.12,0.03,0.02,0.0,0.98,0.02,0.0,0.0,0.0,0.0,0.96
PVC10004,PV,PV-C,100,1000,680,680,0.9994558823529411,74.45,40.270429597907196,16,28,84,110,126,139,72.21,39.53158104604469,15,25,87,104,117,149,1.2480412557041984,0.21513726153389193,1.0,1.0721649484536082,1.186046511627907,1.3703703703703705,1.5625,1.9375,6796.3,5285.591644272191,272,777,8250,11300,13482,18070,0.36,0.82,0,0.52,0,0.8921524879370522,0.139,0.21911764705882353,0,0,99,0.02,5.842466534900548,0.66,0.34,0.0,0.0,0.0,0.0,0.0,0.0,0.0,0.0,0.36,0.0,0.03,0.09,0.1,0.15,0.15,0.05,0.03,0.04,0.0,1.0,0.0,0.0,0.0,0.0,0.0,0.98
PVC10005,PV,PV-C,100,1000,705,705,0.9993063829787234,74.54,37.641578075314534,13,30,86,103,119,148,77.2,39.30928643463272,14,32,93,108,123,143,1.2499784679376702,0.2117352127419223,1.0,1.1,1.198019801980198,1.3333333333333333,1.5416666666666667,2.0,7045.11,5132.606101962238,240,918,7663,10494,13440,19321,0.31,0.83,0,0.52,0,0.8722401648030158,0.148,0.2028368794326241,0,0,100,0.01,5.895916314580012,0.72,0.28,0.0,0.0,0.0,0.0,0.0,0.0,0.0,0.0,0.31,0.0,0.05,0.16,0.14,0.13,0.12,0.05,0.01,0.03,0.0,0.98,0.02,0.0,0.0,0.0,0.0,1
PVC10006,PV,PV-C,100,1000,701,701,0.9994921540656205,74.96,40.287198959470985,12,29,88,105,129,141,74.13,41.320613499801766,14,25,84,107,125,153,1.24751630523065,0.22571527709346775,1.0,1.0705882352941176,1.1829268292682926,1.391304347826087,1.6111111111111112,1.9285714285714286,7006.44,5385.165049132664,210,736,7920,10961,14100,20520,0.35,0.84,0,0.57,0,0.870824989863053,0.141,0.21825962910128388,0,0,99,0.02,5.756565630242719,0.7,0.3,0.0,0.0,0.0,0.0,0.0,0.0,0.0,0.0,0.35,0.0,0.04,0.14,0.2,0.09,0.1,0.05,0.02,0.01,0.0,1.0,0.0,0.0,0.0,0.0,0.0,0.98
PVC10007,PV,PV-C,100,1000,814,814,0.9992186732186732,81.07,38.19823425238397,14,60,86,110,131,148,84.83,38.959736908762615,16,61,92,116,134,152,1.2648878697820867,0.1912366783687911,1.0,1.10752688172043,1.2285714285714286,1.434782608695652,1.5326086956521738,1.7894736842105263,8133.64,5579.636557196176,240,4440,8475,12180,14803,21432,0.25,0.78,0,0.41,0,0.8442935610977392,0.148,0.18673218673218672,0,0,99,0.02,5.840818564536743,0.64,0.36,0.0,0.0,0.0,0.0,0.0,0.0,0.0,0.0,0.25,0.0,0.13,0.15,0.15,0.12,0.11,0.01,0.05,0.03,0.0,1.0,0.0,0.0,0.0,0.0,0.0,0.98
PVC10008,PV,PV-C,100,1000,722,722,0.9994016620498615,74.01,40.376600897054225,14,26,84,106,123,148,76.74,42.05511146103408,13,26,92,107,130,147,1.2618079904418502,0.23355472743569386,1.0,1.0952380952380953,1.1926605504587156,1.3571428571428572,1.6486486486486487,2.2,7215.68,5586.87065338012,252,558,7920,11592,14803,20590,0.33,0.72,0,0.53,0,0.9046608928803266,0.148,0.203601108033241,0,0,99,0.02,5.918562939644916,0.66,0.34,0.0,0.0,0.0,0.0,0.0,0.0,0.0,0.0,0.33,0.0,0.06,0.15,0.12,0.14,0.08,0.09,0.01,0.02,0.0,0.99,0.01,0.0,0.0,0.0,0.0,0.98
PVC10009,PV,PV-C,100,1000,677,677,0.9996440177252585,73.32,40.17757583528404,17,29,82,111,122,137,72.77,39.940419376866835,13,31,80,106,126,144,1.25420928369805,0.22693363095145852,1.0,1.0909090909090908,1.1911764705882353,1.3846153846153846,1.55,2.1538461538461537,6767.59,5439.123539863753,286,780,6958,11800,14152,17399,0.38,0.81,0,0.52,0,0.8924318341594764,0.137,0.21270310192023634,0,0,100,0.01,5.7910140646232815,0.65,0.35,0.0,0.0,0.0,0.0,0.0,0.0,0.0,0.0,0.38,0.0,0.02,0.11,0.1,0.08,0.1,0.11,0.06,0.04,0.0,0.98,0.02,0.0,0.0,0.0,0.0,1
PVC10010,PV,PV-C,100,1000,720,720,0.9987361111111112,76.03,39.43335009861577,14,30,88,107,122,151,76.04,40.195004664759026,15,28,85,112,124,144,1.2576966002040453,0.223527246546277,1.0,1.0806451612903225,1.216867469879518,1.3636363636363635,1.5657894736842106,2.142857142857143,7190.9,5336.172977893427,266,759,8051,11340,13986,18104,0.34,0.75,0,0.46,0,0.8893108714151563,0.151,0.2,0,0,97,0.02,5.743465189601647,0.64,0.36,0.0,0.0,0.0,0.0,0.0,0.0,0.0,0.0,0.34,0.0,0.02,0.06,0.15,0.15,0.1,0.11,0.03,0.04,0.0,0.98,0.02,0.0,0.0,0.0,0.0,0.94
PVC10011,PV,PV-C,100,1000,742,742,0.999544474393531,79.25,38.962899019451825,14,33,89,109,127,146,78.38,37.319105026782196,14,35,87,109,125,145,1.2767486928535035,0.20709194357883762,1.0,1.1195652173913044,1.2388059701492538,1.41,1.5970149253731343,1.8888888888888888,7416.62,5126.415725982433,196,925,8277,10800,13843,20735,0.29,0.85,0,0.43,0,0.8287172252344283,0.146,0.1954177897574124,0,0,98,0.02,5.88120956470982,0.64,0.36,0.0,0.0,0.0,0.0,0.0,0.0,0.0,0.0,0.29,0.0,0.06,0.16,0.23,0.09,0.09,0.04,0.03,0.01,0.0,1.0,0.0,0.0,0.0,0.0,0.0,0.96
PVC10012,PV,PV-C,100,1000,764,764,0.9987146596858639,79.62,36.03159169395657,14,61,90,108,120,145,81.94,38.48891268924078,15,59,86,116,131,144,1.3014612663955099,0.25756919229198105,1.0,1.0869565217391304,1.2391304347826086,1.4556962025316456,1.6818181818181819,2.2222222222222223,7630.18,4985.848081079085,255,4032,8004,11786,14632,16974,0.25,0.8,0,0.49,0,0.7975943257665338,0.145,0.18848167539267016,0,0,99,0.02,5.810015409922183,0.67,0.33,0.0,0.0,0.0,0.0,0.0,0.0,0.0,0.0,0.25,0.0,0.04,0.1,0.15,0.13,0.09,0.09,0.11,0.04,0.0,0.98,0.02,0.0,0.0,0.0,0.0,0.98
PVC10013,PV,PV-C,100,1000,688,688,0.9993386627906977,73.62,37.75388191961192,14,30,79,101,120,154,75.91,38.881125240918635,17,30,82,108,125,150,1.2417904410482439,0.2148146084544043,1.0,1.0792079207920793,1.1830985915492958,1.353846153846154,1.5593220338983051,2.142857142857143,6875.45,5280.791142196404,308,870,7200,10625,14396,20720,0.31,0.85,0,0.53,0,0.8767246011510139,0.154,0.2180232558139535,0,0,99,0.02,5.758562939644916,0.75,0.25,0.0,0.0,0.0,0.0,0.0,0.0,0.0,0.0,0.31,0.01,0.13,0.17,0.12,0.12,0.05,0.05,0.01,0.03,0.0,0.99,0.01,0.0,0.0,0.0,0.0,0.98
PVC10014,PV,PV-C,100,1000,782,782,0.9993375959079284,79.95,39.8518192809312,16,32,89,109,128,146,81.17,40.66965822329959,16,33,92,116,129,147,1.3055088600730422,0.25178422981311116,1.0073529411764706,1.105263157894737,1.265625,1.449438202247191,1.620253164556962,2.1875,7814.82,5386.205468379386,272,880,8760,11481,14986,18900,0.29,0.8,0,0.44,0,0.8176896064307165,0.146,0.18797953964194372,0,0,99,0.02,5.663465189601647,0.65,0.35,0.0,0.0,0.0,0.0,0.0,0.0,0.0,0.0,0.29,0.0,0.02,0.1,0.16,0.17,0.09,0.09,0.05,0.03,0.0,0.97,0.03,0.0,0.0,0.0,0.0,0.98
PVC10015,PV,PV-C,100,1000,708,708,0.9998700564971751,75,36.6453271236593,15,34,86,101,119,147,78.28,39.036413769709945,17,30,86,109,123,147,1.2640016644027572,0.19541328159425025,1.0,1.096774193548387,1.2551020408163265,1.3529411764705883,1.588235294117647,1.7894736842105263,7079.08,4940.477431746855,285,858,7700,10545,13298,18270,0.3,0.85,0,0.38,0,0.844514632876328,0.147,0.2076271186440678,0,0,96,0.02,5.813660689688186,0.75,0.25,0.0,0.0,0.0,0.0,0.0,0.0,0.0,0.0,0.3,0.0,0.03,0.12,0.18,0.14,0.11,0.07,0.03,0.02,0.0,1.0,0.0,0.0,0.0,0.0,0.0,0.92
PVC30001,PV,PV-C,300,1000,2144,2144,0.9996086753731344,75.37,38.9532168119656,14,31,81,105,125,150,77.4,39.5057801678016,13,32,85,109,125,151,1.2767684180982093,0.23831358966068028,1.0,1.0869565217391304,1.2178217821782178,1.411764705882353,1.6111111111111112,2.2857142857142856,7143.87,5329.372622842205,208,841,7400,11067,14022,22650,0.31333333333333335,0.8133333333333334,0,0.4633333333333333,0,0.8514207519608484,0.15,0.07042910447761194,0,0,286,0.006666666666666667,6.435795796657589,0.7,0.3,0.0,0.0,0.0,0.0,0.0,0.0,0.0,0.0,0.31333333333333335,0.013333333333333334,0.12666666666666668,0.15333333333333332,0.16,0.12333333333333334,0.05333333333333334,0.03333333333333333,0.016666666666666666,0.006666666666666667,0.0,0.9833333333333333,0.016666666666666666,0.0,0.0,0.0,0.0,0.9066666666666666
PVC30002,PV,PV-C,300,1000,2173,2173,0.9997814081914405,77.28,38.13670497914924,14,33,89,107,122,147,76.99333333333334,39.2799349399778,13,32,85,108,127,150,1.2565153340825015,0.23032693222979117,1.0,1.0731707317073171,1.2,1.381578947368421,1.595505617977528,2.176470588235294,7241.75,5194.3050520899005,195,928,7980,11118,14420,19152,0.30666666666666664,0.8133333333333334,0,0.5133333333333333,0,0.8622823188329203,0.147,0.06902899217671422,0,0,290,0.006666666666666667,6.377611236845114,0.6933333333333334,0.30666666666666664,0.0,0.0,0.0,0.0,0.0,0.0,0.0,0.0,0.30666666666666664,0.0033333333333333335,0.05333333333333334,0.13,0.15666666666666668,0.12,0.1,0.07333333333333333,0.04,0.016666666666666666,0.0,0.9866666666666667,0.013333333333333334,0.0,0.0,0.0,0.0,0.9333333333333333
PVC30003,PV,PV-C,300,1000,2272,2272,0.9996007922535212,79.53666666666666,37.90657799848933,13,35,88,107,126,148,80.22333333333333,36.63677736313001,13,37,89,108,124,149,1.2557038753842897,0.22618775621287118,1.0,1.0727272727272728,1.2096774193548387,1.3636363636363635,1.5569620253164558,2.2857142857142856,7570.31,5125.838473905188,256,1155,8280,10914,14514,20306,0.26666666666666666,0.7866666666666666,0,0.4866666666666667,0,0.8565920316750967,0.148,0.06558098591549295,0,0,286,0.01,6.465180756243563,0.6466666666666666,0.35333333333333333,0.0,0.0,0.0,0.0,0.0,0.0,0.0,0.0,0.26666666666666666,0.0033333333333333335,0.07666666666666666,0.15333333333333332,0.19333333333333333,0.11666666666666667,0.08,0.07333333333333333,0.013333333333333334,0.023333333333333334,0.0,0.9866666666666667,0.013333333333333334,0.0,0.0,0.0,0.0,0.91
PVC30004,PV,PV-C,300,1000,2112,2112,0.9997826704545455,76.44333333333333,39.157120964420024,14,31,85,107,124,154,75.53,37.715546308297505,13,32,82,104,123,152,1.2520665517226124,0.20662531051232458,1.0,1.096774193548387,1.202020202020202,1.368421052631579,1.52,2.2,7038.47,5220.576080833098,182,888,7200,10707,14157,23408,0.31,0.82,0,0.5,0,0.8563633875247572,0.154,0.07196969696969698,0,0,288,0.006666666666666667,6.484857017885393,0.6733333333333333,0.32666666666666666,0.0,0.0,0.0,0.0,0.0,0.0,0.0,0.0,0.31,0.016666666666666666,0.15,0.18,0.15,0.09,0.056666666666666664,0.03666666666666667,0.006666666666666667,0.0033333333333333335,0.0,0.9933333333333333,0.006666666666666667,0.0,0.0,0.0,0.0,0.92
PVC30005,PV,PV-C,300,1000,2186,2186,0.9997355901189388,78.76333333333334,39.252524193426794,14,33,87,109,128,153,76.49,37.71308216874705,13,34,86,105,120,150,1.2752412107803979,0.22732275879377165,1.0,1.0952380952380953,1.2210526315789474,1.4246575342465753,1.6111111111111112,2.076923076923077,7284.74,5221.338240885504,240,930,7722,10881,14208,21609,0.3,0.8166666666666667,0,0.4866666666666667,0,0.8512490519324714,0.153,0.0686184812442818,0,0,290,0.01,6.406675359629252,0.6466666666666666,0.35333333333333333,0.0,0.0,0.0,0.0,0.0,0.0,0.0,0.0,0.3,0.01,0.06666666666666667,0.19333333333333333,0.16666666666666666,0.12333333333333334,0.08,0.02666666666666667,0.013333333333333334,0.02,0.0,0.9866666666666667,0.013333333333333334,0.0,0.0,0.0,0.0,0.9366666666666666
PVC30006,PV,PV-C,300,1000,1978,1978,0.9997972699696663,73.02,39.42967917698545,12,28,82,104,122,153,72.25,39.19286712315563,14,28,81,104,121,148,1.2862600705085647,0.22461035004211868,1.0,1.1153846153846154,1.2327586206896552,1.425,1.5894736842105264,2.2142857142857144,6591.996666666667,5096.67991114368,168,660,7242,10200,12862,20163,0.35,0.8666666666666667,0,0.44333333333333336,0,0.8517755167815285,0.153,0.07482305358948432,0,0,292,0.01,6.3709652145552615,0.6966666666666667,0.30333333333333334,0.0,0.0,0.0,0.0,0.0,0.0,0.0,0.0,0.35,0.0,0.05333333333333334,0.17,0.16,0.12666666666666668,0.07,0.043333333333333335,0.013333333333333334,0.013333333333333334,0.0,0.9933333333333333,0.006666666666666667,0.0,0.0,0.0,0.0,0.95
PVC30007,PV,PV-C,300,1000,2206,2206,0.9999111514052584,79.22,38.23957287069683,15,36,85,107,129,149,77.92,36.86823745900166,13,36,87,104,123,150,1.263474914710274,0.20643197609087977,1.0,1.0952380952380953,1.2191780821917808,1.379746835443038,1.5555555555555556,2.2941176470588234,7352.68,5045.490023535871,208,1190,7622,11049,13673,21900,0.2733333333333333,0.8333333333333334,0,0.48333333333333334,0,0.8368819205054921,0.149,0.06799637352674524,0,0,287,0.006666666666666667,6.432901841591617,0.6833333333333333,0.31666666666666665,0.0,0.0,0.0,0.0,0.0,0.0,0.0,0.0,0.2733333333333333,0.01,0.10666666666666667,0.23666666666666666,0.12,0.13333333333333333,0.06,0.04,0.016666666666666666,0.0033333333333333335,0.0,0.9933333333333333,0.006666666666666667,0.0,0.0,0.0,0.0,0.9133333333333333
PVC30008,PV,PV-C,300,1000,2187,2187,0.9998715134887974,77.86,40.3640979089091,14,31,87,111,127,151,76.13666666666667,39.67784422347341,13,29,86,109,123,145,1.2753900200366481,0.23800784294403163,1.0,1.086021505376344,1.2173913043478262,1.4025974025974026,1.6363636363636365,2.210526315789474,7289.0633333333335,5279.00433093106,208,713,8058,11440,13871,19575,0.31666666666666665,0.81,0,0.4666666666666667,0,0.8498352456590131,0.151,0.06630086877000457,0,0,290,0.006666666666666667,6.3447733019324595,0.66,0.34,0.0,0.0,0.0,0.0,0.0,0.0,0.0,0.0,0.31666666666666665,0.0,0.04,0.13333333333333333,0.14333333333333334,0.14666666666666667,0.12,0.05333333333333334,0.023333333333333334,0.023333333333333334,0.0,0.98,0.02,0.0,0.0,0.0,0.0,0.9333333333333333
PVC30009,PV,PV-C,300,1000,2132,2132,0.9997945590994372,75.25,39.81424577543403,14,31,84,108,126,152,75.71666666666667,39.666228989181995,14,29,86,107,123,154,1.2567802691573329,0.22903187011349138,1.0,1.0843373493975903,1.180722891566265,1.3670886075949367,1.588235294117647,2.2941176470588234,7105.206666666667,5469.307394051117,270,812,8034,10908,14994,23408,0.3466666666666667,0.8133333333333334,0,0.5333333333333333,0,0.891245768769562,0.152,0.07223264540337711,0,0,289,0.013333333333333334,6.443469714303639,0.68,0.32,0.0,0.0,0.0,0.0,0.0,0.0,0.0,0.0,0.3466666666666667,0.006666666666666667,0.09333333333333334,0.18666666666666668,0.17333333333333334,0.07333333333333333,0.08,0.02666666666666667,0.01,0.0033333333333333335,0.0,0.99,0.01,0.0,0.0,0.0,0.0,0.9333333333333333
PVC30010,PV,PV-C,300,1000,2199,2199,0.9999204183719873,78.72333333333333,38.09260806099904,13,35,88,108,126,151,77.13,38.127152616825015,13,34,85,105,122,151,1.2671862159143625,0.22620202613333343,1.0,1.096774193548387,1.2105263157894737,1.3814432989690721,1.5844155844155845,2.230769230769231,7329.416666666667,5214.381194643863,247,1054,7832,11235,14364,20445,0.2966666666666667,0.7933333333333333,0,0.49,0,0.8658209020501785,0.151,0.06866757617098682,0,0,289,0.01,6.4135045398162305,0.6533333333333333,0.3466666666666667,0.0,0.0,0.0,0.0,0.0,0.0,0.0,0.0,0.2966666666666667,0.0033333333333333335,0.07,0.18666666666666668,0.14333333333333334,0.12,0.07666666666666666,0.06,0.03333333333333333,0.01,0.0,0.9866666666666667,0.013333333333333334,0.0,0.0,0.0,0.0,0.93
PVC30011,PV,PV-C,300,1000,2090,2090,0.9997732057416268,74.15,39.35971925712885,12,29,84,104,125,148,75.61333333333333,40.283791060701105,13,32,82,107,128,152,1.2794158805797635,0.23659440608588309,1.0,1.0866141732283465,1.2278481012658229,1.411764705882353,1.5873015873015872,2.2941176470588234,6965.086666666667,5408.414833000721,192,783,7200,10920,14355,21903,0.3333333333333333,0.8366666666666667,0,0.4266666666666667,0,0.8567062160530069,0.148,0.07272727272727272,0,0,287,0.01,6.386119278842731,0.7066666666666667,0.29333333333333333,0.0,0.0,0.0,0.0,0.0,0.0,0.0,0.0,0.3333333333333333,0.006666666666666667,0.11666666666666667,0.17,0.12666666666666668,0.10666666666666667,0.07,0.04,0.02,0.01,0.0,0.9766666666666667,0.023333333333333334,0.0,0.0,0.0,0.0,0.9166666666666666
PVC30012,PV,PV-C,300,1000,2207,2207,0.9999759855006797,77.57333333333334,39.374754461315554,13,31,87,109,125,153,77.58,38.87926096691311,13,31,88,108,123,155,1.2621148318493807,0.23341264190460134,1.0,1.0803571428571428,1.2,1.380952380952381,1.631578947368421,2.235294117647059,7356.49,5294.615980714119,221,812,7905,11446,14157,21114,0.30666666666666664,0.81,0,0.5033333333333333,0,0.8742469044108784,0.153,0.07023108291798821,0,0,287,0.006666666666666667,6.464452273438927,0.6666666666666666,0.3333333333333333,0.0,0.0,0.0,0.0,0.0,0.0,0.0,0.0,0.30666666666666664,0.006666666666666667,0.05,0.19,0.14666666666666667,0.12666666666666668,0.08666666666666667,0.056666666666666664,0.02666666666666667,0.0033333333333333335,0.0,0.9866666666666667,0.013333333333333334,0.0,0.0,0.0,0.0,0.9133333333333333
PVC30013,PV,PV-C,300,1000,2251,2251,0.9996796979120391,79.19333333333333,38.49358330365667,13,34,89,109,126,149,78.66,38.69915244549937,14,32,85,110,126,147,1.2687536427516497,0.22565677579950166,1.0,1.0833333333333333,1.2135922330097086,1.4074074074074074,1.6363636363636365,2.0,7500.93,5286.54587594143,255,918,7956,11058,14490,20580,0.2833333333333333,0.8066666666666666,0,0.49333333333333335,0,0.8536006043289499,0.149,0.06530430919591293,0,0,288,0.01,6.417878660959085,0.66,0.34,0.0,0.0,0.0,0.0,0.0,0.0,0.0,0.0,0.2833333333333333,0.006666666666666667,0.06333333333333334,0.17333333333333334,0.15666666666666668,0.14666666666666667,0.06666666666666667,0.056666666666666664,0.023333333333333334,0.023333333333333334,0.0,0.9966666666666667,0.0033333333333333335,0.0,0.0,0.0,0.0,0.93
PVC30014,PV,PV-C,300,1000,2258,2258,0.9997209920283436,81.12,37.92790002096082,14,37,89,109,126,149,78.61,36.44545559234146,14,36,84,105,123,150,1.2706039045274269,0.22699773964986592,1.0,1.0909090909090908,1.2247191011235956,1.3902439024390243,1.5909090909090908,2.357142857142857,7524.566666666667,5061.96736578005,252,1178,8064,10880,14040,21900,0.26666666666666666,0.84,0,0.4666666666666667,0,0.8303000811476711,0.149,0.06643046944198405,0,0,286,0.006666666666666667,6.446945172953499,0.64,0.36,0.0,0.0,0.0,0.0,0.0,0.0,0.0,0.0,0.26666666666666666,0.006666666666666667,0.07333333333333333,0.22,0.18666666666666668,0.14,0.043333333333333335,0.02666666666666667,0.03,0.006666666666666667,0.0,0.99,0.01,0.0,0.0,0.0,0.0,0.9066666666666666
PVC30015,PV,PV-C,300,1000,2333,2333,0.999773681954565,81.11666666666666,36.02882719280339,14,65,87,106,123,153,82.19666666666667,37.286878687042474,14,66,88,109,128,152,1.2598514416928397,0.2292945748653652,1.0,1.0806451612903225,1.202127659574468,1.375,1.6024096385542168,2.2142857142857144,7774.906666666667,5015.480006070095,252,4736,8008,11235,14490,19596,0.23666666666666666,0.8,0,0.5,0,0.8243151611840986,0.153,0.06515216459494214,0,0,291,0.006666666666666667,6.4330808092499545,0.67,0.33,0.0,0.0,0.0,0.0,0.0,0.0,0.0,0.0,0.23666666666666666,0.0,0.06,0.18333333333333332,0.18666666666666668,0.11666666666666667,0.09333333333333334,0.06333333333333334,0.03666666666666667,0.023333333333333334,0.0,0.9833333333333333,0.016666666666666666,0.0,0.0,0.0,0.0,0.94
PVD10001,PV,PV-D,100,1000,967,967,0.9996163391933816,213.96,132.88392829834615,17,32,245,329,373,414,38.9,13.047221926525202,15,29,39,49,56,66,5.1194109834982156,2.8266425860364044,1.0,1.6111111111111112,5.476190476190476,7.267857142857143,9.0,11.2,9666.29,7226.768164670844,255,870,9088,14632,20570,26202,0.78,1,0,0.12,0.71,0.7747561782950785,0.414,0.06825232678386763,0,0,100,0.01,6.1985629396449164,0.29,0.04,0.36,0.26,0.05,0.0,0.0,0.0,0.0,0.0,0.29,0.0,0.06,0.23,0.1,0.11,0.06,0.09,0.05,0.01,0.0,0.29,0.0,0.03,0.68,0.0,0.0,1
PVD10002,PV,PV-D,100,1000,982,982,0.9992382892057027,221.52,136.84198770845154,15,35,253,321,397,470,38.74,13.360104790008197,16,29,39,48,57,71,5.399808462760664,3.2057921256816355,1.0,1.6,5.461538461538462,7.533333333333333,10.225,12.090909090909092,9812.52,7054.541055915686,255,805,9867,14880,19840,27852,0.81,1,0,0.14,0.72,0.6732411752207245,0.47,0.07230142566191446,0,0,97,0.02,6.161209564709821,0.28,0.05,0.34,0.25,0.08,0.0,0.0,0.0,0.0,0.0,0.28,0.0,0.09,0.21,0.11,0.16,0.05,0.06,0.02,0.02,0.0,0.28,0.0,0.04,0.68,0.0,0.0,0.94
PVD10003,PV,PV-D,100,1000,979,979,0.9994954034729315,227.89,130.5512079607079,16,175,259,330,391,450,38.93,11.721992151507354,13,30,38,48,54,70,5.680118322755829,3.1397243531300907,1.0,3.6911764705882355,5.774193548387097,8.0,10.051282051282051,12.2,9785.06,6369.332021209131,299,6300,10664,14732,18150,22196,0.84,1,0,0.1,0.75,0.5968046942469781,0.45,0.07150153217568948,0,0,99,0.02,6.268758439731455,0.25,0.05,0.39,0.25,0.06,0.0,0.0,0.0,0.0,0.0,0.25,0.0,0.04,0.12,0.14,0.13,0.09,0.13,0.06,0.04,0.0,0.24,0.01,0.04,0.71,0.0,0.0,0.98
PVD10004,PV,PV-D,100,1000,887,887,0.9993494926719279,199.88,133.8398505677588,13,33,236,305,365,470,38.11,12.3870052878006,13,29,36,47,56,66,4.896598051136694,2.8394214564297857,1.0,1.5263157894736843,5.6571428571428575,7.069767441860465,8.285714285714286,10.366666666666667,8864.23,7047.830924270247,234,952,9455,13978,19096,25938,0.84,1,0,0.12,0.67,0.7520490070745666,0.47,0.07440811724915446,0,0,100,0.01,6.168758439731455,0.33,0.05,0.34,0.24,0.04,0.0,0.0,0.0,0.0,0.0,0.33,0.02,0.09,0.17,0.11,0.1,0.07,0.06,0.03,0.02,0.0,0.31,0.02,0.02,0.65,0.0,0.0,1
PVD10005,PV,PV-D,100,1000,999,999,0.9997277277277278,229.3,134.6990348888959,15,34,263,329,385,463,38.48,12.269050493008821,14,28,37,48,56,68,5.661661060900605,3.0994981789111113,1.0,1.7142857142857142,6.262295081967213,7.8,10.0,11.59375,9987.28,7036.790616580829,240,1120,10192,15060,20163,28210,0.81,1,0,0.1,0.74,0.7042208605880964,0.463,0.06806806806806807,0,0,99,0.02,6.213660689688186,0.26,0.04,0.35,0.26,0.09,0.0,0.0,0.0,0.0,0.0,0.26,0.02,0.1,0.22,0.13,0.07,0.09,0.07,0.03,0.01,0.0,0.26,0.0,0.02,0.72,0.0,0.0,0.98
PVD10006,PV,PV-D,100,1000,921,921,0.9998458197611292,198.15,141.84874867266188,12,31,242,315,360,474,39.04,13.752032577041112,14,28,39,48,59,68,4.651234600486344,3.0130592599405577,1.0,1.4090909090909092,5.209302325581396,6.761904761904762,7.931818181818182,13.21875,9208.58,7517.257081116755,264,783,9870,14832,18585,26838,0.79,1,0,0.17,0.63,0.7550097387005207,0.474,0.0738327904451683,0,0,99,0.02,6.10120956470982,0.37,0.05,0.27,0.26,0.05,0.0,0.0,0.0,0.0,0.0,0.37,0.0,0.07,0.07,0.16,0.11,0.13,0.03,0.04,0.02,0.0,0.35,0.02,0.03,0.6,0.0,0.0,0.98
PVD10007,PV,PV-D,100,1000,964,964,0.9999657676348548,212.88,141.8362633461556,15,29,255,332,372,470,39.04,13.457280557378597,16,29,37,50,58,70,5.149745485919187,3.1261291651284693,1.0,1.625,5.444444444444445,7.285714285714286,9.285714285714286,12.676470588235293,9639.67,7416.927094228445,289,864,10512,14654,20060,27522,0.76,1,0,0.11,0.68,0.6961877945762677,0.47,0.07261410788381743,0,0,100,0.01,6.033660689688186,0.32,0.02,0.35,0.24,0.07,0.0,0.0,0.0,0.0,0.0,0.32,0.01,0.04,0.19,0.17,0.08,0.07,0.07,0.03,0.02,0.0,0.3,0.02,0.02,0.66,0.0,0.0,1
PVD10008,PV,PV-D,100,1000,1068,1068,0.9994456928838952,232.41,140.51029108218373,15,33,288,340,388,469,40.34,12.442845333765103,16,30,41,50,57,68,5.420471701735075,3.0104806819376324,1.0,1.7058823529411764,6.019607843137255,7.45,9.513513513513514,11.193548387096774,10674.08,7438.405010054239,320,1023,11920,15570,19975,31892,0.76,1,0,0.12,0.72,0.742793044575459,0.469,0.06367041198501873,0,0,97,0.03,6.008758439731455,0.28,0.02,0.25,0.37,0.08,0.0,0.0,0.0,0.0,0.0,0.28,0.01,0.08,0.2,0.22,0.09,0.06,0.05,0.0,0.01,0.0,0.27,0.01,0.02,0.7,0.0,0.0,0.95
PVD10009,PV,PV-D,100,1000,1054,1054,0.9999421252371916,225.21,130.73226801367747,14,41,256,319,377,463,41.67,12.900430225383959,13,33,42,52,60,66,5.205688922457373,2.774300023473849,1.0294117647058822,1.9411764705882353,5.490196078431373,7.339622641509434,8.892857142857142,11.533333333333333,10539.39,7194.329309803659,224,1443,11308,15652,20328,28706,0.71,1,0,0.11,0.74,0.6847836269584375,0.463,0.06261859582542695,0,0,100,0.01,6.308758439731455,0.26,0.03,0.41,0.27,0.03,0.0,0.0,0.0,0.0,0.0,0.26,0.01,0.07,0.19,0.14,0.16,0.07,0.07,0.01,0.02,0.0,0.26,0.0,0.03,0.71,0.0,0.0,1
PVD10010,PV,PV-D,100,1000,962,962,0.999516632016632,215.63,138.26985607861172,15,32,269,325,369,455,38.73,13.246776966492641,15,28,38,49,58,68,5.239805558503007,3.2254400873858673,1.0,1.5555555555555556,5.833333333333333,7.375,9.526315789473685,12.307692307692308,9615.35,7091.750317622583,285,930,10923,14841,18921,25916,0.78,1,0,0.13,0.68,0.6900957825479163,0.455,0.07068607068607069,0,0,100,0.01,6.25630731475309,0.32,0.02,0.3,0.31,0.05,0.0,0.0,0.0,0.0,0.0,0.32,0.0,0.01,0.15,0.15,0.17,0.09,0.05,0.05,0.01,0.0,0.31,0.01,0.04,0.64,0.0,0.0,1
PVD10011,PV,PV-D,100,1000,961,961,0.9995473465140479,211.77,139.07241674753482,15,29,258,313,379,468,39.17,13.274076239045788,16,28,38,50,58,68,5.061338335111223,3.1671199441412585,1.0,1.3333333333333333,5.235294117647059,7.4375,9.382352941176471,12.5625,9605.65,7195.008623170649,272,825,10989,14480,19082,27612,0.76,1,0,0.16,0.68,0.7099555905116531,0.468,0.07075962539021852,0,0,98,0.02,6.148758439731455,0.32,0.04,0.33,0.26,0.05,0.0,0.0,0.0,0.0,0.0,0.32,0.0,0.06,0.14,0.17,0.15,0.09,0.04,0.01,0.02,0.0,0.32,0.0,0.04,0.64,0.0,0.0,0.96
PVD10012,PV,PV-D,100,1000,1026,1026,0.999069200779727,226.82,143.47322955868805,14,30,274,347,387,452,39.17,13.43581408028557,13,29,39,50,58,68,5.454616172957813,3.2080123797251985,1.0,1.6111111111111112,5.975,7.888888888888889,9.475,11.923076923076923,10250.45,7632.538976480893,336,945,10412,16456,20492,30284,0.78,1,0,0.15,0.7,0.7085775941091477,0.452,0.06627680311890838,0,0,99,0.02,6.128758439731455,0.3,0.04,0.28,0.3,0.08,0.0,0.0,0.0,0.0,0.0,0.3,0.02,0.12,0.11,0.15,0.13,0.12,0.03,0.01,0.01,0.0,0.29,0.01,0.02,0.68,0.0,0.0,0.98
PVD10013,PV,PV-D,100,1000,938,938,0.9997889125799574,210.02,143.76237198933524,13,28,253,334,383,460,38.36,12.685834619763888,14,30,38,47,56,66,5.137421489872657,3.1652238888608326,1.0,1.5263157894736843,5.538461538461538,7.45,9.333333333333334,12.083333333333334,9378.02,7406.718934832076,272,840,9870,15416,19604,25420,0.8,1,0,0.14,0.66,0.7246913962189193,0.46,0.07036247334754797,0,0,100,0.01,6.196307314753089,0.34,0.04,0.27,0.31,0.04,0.0,0.0,0.0,0.0,0.0,0.34,0.0,0.03,0.15,0.13,0.1,0.1,0.07,0.06,0.02,0.0,0.31,0.03,0.02,0.64,0.0,0.0,1
PVD10014,PV,PV-D,100,1000,846,846,0.9991891252955083,199.44,145.0132628417139,14,29,230,314,390,456,36.14,11.822030282485322,14,28,36,45,53,64,5.100679040353236,3.2416896575195766,1.0,1.55,6.026315789473684,7.476190476190476,9.435897435897436,12.153846153846153,8453.14,7121.922314965251,289,783,9438,13398,18666,26496,0.84,1,0,0.15,0.63,0.7264429897044848,0.456,0.07565011820330969,0,0,100,0.01,6.143856189774724,0.37,0.05,0.27,0.25,0.06,0.0,0.0,0.0,0.0,0.0,0.37,0.02,0.06,0.14,0.15,0.1,0.06,0.05,0.03,0.02,0.0,0.36,0.01,0.01,0.62,0.0,0.0,1
PVD10015,PV,PV-D,100,1000,899,899,0.9995494994438264,207.6,140.53988757644572,13,28,233,336,377,451,37.92,11.669344454595553,14,30,37,46,54,66,5.207297528599894,3.13020634310231,1.0,1.65,5.377777777777778,7.5,9.470588235294118,11.193548387096774,8985.95,6949.235518206301,221,780,9536,14280,18522,26816,0.84,1,0,0.12,0.67,0.6791172708016091,0.451,0.07341490545050056,0,0,100,0.01,6.168758439731455,0.33,0.03,0.32,0.28,0.04,0.0,0.0,0.0,0.0,0.0,0.33,0.0,0.08,0.15,0.15,0.13,0.07,0.07,0.0,0.02,0.0,0.31,0.02,0.01,0.66,0.0,0.0,1
PVD30001,PV,PV-D,300,1000,3040,3040,0.9997513157894737,223.94,141.35040290002715,14,33,264,333,391,472,39.376666666666665,12.947642857120965,13,29,39,50,58,68,5.365281263305537,3.1406311697829925,1.0,1.5555555555555556,5.787234042553192,7.475,9.456521739130435,12.882352941176471,10130.813333333334,7436.345936804058,210,870,10868,15444,19850,27755,0.7833333333333333,1,0,0.12,0.7,0.7173178959926254,0.472,0.02236842105263158,0,0,293,0.006666666666666667,7.053300149360525,0.3,0.013333333333333334,0.3333333333333333,0.28,0.07333333333333333,0.0,0.0,0.0,0.0,0.0,0.3,0.0033333333333333335,0.05,0.15666666666666668,0.15666666666666668,0.14,0.07666666666666666,0.06333333333333334,0.03,0.023333333333333334,0.0,0.29333333333333333,0.006666666666666667,0.013333333333333334,0.6866666666666666,0.0,0.0,0.9533333333333334
PVD30002,PV,PV-D,300,1000,2747,2747,0.9996836548962504,203.33666666666667,143.9684803080946,13,29,234,320,385,474,37.88,13.008674029277541,13,28,37,48,56,67,4.919940400995363,3.065818629891376,1.0,1.45,5.384615384615385,7.081632653061225,8.943396226415095,12.8,9153.77,7623.644674985406,195,756,9555,14400,19910,28908,0.8066666666666666,1,0,0.15,0.65,0.7749609244486901,0.474,0.024390243902439025,0,0,287,0.01,7.0551542019350135,0.35,0.03666666666666667,0.31666666666666665,0.22,0.07666666666666666,0.0,0.0,0.0,0.0,0.0,0.35,0.006666666666666667,0.1,0.17666666666666667,0.12333333333333334,0.08666666666666667,0.06666666666666667,0.04666666666666667,0.023333333333333334,0.02,0.0,0.3433333333333333,0.006666666666666667,0.016666666666666666,0.6333333333333333,0.0,0.0,0.9166666666666666
PVD30003,PV,PV-D,300,1000,2937,2937,0.9997034388832141,214.22333333333333,133.7441093614552,13,33,252,324,374,456,39.803333333333335,12.885831581840403,13,30,40,49,58,69,5.0768534941059915,2.8237246547380472,1.0,1.6842105263157894,5.468085106382978,7.096774193548387,8.510204081632653,12.433333333333334,9787.096666666666,7188.720570494833,221,1008,10332,14715,19436,31008,0.8066666666666666,1,0,0.11333333333333333,0.7066666666666667,0.7312817379322364,0.456,0.02349336057201226,0,0,295,0.006666666666666667,7.142473410894962,0.29333333333333333,0.05333333333333334,0.34,0.27666666666666667,0.03666666666666667,0.0,0.0,0.0,0.0,0.0,0.29333333333333333,0.01,0.14666666666666667,0.16333333333333333,0.16666666666666666,0.10333333333333333,0.07,0.03,0.006666666666666667,0.01,0.0,0.2833333333333333,0.01,0.03,0.6766666666666666,0.0,0.0,0.9666666666666667
PVD30004,PV,PV-D,300,1000,2799,2799,0.999670239371204,209.10666666666665,138.62530536986705,14,31,245,318,377,447,38.126666666666665,13.263632818935978,12,28,37,48,55,70,5.102075776913738,3.0427488923419603,1.0,1.5625,5.39622641509434,7.378378378378378,9.107142857142858,11.548387096774194,9326.923333333334,7279.860661953328,195,756,9800,14328,18603,30843,0.8233333333333334,1,0,0.11,0.6733333333333333,0.736608179902961,0.447,0.025008931761343337,0,0,286,0.01,7.043225285858905,0.32666666666666666,0.023333333333333334,0.3433333333333333,0.25666666666666665,0.05,0.0,0.0,0.0,0.0,0.0,0.32666666666666666,0.01,0.12,0.19666666666666666,0.14333333333333334,0.1,0.056666666666666664,0.02666666666666667,0.006666666666666667,0.013333333333333334,0.0,0.30666666666666664,0.02,0.006666666666666667,0.6666666666666666,0.0,0.0,0.91
PVD30005,PV,PV-D,300,1000,2729,2729,0.9998732136313668,198.17333333333335,142.3511501729282,14,28,243,310,369,469,38.26,13.748662965297147,12,27,37,49,56,71,4.723337746872535,2.961720944867449,1.0,1.4583333333333333,5.170731707317073,6.930232558139535,8.428571428571429,12.615384615384615,9095.513333333334,7526.729821320515,216,714,9900,15162,18590,30954,0.78,1,0,0.12,0.63,0.7732728149358166,0.469,0.02601685599120557,0,0,287,0.006666666666666667,6.904815140949999,0.37,0.02666666666666667,0.31,0.24,0.05333333333333334,0.0,0.0,0.0,0.0,0.0,0.37,0.016666666666666666,0.08333333333333333,0.14333333333333334,0.15666666666666668,0.13,0.05333333333333334,0.03,0.006666666666666667,0.01,0.0,0.36666666666666664,0.0033333333333333335,0.02666666666666667,0.6033333333333334,0.0,0.0,0.9133333333333333
PVD30006,PV,PV-D,300,1000,3025,3025,0.9998390082644628,225.48666666666668,133.71954415450602,15,35,265,324,373,469,39.59,12.751022181247535,13,30,38,49,57,70,5.442725407383296,3.028921344963954,1.0,1.8333333333333333,5.796610169491525,7.711111111111111,9.387755102040817,12.612903225806452,10081.71,7014.280040928411,238,1155,10780,15105,19380,29106,0.7766666666666666,1,0,0.12666666666666668,0.73,0.6772150393915002,0.469,0.023140495867768594,0,0,293,0.006666666666666667,7.200569514251805,0.27,0.03333333333333333,0.36,0.27666666666666667,0.06,0.0,0.0,0.0,0.0,0.0,0.27,0.02,0.08333333333333333,0.20333333333333334,0.15666666666666668,0.10666666666666667,0.10333333333333333,0.03333333333333333,0.016666666666666666,0.006666666666666667,0.0,0.26666666666666666,0.0033333333333333335,0.016666666666666666,0.7133333333333334,0.0,0.0,0.9533333333333334
PVD30007,PV,PV-D,300,1000,2836,2836,0.9999464033850494,207.96,134.19356069995808,13,31,243,315,365,446,39.373333333333335,13.317680812447122,14,29,38,49,58,69,4.9942628581063575,2.9240738494229483,1.0,1.6875,5.254901960784314,7.12,8.733333333333333,12.8,9452.826666666666,7108.889138486328,182,899,10240,14706,18880,28990,0.7733333333333333,1,0,0.14333333333333334,0.69,0.707691231140993,0.446,0.024330042313117067,0,0,290,0.006666666666666667,7.115869815804415,0.31,0.056666666666666664,0.35333333333333333,0.25333333333333335,0.02666666666666667,0.0,0.0,0.0,0.0,0.0,0.31,0.013333333333333334,0.10666666666666667,0.14666666666666667,0.16666666666666666,0.11333333333333333,0.07666666666666666,0.04666666666666667,0.013333333333333334,0.006666666666666667,0.0,0.2833333333333333,0.02666666666666667,0.03,0.66,0.0,0.0,0.9333333333333333
PVD30008,PV,PV-D,300,1000,3166,3166,0.9997312065698042,231.43,137.12844988063807,13,40,265,340,392,456,39.83,13.105511563206273,13,29,41,50,56,71,5.441301449806477,2.957295520105448,1.0,1.9523809523809523,5.7555555555555555,7.510204081632653,9.131578947368421,12.6,10550.496666666666,7311.793647935429,169,975,11928,15768,19431,29832,0.7766666666666666,1,0,0.10666666666666667,0.7333333333333333,0.7415342653768425,0.456,0.02242577384712571,0,0,292,0.006666666666666667,7.199601200733627,0.26666666666666666,0.04,0.32666666666666666,0.2966666666666667,0.07,0.0,0.0,0.0,0.0,0.0,0.26666666666666666,0.016666666666666666,0.09333333333333334,0.13333333333333333,0.19333333333333333,0.15666666666666668,0.07333333333333333,0.03666666666666667,0.016666666666666666,0.013333333333333334,0.0,0.25333333333333335,0.013333333333333334,0.016666666666666666,0.7166666666666667,0.0,0.0,0.9466666666666667
PVD30009,PV,PV-D,300,1000,2785,2785,0.9998940754039497,210.93333333333334,138.118773363926,13,33,252,320,369,473,38.15,12.567716578599311,14,29,38,47,54,68,5.169706949563948,3.085784436350003,1.0,1.5714285714285714,5.534883720930233,7.5,9.18421052631579,11.851851851851851,9282.35,6985.573913012922,182,841,10240,14946,17568,29376,0.81,1,0,0.12666666666666668,0.68,0.7116122699977807,0.473,0.024416517055655295,0,0,290,0.006666666666666667,7.123288357435024,0.32,0.05,0.32,0.25666666666666665,0.05333333333333334,0.0,0.0,0.0,0.0,0.0,0.32,0.006666666666666667,0.08666666666666667,0.21333333333333335,0.11666666666666667,0.16333333333333333,0.056666666666666664,0.013333333333333334,0.013333333333333334,0.01,0.0,0.30666666666666664,0.013333333333333334,0.023333333333333334,0.6566666666666666,0.0,0.0,0.9333333333333333
PVD30010,PV,PV-D,300,1000,2987,2987,0.9999775694676933,216.48,139.33182072544184,14,32,254,326,385,455,39.32,13.550311189538538,14,29,38,50,58,72,5.109751438625465,2.9135441740651133,1.0,1.6470588235294117,5.53125,7.333333333333333,8.542857142857143,12.53125,9956.443333333333,7625.063372859417,256,841,10411,15420,20608,27792,0.7566666666666667,1,0,0.14,0.6933333333333334,0.7650729576693174,0.455,0.024104452628054905,0,0,294,0.006666666666666667,7.148483454303093,0.30666666666666664,0.043333333333333335,0.32666666666666666,0.26,0.06333333333333334,0.0,0.0,0.0,0.0,0.0,0.30666666666666664,0.0,0.08333333333333333,0.15,0.16333333333333333,0.09666666666666666,0.06666666666666667,0.07,0.03,0.03333333333333333,0.0,0.29333333333333333,0.013333333333333334,0.02666666666666667,0.6666666666666666,0.0,0.0,0.96
PVD30011,PV,PV-D,300,1000,2855,2855,0.999815061295972,213.03333333333333,137.2824056057035,14,32,255,320,370,467,39.09,12.287469226818027,13,30,38,47,57,70,5.139963028546881,2.9712134399068586,1.0,1.5263157894736843,5.714285714285714,7.488372093023256,8.894736842105264,11.258064516129032,9514.906666666666,7087.764928707937,221,952,10268,14700,18560,31289,0.8266666666666667,1,0,0.13,0.6866666666666666,0.7039341491920641,0.467,0.024518388791593695,0,0,286,0.01,7.075960469778628,0.31333333333333335,0.03,0.35,0.25333333333333335,0.05333333333333334,0.0,0.0,0.0,0.0,0.0,0.31333333333333335,0.02,0.12,0.18,0.14666666666666667,0.13333333333333333,0.06,0.016666666666666666,0.0033333333333333335,0.006666666666666667,0.0,0.31333333333333335,0.0,0.016666666666666666,0.67,0.0,0.0,0.9166666666666666
PVD30012,PV,PV-D,300,1000,2986,2986,0.9997083054253182,222.15333333333334,142.70523170352078,12,32,264,330,395,467,38.88,13.307601837546338,14,29,38,49,58,71,5.381619899288116,3.2270331222289057,1.0,1.5555555555555556,5.786885245901639,7.634615384615385,9.5,12.892857142857142,9950.43,7507.014584491405,210,930,10250,15015,19908,29295,0.7733333333333333,1,0,0.14,0.6966666666666667,0.6914501675032674,0.467,0.023777628935030142,0,0,292,0.006666666666666667,7.194708097319093,0.30333333333333334,0.03,0.30666666666666664,0.2733333333333333,0.08666666666666667,0.0,0.0,0.0,0.0,0.0,0.30333333333333334,0.023333333333333334,0.07333333333333333,0.16333333333333333,0.15666666666666668,0.12,0.07,0.04666666666666667,0.03333333333333333,0.01,0.0,0.2966666666666667,0.006666666666666667,0.02,0.6766666666666666,0.0,0.0,0.9466666666666667
PVD30013,PV,PV-D,300,1000,3042,3042,0.9997491781722551,218.11666666666667,141.17314329888984,13,32,256,330,390,467,39.75,13.621582140118672,12,29,39,50,58,71,5.09097451546953,2.8920568855421496,1.0,1.6,5.659574468085107,7.333333333333333,8.829268292682928,11.25,10137.456666666667,7688.212032377157,210,910,10885,15400,20862,28487,0.76,1,0,0.12,0.6933333333333334,0.7630358661807076,0.467,0.02333990795529257,0,0,287,0.01,7.123364765792126,0.30666666666666664,0.04666666666666667,0.3,0.27,0.07666666666666666,0.0,0.0,0.0,0.0,0.0,0.30666666666666664,0.01,0.056666666666666664,0.17666666666666667,0.13333333333333333,0.14666666666666667,0.06,0.04666666666666667,0.043333333333333335,0.02,0.0,0.29333333333333333,0.013333333333333334,0.04,0.6533333333333333,0.0,0.0,0.9166666666666666
PVD30014,PV,PV-D,300,1000,2790,2790,0.9999440860215054,212.05333333333334,140.09076993942972,13,30,244,329,386,459,37.78666666666667,13.144624587851704,13,27,37,47,57,70,5.275975634126434,3.2168797015562913,1.0,1.5,5.521739130434782,7.585365853658536,9.76,12.384615384615385,9299.48,7313.462053610451,255,825,9592,14100,19550,31212,0.8033333333333333,1,0,0.13,0.68,0.698741731010828,0.459,0.025089605734767026,0,0,288,0.01,7.01106281755309,0.32,0.056666666666666664,0.28,0.28,0.06333333333333334,0.0,0.0,0.0,0.0,0.0,0.32,0.02666666666666667,0.14333333333333334,0.16666666666666666,0.14666666666666667,0.07666666666666666,0.06333333333333334,0.04,0.013333333333333334,0.0033333333333333335,0.0,0.3,0.02,0.023333333333333334,0.6566666666666666,0.0,0.0,0.9266666666666666
PVD30015,PV,PV-D,300,1000,2925,2925,0.9998235897435898,215.36666666666667,136.48161862398257,14,31,256,321,371,454,39.50333333333333,13.107630941130777,14,30,39,50,57,69,5.160733199833245,3.0634172565770563,1.0,1.5789473684210527,5.25,7.257142857142857,9.25,13.25,9748.28,7116.466002747899,238,930,10660,15255,19080,26102,0.76,1,0,0.13333333333333333,0.6966666666666667,0.6934672859761002,0.454,0.02358974358974359,0,0,288,0.006666666666666667,7.149342629070969,0.30333333333333334,0.05333333333333334,0.2966666666666667,0.30666666666666664,0.04,0.0,0.0,0.0,0.0,0.0,0.30333333333333334,0.0,0.056666666666666664,0.13,0.17,0.11333333333333333,0.11,0.06333333333333334,0.03,0.023333333333333334,0.0,0.29333333333333333,0.01,0.02,0.6766666666666666,0.0,0.0,0.92
