instance,family,budget_s,seed,gap,wall_s,cpu_s
C1P1,C,0.02,3000,0.0000,0.005,0.005
C1P1,C,0.02,3001,0.0000,0.002,0.002
C1P1,C,0.02,3002,0.0000,0.006,0.006
C1P1,C,0.02,3003,0.0000,0.007,0.007
C1P1,C,0.02,3004,0.0000,0.002,0.002
C1P1,C,0.05,3000,0.0000,0.005,0.005
C1P1,C,0.05,3001,0.0000,0.003,0.003
C1P1,C,0.05,3002,0.0000,0.005,0.005
C1P1,C,0.05,3003,0.0000,0.005,0.005
C1P1,C,0.05,3004,0.0000,0.002,0.002
C1P1,C,0.10,3000,0.0000,0.006,0.006
C1P1,C,0.10,3001,0.0000,0.003,0.003
C1P1,C,0.10,3002,0.0000,0.006,0.006
C1P1,C,0.10,3003,0.0000,0.007,0.007
C1P1,C,0.10,3004,0.0000,0.002,0.002
C1P1,C,0.15,3000,0.0000,0.005,0.005
C1P1,C,0.15,3001,0.0000,0.002,0.002
C1P1,C,0.15,3002,0.0000,0.006,0.006
C1P1,C,0.15,3003,0.0000,0.006,0.006
C1P1,C,0.15,3004,0.0000,0.002,0.002
C1P1,C,0.20,3000,0.0000,0.006,0.006
C1P1,C,0.20,3001,0.0000,0.003,0.003
C1P1,C,0.20,3002,0.0000,0.006,0.006
C1P1,C,0.20,3003,0.0000,0.006,0.006
C1P1,C,0.20,3004,0.0000,0.002,0.002
C1P1,C,1.00,3000,0.0000,0.006,0.006
C1P1,C,1.00,3001,0.0000,0.003,0.003
C1P1,C,1.00,3002,0.0000,0.006,0.005
C1P1,C,1.00,3003,0.0000,0.005,0.005
C1P1,C,1.00,3004,0.0000,0.002,0.002
C1P1,C,5.00,3000,0.0000,0.005,0.005
C1P1,C,5.00,3001,0.0000,0.002,0.002
C1P1,C,5.00,3002,0.0000,0.005,0.005
C1P1,C,5.00,3003,0.0000,0.005,0.005
C1P1,C,5.00,3004,0.0000,0.002,0.002
C1P2,C,0.02,3000,10.0000,0.020,0.020
C1P2,C,0.02,3001,10.0000,0.020,0.020
C1P2,C,0.02,3002,5.0000,0.020,0.020
C1P2,C,0.02,3003,10.0000,0.020,0.020
C1P2,C,0.02,3004,5.0000,0.020,0.020
C1P2,C,0.05,3000,5.0000,0.050,0.050
C1P2,C,0.05,3001,5.0000,0.050,0.050
C1P2,C,0.05,3002,5.0000,0.050,0.050
C1P2,C,0.05,3003,5.0000,0.050,0.050
C1P2,C,0.05,3004,5.0000,0.050,0.050
C1P2,C,0.10,3000,5.0000,0.100,0.100
C1P2,C,0.10,3001,5.0000,0.100,0.100
C1P2,C,0.10,3002,5.0000,0.100,0.100
C1P2,C,0.10,3003,5.0000,0.100,0.100
C1P2,C,0.10,3004,5.0000,0.100,0.100
C1P2,C,0.15,3000,5.0000,0.150,0.150
C1P2,C,0.15,3001,5.0000,0.150,0.150
C1P2,C,0.15,3002,5.0000,0.150,0.150
C1P2,C,0.15,3003,5.0000,0.150,0.149
C1P2,C,0.15,3004,5.0000,0.150,0.149
C1P2,C,0.20,3000,5.0000,0.200,0.199
C1P2,C,0.20,3001,5.0000,0.200,0.179
C1P2,C,0.20,3002,5.0000,0.200,0.199
C1P2,C,0.20,3003,5.0000,0.200,0.199
C1P2,C,0.20,3004,5.0000,0.200,0.200
C1P2,C,1.00,3000,5.0000,1.000,0.998
C1P2,C,1.00,3001,5.0000,1.000,0.982
C1P2,C,1.00,3002,5.0000,1.000,0.977
C1P2,C,1.00,3003,5.0000,1.000,0.988
C1P2,C,1.00,3004,5.0000,1.000,0.994
C1P2,C,5.00,3000,0.0000,1.974,1.966
C1P2,C,5.00,3001,0.0000,2.396,2.388
C1P2,C,5.00,3002,5.0000,5.000,4.754
C1P2,C,5.00,3003,0.0000,3.036,3.020
C1P2,C,5.00,3004,0.0000,2.803,2.686
C1P3,C,0.02,3000,0.0000,0.001,0.001
C1P3,C,0.02,3001,0.0000,0.001,0.001
C1P3,C,0.02,3002,0.0000,0.001,0.001
C1P3,C,0.02,3003,0.0000,0.001,0.001
C1P3,C,0.02,3004,0.0000,0.001,0.001
C1P3,C,0.05,3000,0.0000,0.001,0.001
C1P3,C,0.05,3001,0.0000,0.001,0.001
C1P3,C,0.05,3002,0.0000,0.001,0.001
C1P3,C,0.05,3003,0.0000,0.001,0.001
C1P3,C,0.05,3004,0.0000,0.001,0.001
C1P3,C,0.10,3000,0.0000,0.001,0.001
C1P3,C,0.10,3001,0.0000,0.000,0.000
C1P3,C,0.10,3002,0.0000,0.000,0.000
C1P3,C,0.10,3003,0.0000,0.000,0.000
C1P3,C,0.10,3004,0.0000,0.000,0.000
C1P3,C,0.15,3000,0.0000,0.000,0.000
C1P3,C,0.15,3001,0.0000,0.000,0.000
C1P3,C,0.15,3002,0.0000,0.000,0.000
C1P3,C,0.15,3003,0.0000,0.000,0.000
C1P3,C,0.15,3004,0.0000,0.000,0.000
C1P3,C,0.20,3000,0.0000,0.000,0.000
C1P3,C,0.20,3001,0.0000,0.000,0.000
C1P3,C,0.20,3002,0.0000,0.000,0.000
C1P3,C,0.20,3003,0.0000,0.000,0.000
C1P3,C,0.20,3004,0.0000,0.000,0.000
C1P3,C,1.00,3000,0.0000,0.000,0.000
C1P3,C,1.00,3001,0.0000,0.000,0.000
C1P3,C,1.00,3002,0.0000,0.001,0.001
C1P3,C,1.00,3003,0.0000,0.000,0.000
C1P3,C,1.00,3004,0.0000,0.000,0.000
C1P3,C,5.00,3000,0.0000,0.000,0.000
C1P3,C,5.00,3001,0.0000,0.000,0.000
C1P3,C,5.00,3002,0.0000,0.000,0.000
C1P3,C,5.00,3003,0.0000,0.000,0.000
C1P3,C,5.00,3004,0.0000,0.000,0.000
C2P1,C,0.02,3000,6.6667,0.020,0.020
C2P1,C,0.02,3001,6.6667,0.020,0.020
C2P1,C,0.02,3002,0.0000,0.017,0.017
C2P1,C,0.02,3003,6.6667,0.020,0.020
C2P1,C,0.02,3004,6.6667,0.020,0.020
C2P1,C,0.05,3000,0.0000,0.045,0.045
C2P1,C,0.05,3001,6.6667,0.050,0.050
C2P1,C,0.05,3002,0.0000,0.017,0.017
C2P1,C,0.05,3003,6.6667,0.050,0.050
C2P1,C,0.05,3004,6.6667,0.050,0.050
C2P1,C,0.10,3000,0.0000,0.040,0.040
C2P1,C,0.10,3001,6.6667,0.100,0.100
C2P1,C,0.10,3002,0.0000,0.017,0.017
C2P1,C,0.10,3003,6.6667,0.100,0.100
C2P1,C,0.10,3004,6.6667,0.100,0.099
C2P1,C,0.15,3000,0.0000,0.044,0.044
C2P1,C,0.15,3001,6.6667,0.150,0.150
C2P1,C,0.15,3002,0.0000,0.016,0.016
C2P1,C,0.15,3003,6.6667,0.150,0.149
C2P1,C,0.15,3004,6.6667,0.150,0.149
C2P1,C,0.20,3000,0.0000,0.045,0.045
C2P1,C,0.20,3001,0.0000,0.155,0.155
C2P1,C,0.20,3002,0.0000,0.016,0.016
C2P1,C,0.20,3003,6.6667,0.200,0.199
C2P1,C,0.20,3004,6.6667,0.200,0.199
C2P1,C,1.00,3000,0.0000,0.075,0.047
C2P1,C,1.00,3001,0.0000,0.167,0.165
C2P1,C,1.00,3002,0.0000,0.018,0.018
C2P1,C,1.00,3003,0.0000,0.259,0.257
C2P1,C,1.00,3004,0.0000,0.226,0.224
C2P1,C,5.00,3000,0.0000,0.047,0.047
C2P1,C,5.00,3001,0.0000,0.163,0.162
C2P1,C,5.00,3002,0.0000,0.018,0.018
C2P1,C,5.00,3003,0.0000,0.260,0.258
C2P1,C,5.00,3004,0.0000,0.225,0.223
C2P2,C,0.02,3000,6.6667,0.020,0.020
C2P2,C,0.02,3001,6.6667,0.020,0.020
C2P2,C,0.02,3002,6.6667,0.020,0.019
C2P2,C,0.02,3003,6.6667,0.020,0.020
C2P2,C,0.02,3004,6.6667,0.020,0.020
C2P2,C,0.05,3000,6.6667,0.050,0.050
C2P2,C,0.05,3001,6.6667,0.050,0.050
C2P2,C,0.05,3002,6.6667,0.050,0.050
C2P2,C,0.05,3003,6.6667,0.050,0.050
C2P2,C,0.05,3004,6.6667,0.050,0.050
C2P2,C,0.10,3000,0.0000,0.059,0.059
C2P2,C,0.10,3001,6.6667,0.100,0.096
C2P2,C,0.10,3002,0.0000,0.065,0.064
C2P2,C,0.10,3003,6.6667,0.100,0.099
C2P2,C,0.10,3004,6.6667,0.100,0.099
C2P2,C,0.15,3000,0.0000,0.062,0.060
C2P2,C,0.15,3001,6.6667,0.150,0.147
C2P2,C,0.15,3002,0.0000,0.065,0.064
C2P2,C,0.15,3003,6.6667,0.150,0.149
C2P2,C,0.15,3004,6.6667,0.150,0.148
C2P2,C,0.20,3000,0.0000,0.059,0.059
C2P2,C,0.20,3001,6.6667,0.200,0.193
C2P2,C,0.20,3002,0.0000,0.066,0.065
C2P2,C,0.20,3003,6.6667,0.200,0.194
C2P2,C,0.20,3004,6.6667,0.200,0.193
C2P2,C,1.00,3000,0.0000,0.061,0.059
C2P2,C,1.00,3001,0.0000,0.297,0.289
C2P2,C,1.00,3002,0.0000,0.066,0.065
C2P2,C,1.00,3003,0.0000,0.251,0.238
C2P2,C,1.00,3004,0.0000,0.415,0.397
C2P2,C,5.00,3000,0.0000,0.061,0.059
C2P2,C,5.00,3001,0.0000,0.293,0.289
C2P2,C,5.00,3002,0.0000,0.065,0.065
C2P2,C,5.00,3003,0.0000,0.238,0.235
C2P2,C,5.00,3004,0.0000,0.397,0.394
C2P3,C,0.02,3000,0.0000,0.001,0.001
C2P3,C,0.02,3001,0.0000,0.001,0.001
C2P3,C,0.02,3002,0.0000,0.001,0.001
C2P3,C,0.02,3003,0.0000,0.001,0.001
C2P3,C,0.02,3004,0.0000,0.001,0.001
C2P3,C,0.05,3000,0.0000,0.001,0.001
C2P3,C,0.05,3001,0.0000,0.001,0.001
C2P3,C,0.05,3002,0.0000,0.001,0.001
C2P3,C,0.05,3003,0.0000,0.001,0.001
C2P3,C,0.05,3004,0.0000,0.001,0.001
C2P3,C,0.10,3000,0.0000,0.001,0.001
C2P3,C,0.10,3001,0.0000,0.001,0.001
C2P3,C,0.10,3002,0.0000,0.001,0.001
C2P3,C,0.10,3003,0.0000,0.001,0.001
C2P3,C,0.10,3004,0.0000,0.001,0.001
C2P3,C,0.15,3000,0.0000,0.001,0.001
C2P3,C,0.15,3001,0.0000,0.001,0.001
C2P3,C,0.15,3002,0.0000,0.001,0.001
C2P3,C,0.15,3003,0.0000,0.001,0.001
C2P3,C,0.15,3004,0.0000,0.001,0.001
C2P3,C,0.20,3000,0.0000,0.001,0.001
C2P3,C,0.20,3001,0.0000,0.001,0.001
C2P3,C,0.20,3002,0.0000,0.001,0.001
C2P3,C,0.20,3003,0.0000,0.001,0.001
C2P3,C,0.20,3004,0.0000,0.001,0.001
C2P3,C,1.00,3000,0.0000,0.001,0.001
C2P3,C,1.00,3001,0.0000,0.001,0.001
C2P3,C,1.00,3002,0.0000,0.001,0.001
C2P3,C,1.00,3003,0.0000,0.001,0.001
C2P3,C,1.00,3004,0.0000,0.001,0.001
C2P3,C,5.00,3000,0.0000,0.001,0.001
C2P3,C,5.00,3001,0.0000,0.001,0.001
C2P3,C,5.00,3002,0.0000,0.001,0.001
C2P3,C,5.00,3003,0.0000,0.001,0.001
C2P3,C,5.00,3004,0.0000,0.001,0.001
C3P1,C,0.02,3000,3.3333,0.020,0.020
C3P1,C,0.02,3001,3.3333,0.020,0.020
C3P1,C,0.02,3002,3.3333,0.020,0.020
C3P1,C,0.02,3003,3.3333,0.020,0.020
C3P1,C,0.02,3004,3.3333,0.020,0.020
C3P1,C,0.05,3000,3.3333,0.050,0.050
C3P1,C,0.05,3001,3.3333,0.050,0.050
C3P1,C,0.05,3002,3.3333,0.050,0.050
C3P1,C,0.05,3003,3.3333,0.050,0.050
C3P1,C,0.05,3004,3.3333,0.050,0.050
C3P1,C,0.10,3000,3.3333,0.100,0.098
C3P1,C,0.10,3001,3.3333,0.100,0.100
C3P1,C,0.10,3002,3.3333,0.100,0.099
C3P1,C,0.10,3003,3.3333,0.100,0.099
C3P1,C,0.10,3004,3.3333,0.100,0.074
C3P1,C,0.15,3000,3.3333,0.150,0.149
C3P1,C,0.15,3001,3.3333,0.150,0.150
C3P1,C,0.15,3002,3.3333,0.150,0.149
C3P1,C,0.15,3003,3.3333,0.150,0.148
C3P1,C,0.15,3004,3.3333,0.150,0.149
C3P1,C,0.20,3000,3.3333,0.200,0.199
C3P1,C,0.20,3001,3.3333,0.200,0.198
C3P1,C,0.20,3002,3.3333,0.210,0.155
C3P1,C,0.20,3003,3.3333,0.200,0.195
C3P1,C,0.20,3004,3.3333,0.200,0.199
C3P1,C,1.00,3000,0.0000,0.636,0.633
C3P1,C,1.00,3001,0.0000,0.588,0.584
C3P1,C,1.00,3002,0.0000,0.316,0.314
C3P1,C,1.00,3003,3.3333,1.000,0.992
C3P1,C,1.00,3004,0.0000,0.726,0.721
C3P1,C,5.00,3000,0.0000,0.645,0.642
C3P1,C,5.00,3001,0.0000,0.581,0.578
C3P1,C,5.00,3002,0.0000,0.317,0.315
C3P1,C,5.00,3003,0.0000,2.658,2.552
C3P1,C,5.00,3004,0.0000,0.673,0.670
C3P2,C,0.02,3000,10.0000,0.020,0.020
C3P2,C,0.02,3001,10.0000,0.020,0.020
C3P2,C,0.02,3002,6.6667,0.020,0.020
C3P2,C,0.02,3003,6.6667,0.020,0.020
C3P2,C,0.02,3004,10.0000,0.020,0.020
C3P2,C,0.05,3000,6.6667,0.050,0.049
C3P2,C,0.05,3001,3.3333,0.050,0.050
C3P2,C,0.05,3002,6.6667,0.050,0.050
C3P2,C,0.05,3003,6.6667,0.050,0.050
C3P2,C,0.05,3004,6.6667,0.050,0.050
C3P2,C,0.10,3000,6.6667,0.100,0.100
C3P2,C,0.10,3001,3.3333,0.108,0.087
C3P2,C,0.10,3002,3.3333,0.100,0.097
C3P2,C,0.10,3003,6.6667,0.100,0.099
C3P2,C,0.10,3004,6.6667,0.100,0.099
C3P2,C,0.15,3000,6.6667,0.150,0.149
C3P2,C,0.15,3001,3.3333,0.150,0.149
C3P2,C,0.15,3002,3.3333,0.150,0.149
C3P2,C,0.15,3003,6.6667,0.150,0.148
C3P2,C,0.15,3004,6.6667,0.150,0.150
C3P2,C,0.20,3000,3.3333,0.200,0.198
C3P2,C,0.20,3001,3.3333,0.200,0.198
C3P2,C,0.20,3002,3.3333,0.200,0.199
C3P2,C,0.20,3003,6.6667,0.200,0.199
C3P2,C,0.20,3004,6.6667,0.200,0.199
C3P2,C,1.00,3000,3.3333,1.000,0.995
C3P2,C,1.00,3001,3.3333,1.000,0.972
C3P2,C,1.00,3002,3.3333,1.000,0.994
C3P2,C,1.00,3003,3.3333,1.000,0.994
C3P2,C,1.00,3004,3.3333,1.000,0.992
C3P2,C,5.00,3000,3.3333,5.000,4.880
C3P2,C,5.00,3001,3.3333,5.000,4.926
C3P2,C,5.00,3002,3.3333,5.000,4.968
C3P2,C,5.00,3003,3.3333,5.000,4.897
C3P2,C,5.00,3004,3.3333,5.000,4.975
C3P3,C,0.02,3000,0.0000,0.016,0.016
C3P3,C,0.02,3001,3.3333,0.020,0.020
C3P3,C,0.02,3002,0.0000,0.014,0.014
C3P3,C,0.02,3003,3.3333,0.020,0.018
C3P3,C,0.02,3004,6.6667,0.022,0.007
C3P3,C,0.05,3000,0.0000,0.018,0.018
C3P3,C,0.05,3001,0.0000,0.021,0.021
C3P3,C,0.05,3002,0.0000,0.014,0.014
C3P3,C,0.05,3003,0.0000,0.025,0.025
C3P3,C,0.05,3004,0.0000,0.020,0.020
C3P3,C,0.10,3000,0.0000,0.017,0.017
C3P3,C,0.10,3001,0.0000,0.019,0.019
C3P3,C,0.10,3002,0.0000,0.014,0.014
C3P3,C,0.10,3003,0.0000,0.026,0.025
C3P3,C,0.10,3004,0.0000,0.020,0.019
C3P3,C,0.15,3000,0.0000,0.016,0.016
C3P3,C,0.15,3001,0.0000,0.022,0.022
C3P3,C,0.15,3002,0.0000,0.014,0.014
C3P3,C,0.15,3003,0.0000,0.025,0.025
C3P3,C,0.15,3004,0.0000,0.020,0.020
C3P3,C,0.20,3000,0.0000,0.020,0.019
C3P3,C,0.20,3001,0.0000,0.022,0.022
C3P3,C,0.20,3002,0.0000,0.015,0.014
C3P3,C,0.20,3003,0.0000,0.025,0.025
C3P3,C,0.20,3004,0.0000,0.020,0.020
C3P3,C,1.00,3000,0.0000,0.016,0.016
C3P3,C,1.00,3001,0.0000,0.022,0.021
C3P3,C,1.00,3002,0.0000,0.014,0.014
C3P3,C,1.00,3003,0.0000,0.025,0.025
C3P3,C,1.00,3004,0.0000,0.019,0.019
C3P3,C,5.00,3000,0.0000,0.018,0.018
C3P3,C,5.00,3001,0.0000,0.021,0.021
C3P3,C,5.00,3002,0.0000,0.014,0.014
C3P3,C,5.00,3003,0.0000,0.025,0.025
C3P3,C,5.00,3004,0.0000,0.018,0.017
C4P1,C,0.02,3000,3.3333,0.020,0.020
C4P1,C,0.02,3001,3.3333,0.020,0.020
C4P1,C,0.02,3002,5.0000,0.020,0.020
C4P1,C,0.02,3003,5.0000,0.020,0.020
C4P1,C,0.02,3004,6.6667,0.020,0.020
C4P1,C,0.05,3000,3.3333,0.050,0.050
C4P1,C,0.05,3001,3.3333,0.051,0.050
C4P1,C,0.05,3002,3.3333,0.050,0.050
C4P1,C,0.05,3003,5.0000,0.050,0.050
C4P1,C,0.05,3004,5.0000,0.050,0.050
C4P1,C,0.10,3000,3.3333,0.100,0.099
C4P1,C,0.10,3001,3.3333,0.100,0.100
C4P1,C,0.10,3002,3.3333,0.106,0.081
C4P1,C,0.10,3003,5.0000,0.100,0.099
C4P1,C,0.10,3004,3.3333,0.100,0.086
C4P1,C,0.15,3000,3.3333,0.150,0.110
C4P1,C,0.15,3001,3.3333,0.150,0.150
C4P1,C,0.15,3002,1.6667,0.150,0.150
C4P1,C,0.15,3003,3.3333,0.150,0.149
C4P1,C,0.15,3004,3.3333,0.150,0.150
C4P1,C,0.20,3000,3.3333,0.200,0.200
C4P1,C,0.20,3001,3.3333,0.200,0.199
C4P1,C,0.20,3002,1.6667,0.200,0.200
C4P1,C,0.20,3003,3.3333,0.201,0.199
C4P1,C,0.20,3004,3.3333,0.200,0.199
C4P1,C,1.00,3000,3.3333,1.000,0.976
C4P1,C,1.00,3001,3.3333,1.000,0.992
C4P1,C,1.00,3002,1.6667,1.000,0.990
C4P1,C,1.00,3003,1.6667,1.000,0.990
C4P1,C,1.00,3004,3.3333,1.000,0.995
C4P1,C,5.00,3000,1.6667,5.000,4.901
C4P1,C,5.00,3001,1.6667,5.000,4.915
C4P1,C,5.00,3002,1.6667,5.000,4.947
C4P1,C,5.00,3003,1.6667,5.000,4.965
C4P1,C,5.00,3004,1.6667,5.000,4.938
C4P2,C,0.02,3000,1.6667,0.020,0.020
C4P2,C,0.02,3001,1.6667,0.020,0.020
C4P2,C,0.02,3002,1.6667,0.020,0.020
C4P2,C,0.02,3003,1.6667,0.020,0.020
C4P2,C,0.02,3004,1.6667,0.020,0.020
C4P2,C,0.05,3000,1.6667,0.050,0.050
C4P2,C,0.05,3001,1.6667,0.050,0.050
C4P2,C,0.05,3002,1.6667,0.050,0.050
C4P2,C,0.05,3003,1.6667,0.050,0.050
C4P2,C,0.05,3004,1.6667,0.051,0.050
C4P2,C,0.10,3000,1.6667,0.101,0.100
C4P2,C,0.10,3001,1.6667,0.100,0.100
C4P2,C,0.10,3002,1.6667,0.100,0.100
C4P2,C,0.10,3003,1.6667,0.100,0.098
C4P2,C,0.10,3004,1.6667,0.100,0.096
C4P2,C,0.15,3000,1.6667,0.150,0.147
C4P2,C,0.15,3001,1.6667,0.151,0.149
C4P2,C,0.15,3002,1.6667,0.151,0.149
C4P2,C,0.15,3003,1.6667,0.165,0.109
C4P2,C,0.15,3004,1.6667,0.150,0.146
C4P2,C,0.20,3000,1.6667,0.200,0.197
C4P2,C,0.20,3001,1.6667,0.200,0.199
C4P2,C,0.20,3002,1.6667,0.201,0.199
C4P2,C,0.20,3003,1.6667,0.201,0.199
C4P2,C,0.20,3004,1.6667,0.200,0.200
C4P2,C,1.00,3000,1.6667,1.000,0.996
C4P2,C,1.00,3001,1.6667,1.001,0.996
C4P2,C,1.00,3002,1.6667,1.000,0.965
C4P2,C,1.00,3003,1.6667,1.000,0.997
C4P2,C,1.00,3004,1.6667,1.000,0.995
C4P2,C,5.00,3000,1.6667,5.000,4.955
C4P2,C,5.00,3001,1.6667,5.000,4.925
C4P2,C,5.00,3002,1.6667,5.000,4.960
C4P2,C,5.00,3003,1.6667,5.000,4.985
C4P2,C,5.00,3004,1.6667,5.000,4.981
C4P3,C,0.02,3000,1.6667,0.021,0.021
C4P3,C,0.02,3001,3.3333,0.020,0.020
C4P3,C,0.02,3002,3.3333,0.020,0.020
C4P3,C,0.02,3003,3.3333,0.020,0.020
C4P3,C,0.02,3004,1.6667,0.020,0.020
C4P3,C,0.05,3000,1.6667,0.050,0.050
C4P3,C,0.05,3001,3.3333,0.051,0.051
C4P3,C,0.05,3002,3.3333,0.050,0.050
C4P3,C,0.05,3003,3.3333,0.050,0.050
C4P3,C,0.05,3004,1.6667,0.050,0.050
C4P3,C,0.10,3000,1.6667,0.100,0.100
C4P3,C,0.10,3001,3.3333,0.100,0.100
C4P3,C,0.10,3002,3.3333,0.100,0.100
C4P3,C,0.10,3003,3.3333,0.100,0.100
C4P3,C,0.10,3004,1.6667,0.101,0.100
C4P3,C,0.15,3000,1.6667,0.151,0.150
C4P3,C,0.15,3001,3.3333,0.150,0.150
C4P3,C,0.15,3002,1.6667,0.150,0.150
C4P3,C,0.15,3003,1.6667,0.150,0.150
C4P3,C,0.15,3004,1.6667,0.150,0.150
C4P3,C,0.20,3000,1.6667,0.200,0.198
C4P3,C,0.20,3001,3.3333,0.200,0.200
C4P3,C,0.20,3002,1.6667,0.200,0.200
C4P3,C,0.20,3003,1.6667,0.200,0.196
C4P3,C,0.20,3004,1.6667,0.201,0.200
C4P3,C,1.00,3000,1.6667,1.000,0.997
C4P3,C,1.00,3001,1.6667,1.001,0.998
C4P3,C,1.00,3002,1.6667,1.000,0.971
C4P3,C,1.00,3003,1.6667,1.000,0.995
C4P3,C,1.00,3004,1.6667,1.000,0.995
C4P3,C,5.00,3000,1.6667,5.001,4.889
C4P3,C,5.00,3001,1.6667,5.000,4.990
C4P3,C,5.00,3002,1.6667,5.000,4.909
C4P3,C,5.00,3003,1.6667,5.000,4.821
C4P3,C,5.00,3004,1.6667,5.000,4.960
C5P1,C,0.02,3000,3.3333,0.020,0.020
C5P1,C,0.02,3001,2.2222,0.020,0.020
C5P1,C,0.02,3002,2.2222,0.021,0.021
C5P1,C,0.02,3003,1.1111,0.020,0.020
C5P1,C,0.02,3004,2.2222,0.021,0.021
C5P1,C,0.05,3000,2.2222,0.050,0.050
C5P1,C,0.05,3001,1.1111,0.051,0.051
C5P1,C,0.05,3002,2.2222,0.050,0.050
C5P1,C,0.05,3003,1.1111,0.051,0.051
C5P1,C,0.05,3004,2.2222,0.050,0.050
C5P1,C,0.10,3000,2.2222,0.100,0.100
C5P1,C,0.10,3001,1.1111,0.101,0.101
C5P1,C,0.10,3002,1.1111,0.101,0.101
C5P1,C,0.10,3003,1.1111,0.100,0.100
C5P1,C,0.10,3004,2.2222,0.100,0.100
C5P1,C,0.15,3000,1.1111,0.150,0.126
C5P1,C,0.15,3001,1.1111,0.151,0.151
C5P1,C,0.15,3002,1.1111,0.151,0.150
C5P1,C,0.15,3003,1.1111,0.150,0.150
C5P1,C,0.15,3004,2.2222,0.151,0.140
C5P1,C,0.20,3000,1.1111,0.201,0.201
C5P1,C,0.20,3001,1.1111,0.200,0.200
C5P1,C,0.20,3002,1.1111,0.201,0.200
C5P1,C,0.20,3003,1.1111,0.201,0.201
C5P1,C,0.20,3004,2.2222,0.201,0.200
C5P1,C,1.00,3000,1.1111,1.001,0.996
C5P1,C,1.00,3001,1.1111,1.001,0.998
C5P1,C,1.00,3002,1.1111,1.000,0.980
C5P1,C,1.00,3003,1.1111,1.009,0.993
C5P1,C,1.00,3004,1.1111,1.001,0.954
C5P1,C,5.00,3000,1.1111,5.000,4.961
C5P1,C,5.00,3001,1.1111,5.001,4.866
C5P1,C,5.00,3002,1.1111,5.000,4.922
C5P1,C,5.00,3003,1.1111,5.002,4.936
C5P1,C,5.00,3004,1.1111,5.001,4.728
C5P2,C,0.02,3000,2.2222,0.021,0.021
C5P2,C,0.02,3001,3.3333,0.020,0.020
C5P2,C,0.02,3002,2.2222,0.020,0.020
C5P2,C,0.02,3003,1.1111,0.021,0.021
C5P2,C,0.02,3004,3.3333,0.020,0.020
C5P2,C,0.05,3000,2.2222,0.051,0.051
C5P2,C,0.05,3001,2.2222,0.051,0.051
C5P2,C,0.05,3002,2.2222,0.050,0.050
C5P2,C,0.05,3003,1.1111,0.050,0.050
C5P2,C,0.05,3004,3.3333,0.051,0.051
C5P2,C,0.10,3000,1.1111,0.100,0.100
C5P2,C,0.10,3001,2.2222,0.100,0.100
C5P2,C,0.10,3002,1.1111,0.100,0.100
C5P2,C,0.10,3003,1.1111,0.100,0.100
C5P2,C,0.10,3004,3.3333,0.101,0.100
C5P2,C,0.15,3000,1.1111,0.150,0.149
C5P2,C,0.15,3001,2.2222,0.150,0.148
C5P2,C,0.15,3002,1.1111,0.151,0.135
C5P2,C,0.15,3003,1.1111,0.150,0.147
C5P2,C,0.15,3004,3.3333,0.151,0.149
C5P2,C,0.20,3000,1.1111,0.200,0.200
C5P2,C,0.20,3001,1.1111,0.200,0.199
C5P2,C,0.20,3002,1.1111,0.201,0.200
C5P2,C,0.20,3003,1.1111,0.200,0.199
C5P2,C,0.20,3004,2.2222,0.200,0.200
C5P2,C,1.00,3000,1.1111,1.001,0.996
C5P2,C,1.00,3001,1.1111,1.000,0.992
C5P2,C,1.00,3002,1.1111,1.000,0.994
C5P2,C,1.00,3003,1.1111,1.000,0.996
C5P2,C,1.00,3004,1.1111,1.001,0.960
C5P2,C,5.00,3000,1.1111,5.000,4.960
C5P2,C,5.00,3001,1.1111,5.001,4.990
C5P2,C,5.00,3002,1.1111,5.001,4.989
C5P2,C,5.00,3003,0.0000,3.760,3.726
C5P2,C,5.00,3004,1.1111,5.001,4.933
C5P3,C,0.02,3000,2.2222,0.020,0.020
C5P3,C,0.02,3001,3.3333,0.021,0.020
C5P3,C,0.02,3002,3.3333,0.021,0.021
C5P3,C,0.02,3003,3.3333,0.021,0.021
C5P3,C,0.02,3004,3.3333,0.021,0.021
C5P3,C,0.05,3000,2.2222,0.051,0.051
C5P3,C,0.05,3001,3.3333,0.051,0.051
C5P3,C,0.05,3002,3.3333,0.050,0.050
C5P3,C,0.05,3003,2.2222,0.050,0.050
C5P3,C,0.05,3004,3.3333,0.050,0.050
C5P3,C,0.10,3000,2.2222,0.100,0.100
C5P3,C,0.10,3001,2.2222,0.100,0.100
C5P3,C,0.10,3002,2.2222,0.101,0.101
C5P3,C,0.10,3003,2.2222,0.100,0.099
C5P3,C,0.10,3004,2.2222,0.100,0.100
C5P3,C,0.15,3000,2.2222,0.150,0.150
C5P3,C,0.15,3001,2.2222,0.151,0.151
C5P3,C,0.15,3002,2.2222,0.151,0.150
C5P3,C,0.15,3003,2.2222,0.151,0.150
C5P3,C,0.15,3004,2.2222,0.150,0.150
C5P3,C,0.20,3000,2.2222,0.200,0.200
C5P3,C,0.20,3001,2.2222,0.200,0.200
C5P3,C,0.20,3002,2.2222,0.200,0.199
C5P3,C,0.20,3003,2.2222,0.200,0.183
C5P3,C,0.20,3004,2.2222,0.200,0.192
C5P3,C,1.00,3000,1.1111,1.000,0.997
C5P3,C,1.00,3001,2.2222,1.001,0.982
C5P3,C,1.00,3002,1.1111,1.000,0.999
C5P3,C,1.00,3003,1.1111,1.000,0.999
C5P3,C,1.00,3004,1.1111,1.000,0.981
C5P3,C,5.00,3000,1.1111,5.000,4.971
C5P3,C,5.00,3001,1.1111,5.001,4.990
C5P3,C,5.00,3002,1.1111,5.001,4.931
C5P3,C,5.00,3003,1.1111,5.000,4.976
C5P3,C,5.00,3004,1.1111,5.001,4.888
C6P1,C,0.02,3000,1.6667,0.021,0.021
C6P1,C,0.02,3001,2.5000,0.020,0.020
C6P1,C,0.02,3002,2.5000,0.021,0.021
C6P1,C,0.02,3003,2.5000,0.021,0.021
C6P1,C,0.02,3004,2.5000,0.020,0.020
C6P1,C,0.05,3000,1.6667,0.050,0.050
C6P1,C,0.05,3001,2.5000,0.050,0.050
C6P1,C,0.05,3002,2.5000,0.050,0.050
C6P1,C,0.05,3003,1.6667,0.050,0.050
C6P1,C,0.05,3004,2.5000,0.051,0.051
C6P1,C,0.10,3000,1.6667,0.101,0.101
C6P1,C,0.10,3001,2.5000,0.101,0.100
C6P1,C,0.10,3002,2.5000,0.100,0.100
C6P1,C,0.10,3003,1.6667,0.100,0.100
C6P1,C,0.10,3004,1.6667,0.100,0.100
C6P1,C,0.15,3000,1.6667,0.151,0.151
C6P1,C,0.15,3001,2.5000,0.151,0.151
C6P1,C,0.15,3002,1.6667,0.151,0.151
C6P1,C,0.15,3003,1.6667,0.151,0.151
C6P1,C,0.15,3004,1.6667,0.150,0.149
C6P1,C,0.20,3000,1.6667,0.201,0.201
C6P1,C,0.20,3001,2.5000,0.201,0.200
C6P1,C,0.20,3002,1.6667,0.200,0.198
C6P1,C,0.20,3003,1.6667,0.201,0.201
C6P1,C,0.20,3004,1.6667,0.200,0.192
C6P1,C,1.00,3000,0.8333,1.000,0.999
C6P1,C,1.00,3001,1.6667,1.001,0.977
C6P1,C,1.00,3002,0.8333,1.001,1.000
C6P1,C,1.00,3003,0.8333,1.012,0.995
C6P1,C,1.00,3004,1.6667,1.000,0.978
C6P1,C,5.00,3000,0.8333,5.001,4.980
C6P1,C,5.00,3001,0.8333,5.000,4.939
C6P1,C,5.00,3002,0.8333,5.000,4.958
C6P1,C,5.00,3003,0.8333,5.000,4.878
C6P1,C,5.00,3004,0.8333,5.000,4.990
C6P2,C,0.02,3000,1.6667,0.021,0.021
C6P2,C,0.02,3001,1.6667,0.021,0.021
C6P2,C,0.02,3002,1.6667,0.020,0.020
C6P2,C,0.02,3003,1.6667,0.021,0.021
C6P2,C,0.02,3004,1.6667,0.021,0.021
C6P2,C,0.05,3000,1.6667,0.050,0.050
C6P2,C,0.05,3001,0.8333,0.051,0.050
C6P2,C,0.05,3002,0.8333,0.050,0.050
C6P2,C,0.05,3003,1.6667,0.051,0.051
C6P2,C,0.05,3004,0.8333,0.050,0.050
C6P2,C,0.10,3000,0.8333,0.100,0.100
C6P2,C,0.10,3001,0.8333,0.101,0.100
C6P2,C,0.10,3002,0.8333,0.101,0.101
C6P2,C,0.10,3003,0.8333,0.100,0.100
C6P2,C,0.10,3004,0.8333,0.100,0.100
C6P2,C,0.15,3000,0.8333,0.150,0.150
C6P2,C,0.15,3001,0.8333,0.151,0.151
C6P2,C,0.15,3002,0.8333,0.151,0.151
C6P2,C,0.15,3003,0.8333,0.150,0.150
C6P2,C,0.15,3004,0.8333,0.150,0.150
C6P2,C,0.20,3000,0.8333,0.200,0.200
C6P2,C,0.20,3001,0.8333,0.201,0.201
C6P2,C,0.20,3002,0.8333,0.201,0.193
C6P2,C,0.20,3003,0.8333,0.200,0.200
C6P2,C,0.20,3004,0.8333,0.201,0.201
C6P2,C,1.00,3000,0.8333,1.001,0.966
C6P2,C,1.00,3001,0.8333,1.001,0.999
C6P2,C,1.00,3002,0.8333,1.001,0.999
C6P2,C,1.00,3003,0.8333,1.001,0.999
C6P2,C,1.00,3004,0.8333,1.001,1.000
C6P2,C,5.00,3000,0.8333,5.000,4.972
C6P2,C,5.00,3001,0.0000,3.317,3.255
C6P2,C,5.00,3002,0.8333,5.002,4.973
C6P2,C,5.00,3003,0.8333,5.001,4.994
C6P2,C,5.00,3004,0.8333,5.000,4.916
C6P3,C,0.02,3000,2.5000,0.021,0.021
C6P3,C,0.02,3001,1.6667,0.021,0.021
C6P3,C,0.02,3002,1.6667,0.020,0.020
C6P3,C,0.02,3003,1.6667,0.021,0.021
C6P3,C,0.02,3004,2.5000,0.020,0.020
C6P3,C,0.05,3000,1.6667,0.050,0.050
C6P3,C,0.05,3001,1.6667,0.051,0.051
C6P3,C,0.05,3002,0.8333,0.051,0.051
C6P3,C,0.05,3003,1.6667,0.050,0.050
C6P3,C,0.05,3004,1.6667,0.051,0.051
C6P3,C,0.10,3000,1.6667,0.101,0.100
C6P3,C,0.10,3001,1.6667,0.101,0.101
C6P3,C,0.10,3002,0.8333,0.101,0.101
C6P3,C,0.10,3003,1.6667,0.101,0.101
C6P3,C,0.10,3004,1.6667,0.102,0.098
C6P3,C,0.15,3000,1.6667,0.150,0.149
C6P3,C,0.15,3001,1.6667,0.151,0.151
C6P3,C,0.15,3002,0.8333,0.173,0.128
C6P3,C,0.15,3003,1.6667,0.150,0.145
C6P3,C,0.15,3004,1.6667,0.150,0.119
C6P3,C,0.20,3000,1.6667,0.201,0.200
C6P3,C,0.20,3001,1.6667,0.202,0.199
C6P3,C,0.20,3002,0.8333,0.201,0.199
C6P3,C,0.20,3003,1.6667,0.202,0.139
C6P3,C,0.20,3004,1.6667,0.200,0.199
C6P3,C,1.00,3000,1.6667,1.001,0.996
C6P3,C,1.00,3001,0.8333,1.001,0.995
C6P3,C,1.00,3002,0.8333,1.002,0.998
C6P3,C,1.00,3003,1.6667,1.000,0.970
C6P3,C,1.00,3004,0.8333,1.000,0.957
C6P3,C,5.00,3000,0.8333,5.000,4.970
C6P3,C,5.00,3001,0.8333,5.001,4.903
C6P3,C,5.00,3002,0.8333,5.001,4.897
C6P3,C,5.00,3003,0.8333,5.001,4.915
C6P3,C,5.00,3004,0.8333,5.001,4.986
C7P1,C,0.02,3000,1.2500,0.023,0.023
C7P1,C,0.02,3001,1.2500,0.023,0.023
C7P1,C,0.02,3002,1.2500,0.023,0.023
C7P1,C,0.02,3003,1.2500,0.024,0.024
C7P1,C,0.02,3004,1.2500,0.023,0.023
C7P1,C,0.05,3000,0.4167,0.052,0.052
C7P1,C,0.05,3001,1.2500,0.051,0.051
C7P1,C,0.05,3002,0.8333,0.051,0.051
C7P1,C,0.05,3003,1.2500,0.050,0.050
C7P1,C,0.05,3004,0.8333,0.053,0.053
C7P1,C,0.10,3000,0.4167,0.102,0.102
C7P1,C,0.10,3001,1.2500,0.103,0.103
C7P1,C,0.10,3002,0.8333,0.102,0.102
C7P1,C,0.10,3003,1.2500,0.114,0.097
C7P1,C,0.10,3004,0.8333,0.102,0.097
C7P1,C,0.15,3000,0.4167,0.153,0.153
C7P1,C,0.15,3001,1.2500,0.151,0.151
C7P1,C,0.15,3002,0.8333,0.153,0.153
C7P1,C,0.15,3003,1.2500,0.154,0.153
C7P1,C,0.15,3004,0.8333,0.153,0.152
C7P1,C,0.20,3000,0.4167,0.204,0.203
C7P1,C,0.20,3001,1.2500,0.201,0.179
C7P1,C,0.20,3002,0.8333,0.205,0.204
C7P1,C,0.20,3003,0.8333,0.203,0.202
C7P1,C,0.20,3004,0.8333,0.203,0.203
C7P1,C,1.00,3000,0.4167,1.001,0.999
C7P1,C,1.00,3001,0.8333,1.005,0.974
C7P1,C,1.00,3002,0.8333,1.002,1.001
C7P1,C,1.00,3003,0.8333,1.005,0.936
C7P1,C,1.00,3004,0.8333,1.001,0.996
C7P1,C,5.00,3000,0.4167,5.003,4.909
C7P1,C,5.00,3001,0.8333,5.002,4.978
C7P1,C,5.00,3002,0.8333,5.003,4.882
C7P1,C,5.00,3003,0.8333,5.003,4.975
C7P1,C,5.00,3004,0.8333,5.000,4.942
C7P2,C,0.02,3000,3.7500,0.024,0.024
C7P2,C,0.02,3001,3.7500,0.021,0.021
C7P2,C,0.02,3002,3.7500,0.020,0.020
C7P2,C,0.02,3003,3.7500,0.023,0.023
C7P2,C,0.02,3004,3.7500,0.020,0.020
C7P2,C,0.05,3000,1.2500,0.054,0.054
C7P2,C,0.05,3001,0.8333,0.050,0.050
C7P2,C,0.05,3002,3.3333,0.053,0.053
C7P2,C,0.05,3003,2.5000,0.054,0.054
C7P2,C,0.05,3004,1.6667,0.054,0.054
C7P2,C,0.10,3000,1.2500,0.103,0.103
C7P2,C,0.10,3001,0.8333,0.104,0.104
C7P2,C,0.10,3002,1.2500,0.103,0.103
C7P2,C,0.10,3003,1.6667,0.103,0.103
C7P2,C,0.10,3004,1.6667,0.102,0.101
C7P2,C,0.15,3000,0.8333,0.151,0.150
C7P2,C,0.15,3001,0.8333,0.153,0.153
C7P2,C,0.15,3002,1.2500,0.152,0.151
C7P2,C,0.15,3003,1.6667,0.153,0.153
C7P2,C,0.15,3004,1.2500,0.153,0.153
C7P2,C,0.20,3000,0.8333,0.202,0.202
C7P2,C,0.20,3001,0.8333,0.203,0.203
C7P2,C,0.20,3002,1.2500,0.200,0.200
C7P2,C,0.20,3003,0.8333,0.201,0.201
C7P2,C,0.20,3004,1.2500,0.201,0.201
C7P2,C,1.00,3000,0.4167,1.002,0.989
C7P2,C,1.00,3001,0.8333,1.002,0.969
C7P2,C,1.00,3002,0.8333,1.002,0.989
C7P2,C,1.00,3003,0.8333,1.001,1.000
C7P2,C,1.00,3004,1.2500,1.002,1.000
C7P2,C,5.00,3000,0.4167,5.003,4.967
C7P2,C,5.00,3001,0.8333,5.003,4.626
C7P2,C,5.00,3002,0.8333,5.005,4.950
C7P2,C,5.00,3003,0.8333,5.001,4.913
C7P2,C,5.00,3004,0.8333,5.003,4.935
C7P3,C,0.02,3000,2.0833,0.023,0.023
C7P3,C,0.02,3001,2.0833,0.023,0.023
C7P3,C,0.02,3002,2.0833,0.022,0.022
C7P3,C,0.02,3003,2.0833,0.022,0.022
C7P3,C,0.02,3004,2.0833,0.020,0.020
C7P3,C,0.05,3000,1.2500,0.052,0.052
C7P3,C,0.05,3001,2.0833,0.052,0.052
C7P3,C,0.05,3002,1.2500,0.053,0.053
C7P3,C,0.05,3003,2.0833,0.051,0.050
C7P3,C,0.05,3004,2.0833,0.052,0.052
C7P3,C,0.10,3000,1.2500,0.103,0.103
C7P3,C,0.10,3001,2.0833,0.103,0.103
C7P3,C,0.10,3002,1.2500,0.100,0.100
C7P3,C,0.10,3003,1.6667,0.104,0.104
C7P3,C,0.10,3004,1.6667,0.102,0.101
C7P3,C,0.15,3000,1.2500,0.150,0.150
C7P3,C,0.15,3001,1.6667,0.151,0.150
C7P3,C,0.15,3002,1.2500,0.153,0.152
C7P3,C,0.15,3003,1.6667,0.152,0.152
C7P3,C,0.15,3004,1.6667,0.155,0.154
C7P3,C,0.20,3000,1.2500,0.201,0.201
C7P3,C,0.20,3001,1.6667,0.203,0.202
C7P3,C,0.20,3002,1.2500,0.202,0.201
C7P3,C,0.20,3003,1.6667,0.202,0.201
C7P3,C,0.20,3004,1.6667,0.201,0.200
C7P3,C,1.00,3000,0.8333,1.002,0.998
C7P3,C,1.00,3001,0.8333,1.003,1.000
C7P3,C,1.00,3002,1.2500,1.002,0.951
C7P3,C,1.00,3003,1.6667,1.003,0.920
C7P3,C,1.00,3004,0.8333,1.001,0.997
C7P3,C,5.00,3000,0.8333,5.002,4.957
C7P3,C,5.00,3001,0.4167,5.001,4.928
C7P3,C,5.00,3002,0.8333,5.005,4.948
C7P3,C,5.00,3003,0.8333,5.004,4.880
C7P3,C,5.00,3004,0.4167,5.001,4.788
BKW01,BKW,0.02,3000,0.0000,0.000,0.000
BKW01,BKW,0.02,3001,0.0000,0.000,0.000
BKW01,BKW,0.02,3002,0.0000,0.000,0.000
BKW01,BKW,0.02,3003,0.0000,0.000,0.000
BKW01,BKW,0.02,3004,0.0000,0.000,0.000
BKW01,BKW,0.05,3000,0.0000,0.000,0.000
BKW01,BKW,0.05,3001,0.0000,0.000,0.000
BKW01,BKW,0.05,3002,0.0000,0.000,0.000
BKW01,BKW,0.05,3003,0.0000,0.000,0.000
BKW01,BKW,0.05,3004,0.0000,0.000,0.000
BKW01,BKW,0.10,3000,0.0000,0.000,0.000
BKW01,BKW,0.10,3001,0.0000,0.000,0.000
BKW01,BKW,0.10,3002,0.0000,0.000,0.000
BKW01,BKW,0.10,3003,0.0000,0.000,0.000
BKW01,BKW,0.10,3004,0.0000,0.000,0.000
BKW01,BKW,0.15,3000,0.0000,0.000,0.000
BKW01,BKW,0.15,3001,0.0000,0.000,0.000
BKW01,BKW,0.15,3002,0.0000,0.000,0.000
BKW01,BKW,0.15,3003,0.0000,0.000,0.000
BKW01,BKW,0.15,3004,0.0000,0.000,0.000
BKW01,BKW,0.20,3000,0.0000,0.000,0.000
BKW01,BKW,0.20,3001,0.0000,0.000,0.000
BKW01,BKW,0.20,3002,0.0000,0.000,0.000
BKW01,BKW,0.20,3003,0.0000,0.000,0.000
BKW01,BKW,0.20,3004,0.0000,0.000,0.000
BKW01,BKW,1.00,3000,0.0000,0.000,0.000
BKW01,BKW,1.00,3001,0.0000,0.000,0.000
BKW01,BKW,1.00,3002,0.0000,0.000,0.000
BKW01,BKW,1.00,3003,0.0000,0.000,0.000
BKW01,BKW,1.00,3004,0.0000,0.000,0.000
BKW01,BKW,5.00,3000,0.0000,0.000,0.000
BKW01,BKW,5.00,3001,0.0000,0.000,0.000
BKW01,BKW,5.00,3002,0.0000,0.000,0.000
BKW01,BKW,5.00,3003,0.0000,0.000,0.000
BKW01,BKW,5.00,3004,0.0000,0.000,0.000
BKW02,BKW,0.02,3000,0.0000,0.006,0.006
BKW02,BKW,0.02,3001,0.0000,0.001,0.001
BKW02,BKW,0.02,3002,0.0000,0.006,0.006
BKW02,BKW,0.02,3003,0.0000,0.006,0.005
BKW02,BKW,0.02,3004,8.0000,0.038,0.004
BKW02,BKW,0.05,3000,0.0000,0.024,0.006
BKW02,BKW,0.05,3001,0.0000,0.001,0.001
BKW02,BKW,0.05,3002,0.0000,0.015,0.007
BKW02,BKW,0.05,3003,0.0000,0.006,0.005
BKW02,BKW,0.05,3004,0.0000,0.016,0.016
BKW02,BKW,0.10,3000,0.0000,0.006,0.006
BKW02,BKW,0.10,3001,0.0000,0.001,0.001
BKW02,BKW,0.10,3002,0.0000,0.007,0.006
BKW02,BKW,0.10,3003,0.0000,0.005,0.005
BKW02,BKW,0.10,3004,0.0000,0.016,0.015
BKW02,BKW,0.15,3000,0.0000,0.004,0.004
BKW02,BKW,0.15,3001,0.0000,0.001,0.001
BKW02,BKW,0.15,3002,0.0000,0.006,0.006
BKW02,BKW,0.15,3003,0.0000,0.004,0.004
BKW02,BKW,0.15,3004,0.0000,0.016,0.016
BKW02,BKW,0.20,3000,0.0000,0.005,0.005
BKW02,BKW,0.20,3001,0.0000,0.001,0.001
BKW02,BKW,0.20,3002,0.0000,0.006,0.006
BKW02,BKW,0.20,3003,0.0000,0.004,0.004
BKW02,BKW,0.20,3004,0.0000,0.018,0.018
BKW02,BKW,1.00,3000,0.0000,0.005,0.005
BKW02,BKW,1.00,3001,0.0000,0.001,0.001
BKW02,BKW,1.00,3002,0.0000,0.007,0.007
BKW02,BKW,1.00,3003,0.0000,0.005,0.005
BKW02,BKW,1.00,3004,0.0000,0.016,0.016
BKW02,BKW,5.00,3000,0.0000,0.005,0.005
BKW02,BKW,5.00,3001,0.0000,0.001,0.001
BKW02,BKW,5.00,3002,0.0000,0.007,0.006
BKW02,BKW,5.00,3003,0.0000,0.005,0.005
BKW02,BKW,5.00,3004,0.0000,0.015,0.015
BKW03,BKW,0.02,3000,4.0000,0.020,0.020
BKW03,BKW,0.02,3001,4.0000,0.020,0.020
BKW03,BKW,0.02,3002,2.0000,0.020,0.020
BKW03,BKW,0.02,3003,2.0000,0.020,0.020
BKW03,BKW,0.02,3004,4.0000,0.020,0.020
BKW03,BKW,0.05,3000,4.0000,0.050,0.049
BKW03,BKW,0.05,3001,4.0000,0.050,0.049
BKW03,BKW,0.05,3002,2.0000,0.050,0.050
BKW03,BKW,0.05,3003,2.0000,0.050,0.050
BKW03,BKW,0.05,3004,4.0000,0.050,0.049
BKW03,BKW,0.10,3000,4.0000,0.100,0.098
BKW03,BKW,0.10,3001,2.0000,0.100,0.099
BKW03,BKW,0.10,3002,2.0000,0.100,0.099
BKW03,BKW,0.10,3003,2.0000,0.100,0.097
BKW03,BKW,0.10,3004,2.0000,0.100,0.099
BKW03,BKW,0.15,3000,4.0000,0.150,0.149
BKW03,BKW,0.15,3001,2.0000,0.150,0.149
BKW03,BKW,0.15,3002,2.0000,0.150,0.149
BKW03,BKW,0.15,3003,2.0000,0.150,0.149
BKW03,BKW,0.15,3004,2.0000,0.150,0.149
BKW03,BKW,0.20,3000,4.0000,0.200,0.199
BKW03,BKW,0.20,3001,2.0000,0.200,0.199
BKW03,BKW,0.20,3002,2.0000,0.200,0.199
BKW03,BKW,0.20,3003,2.0000,0.200,0.199
BKW03,BKW,0.20,3004,2.0000,0.200,0.151
BKW03,BKW,1.00,3000,2.0000,1.000,0.969
BKW03,BKW,1.00,3001,2.0000,1.000,0.938
BKW03,BKW,1.00,3002,2.0000,1.000,0.996
BKW03,BKW,1.00,3003,2.0000,1.000,0.996
BKW03,BKW,1.00,3004,2.0000,1.000,0.996
BKW03,BKW,5.00,3000,0.0000,1.058,1.041
BKW03,BKW,5.00,3001,2.0000,5.000,4.909
BKW03,BKW,5.00,3002,2.0000,5.000,4.960
BKW03,BKW,5.00,3003,2.0000,5.000,4.907
BKW03,BKW,5.00,3004,0.0000,2.957,2.945
BKW04,BKW,0.02,3000,1.2500,0.020,0.020
BKW04,BKW,0.02,3001,2.5000,0.020,0.020
BKW04,BKW,0.02,3002,2.5000,0.055,0.011
BKW04,BKW,0.02,3003,2.5000,0.021,0.017
BKW04,BKW,0.02,3004,2.5000,0.020,0.020
BKW04,BKW,0.05,3000,1.2500,0.050,0.050
BKW04,BKW,0.05,3001,0.0000,0.024,0.024
BKW04,BKW,0.05,3002,2.5000,0.050,0.038
BKW04,BKW,0.05,3003,2.5000,0.050,0.050
BKW04,BKW,0.05,3004,2.5000,0.050,0.050
BKW04,BKW,0.10,3000,1.2500,0.100,0.100
BKW04,BKW,0.10,3001,0.0000,0.026,0.026
BKW04,BKW,0.10,3002,1.2500,0.100,0.100
BKW04,BKW,0.10,3003,1.2500,0.100,0.099
BKW04,BKW,0.10,3004,1.2500,0.100,0.100
BKW04,BKW,0.15,3000,1.2500,0.150,0.150
BKW04,BKW,0.15,3001,0.0000,0.025,0.025
BKW04,BKW,0.15,3002,1.2500,0.150,0.149
BKW04,BKW,0.15,3003,1.2500,0.150,0.150
BKW04,BKW,0.15,3004,1.2500,0.150,0.150
BKW04,BKW,0.20,3000,1.2500,0.200,0.199
BKW04,BKW,0.20,3001,0.0000,0.023,0.023
BKW04,BKW,0.20,3002,1.2500,0.200,0.199
BKW04,BKW,0.20,3003,1.2500,0.200,0.199
BKW04,BKW,0.20,3004,1.2500,0.200,0.199
BKW04,BKW,1.00,3000,1.2500,1.000,0.995
BKW04,BKW,1.00,3001,0.0000,0.025,0.025
BKW04,BKW,1.00,3002,1.2500,1.000,0.995
BKW04,BKW,1.00,3003,1.2500,1.000,0.977
BKW04,BKW,1.00,3004,0.0000,0.587,0.585
BKW04,BKW,5.00,3000,0.0000,1.314,1.309
BKW04,BKW,5.00,3001,0.0000,0.024,0.024
BKW04,BKW,5.00,3002,0.0000,2.116,2.105
BKW04,BKW,5.00,3003,0.0000,1.882,1.863
BKW04,BKW,5.00,3004,0.0000,0.534,0.534
BKW05,BKW,0.02,3000,3.0000,0.020,0.020
BKW05,BKW,0.02,3001,3.0000,0.020,0.020
BKW05,BKW,0.02,3002,3.0000,0.020,0.020
BKW05,BKW,0.02,3003,2.0000,0.020,0.020
BKW05,BKW,0.02,3004,4.0000,0.020,0.020
BKW05,BKW,0.05,3000,3.0000,0.050,0.050
BKW05,BKW,0.05,3001,3.0000,0.050,0.050
BKW05,BKW,0.05,3002,3.0000,0.050,0.050
BKW05,BKW,0.05,3003,2.0000,0.050,0.050
BKW05,BKW,0.05,3004,3.0000,0.050,0.050
BKW05,BKW,0.10,3000,2.0000,0.100,0.100
BKW05,BKW,0.10,3001,3.0000,0.100,0.100
BKW05,BKW,0.10,3002,3.0000,0.100,0.100
BKW05,BKW,0.10,3003,2.0000,0.100,0.100
BKW05,BKW,0.10,3004,2.0000,0.100,0.100
BKW05,BKW,0.15,3000,2.0000,0.150,0.150
BKW05,BKW,0.15,3001,2.0000,0.150,0.150
BKW05,BKW,0.15,3002,3.0000,0.150,0.144
BKW05,BKW,0.15,3003,2.0000,0.150,0.150
BKW05,BKW,0.15,3004,2.0000,0.150,0.150
BKW05,BKW,0.20,3000,0.0000,0.166,0.166
BKW05,BKW,0.20,3001,2.0000,0.200,0.191
BKW05,BKW,0.20,3002,0.0000,0.156,0.155
BKW05,BKW,0.20,3003,1.0000,0.200,0.200
BKW05,BKW,0.20,3004,2.0000,0.200,0.200
BKW05,BKW,1.00,3000,0.0000,0.169,0.169
BKW05,BKW,1.00,3001,0.0000,0.647,0.646
BKW05,BKW,1.00,3002,0.0000,0.153,0.153
BKW05,BKW,1.00,3003,0.0000,0.236,0.236
BKW05,BKW,1.00,3004,0.0000,0.216,0.215
BKW05,BKW,5.00,3000,0.0000,0.166,0.166
BKW05,BKW,5.00,3001,0.0000,0.645,0.644
BKW05,BKW,5.00,3002,0.0000,0.153,0.153
BKW05,BKW,5.00,3003,0.0000,0.234,0.234
BKW05,BKW,5.00,3004,0.0000,0.215,0.215
BKW06,BKW,0.02,3000,2.0000,0.020,0.020
BKW06,BKW,0.02,3001,2.0000,0.020,0.020
BKW06,BKW,0.02,3002,2.0000,0.020,0.020
BKW06,BKW,0.02,3003,2.0000,0.020,0.020
BKW06,BKW,0.02,3004,2.0000,0.020,0.020
BKW06,BKW,0.05,3000,2.0000,0.050,0.050
BKW06,BKW,0.05,3001,2.0000,0.050,0.050
BKW06,BKW,0.05,3002,2.0000,0.050,0.050
BKW06,BKW,0.05,3003,1.0000,0.051,0.050
BKW06,BKW,0.05,3004,2.0000,0.050,0.051
BKW06,BKW,0.10,3000,2.0000,0.100,0.100
BKW06,BKW,0.10,3001,2.0000,0.100,0.100
BKW06,BKW,0.10,3002,2.0000,0.100,0.100
BKW06,BKW,0.10,3003,1.0000,0.100,0.100
BKW06,BKW,0.10,3004,2.0000,0.100,0.100
BKW06,BKW,0.15,3000,2.0000,0.150,0.150
BKW06,BKW,0.15,3001,2.0000,0.150,0.150
BKW06,BKW,0.15,3002,2.0000,0.150,0.150
BKW06,BKW,0.15,3003,1.0000,0.150,0.150
BKW06,BKW,0.15,3004,2.0000,0.151,0.150
BKW06,BKW,0.20,3000,2.0000,0.200,0.200
BKW06,BKW,0.20,3001,2.0000,0.200,0.200
BKW06,BKW,0.20,3002,2.0000,0.200,0.200
BKW06,BKW,0.20,3003,1.0000,0.200,0.200
BKW06,BKW,0.20,3004,2.0000,0.200,0.200
BKW06,BKW,1.00,3000,1.0000,1.000,0.999
BKW06,BKW,1.00,3001,1.0000,1.000,0.999
BKW06,BKW,1.00,3002,1.0000,1.000,0.999
BKW06,BKW,1.00,3003,1.0000,1.000,0.999
BKW06,BKW,1.00,3004,1.0000,1.000,0.999
BKW06,BKW,5.00,3000,1.0000,5.001,4.892
BKW06,BKW,5.00,3001,1.0000,5.001,4.968
BKW06,BKW,5.00,3002,0.0000,1.299,1.295
BKW06,BKW,5.00,3003,1.0000,5.001,4.965
BKW06,BKW,5.00,3004,1.0000,5.000,4.890
BKW07,BKW,0.02,3000,0.0000,0.010,0.010
BKW07,BKW,0.02,3001,8.0000,0.021,0.020
BKW07,BKW,0.02,3002,4.0000,0.020,0.020
BKW07,BKW,0.02,3003,4.0000,0.020,0.020
BKW07,BKW,0.02,3004,3.0000,0.020,0.020
BKW07,BKW,0.05,3000,0.0000,0.011,0.011
BKW07,BKW,0.05,3001,3.0000,0.050,0.050
BKW07,BKW,0.05,3002,4.0000,0.051,0.050
BKW07,BKW,0.05,3003,3.0000,0.050,0.050
BKW07,BKW,0.05,3004,3.0000,0.050,0.050
BKW07,BKW,0.10,3000,0.0000,0.010,0.010
BKW07,BKW,0.10,3001,3.0000,0.100,0.100
BKW07,BKW,0.10,3002,2.0000,0.100,0.100
BKW07,BKW,0.10,3003,3.0000,0.100,0.100
BKW07,BKW,0.10,3004,3.0000,0.101,0.101
BKW07,BKW,0.15,3000,0.0000,0.010,0.010
BKW07,BKW,0.15,3001,2.0000,0.150,0.150
BKW07,BKW,0.15,3002,1.0000,0.150,0.150
BKW07,BKW,0.15,3003,3.0000,0.150,0.150
BKW07,BKW,0.15,3004,3.0000,0.151,0.150
BKW07,BKW,0.20,3000,0.0000,0.010,0.010
BKW07,BKW,0.20,3001,2.0000,0.200,0.200
BKW07,BKW,0.20,3002,1.0000,0.200,0.200
BKW07,BKW,0.20,3003,3.0000,0.200,0.200
BKW07,BKW,0.20,3004,3.0000,0.200,0.200
BKW07,BKW,1.00,3000,0.0000,0.010,0.010
BKW07,BKW,1.00,3001,1.0000,1.001,0.998
BKW07,BKW,1.00,3002,0.0000,0.638,0.637
BKW07,BKW,1.00,3003,1.0000,1.000,0.998
BKW07,BKW,1.00,3004,1.0000,1.001,0.997
BKW07,BKW,5.00,3000,0.0000,0.012,0.012
BKW07,BKW,5.00,3001,0.0000,4.147,4.092
BKW07,BKW,5.00,3002,0.0000,0.724,0.702
BKW07,BKW,5.00,3003,0.0000,3.097,3.015
BKW07,BKW,5.00,3004,0.0000,1.977,1.951
BKW08,BKW,0.02,3000,1.2500,0.021,0.021
BKW08,BKW,0.02,3001,2.5000,0.021,0.021
BKW08,BKW,0.02,3002,1.2500,0.021,0.021
BKW08,BKW,0.02,3003,2.5000,0.021,0.020
BKW08,BKW,0.02,3004,2.5000,0.021,0.021
BKW08,BKW,0.05,3000,1.2500,0.050,0.050
BKW08,BKW,0.05,3001,2.5000,0.050,0.050
BKW08,BKW,0.05,3002,1.2500,0.051,0.050
BKW08,BKW,0.05,3003,2.5000,0.051,0.051
BKW08,BKW,0.05,3004,1.2500,0.051,0.051
BKW08,BKW,0.10,3000,1.2500,0.100,0.100
BKW08,BKW,0.10,3001,2.5000,0.101,0.100
BKW08,BKW,0.10,3002,1.2500,0.100,0.100
BKW08,BKW,0.10,3003,2.5000,0.100,0.100
BKW08,BKW,0.10,3004,1.2500,0.100,0.100
BKW08,BKW,0.15,3000,1.2500,0.151,0.150
BKW08,BKW,0.15,3001,2.5000,0.151,0.150
BKW08,BKW,0.15,3002,1.2500,0.151,0.150
BKW08,BKW,0.15,3003,2.5000,0.151,0.149
BKW08,BKW,0.15,3004,1.2500,0.150,0.149
BKW08,BKW,0.20,3000,1.2500,0.201,0.200
BKW08,BKW,0.20,3001,2.5000,0.200,0.199
BKW08,BKW,0.20,3002,1.2500,0.201,0.199
BKW08,BKW,0.20,3003,2.5000,0.201,0.199
BKW08,BKW,0.20,3004,1.2500,0.200,0.199
BKW08,BKW,1.00,3000,1.2500,1.001,0.996
BKW08,BKW,1.00,3001,1.2500,1.000,0.995
BKW08,BKW,1.00,3002,1.2500,1.000,0.990
BKW08,BKW,1.00,3003,1.2500,1.000,0.969
BKW08,BKW,1.00,3004,1.2500,1.000,0.998
BKW08,BKW,5.00,3000,1.2500,5.000,4.980
BKW08,BKW,5.00,3001,1.2500,5.001,4.960
BKW08,BKW,5.00,3002,1.2500,5.001,4.987
BKW08,BKW,5.00,3003,1.2500,5.000,4.966
BKW08,BKW,5.00,3004,1.2500,5.001,4.921
BKW09,BKW,0.02,3000,1.3333,0.021,0.021
BKW09,BKW,0.02,3001,1.3333,0.021,0.021
BKW09,BKW,0.02,3002,0.6667,0.020,0.020
BKW09,BKW,0.02,3003,1.3333,0.021,0.021
BKW09,BKW,0.02,3004,1.3333,0.021,0.021
BKW09,BKW,0.05,3000,1.3333,0.050,0.050
BKW09,BKW,0.05,3001,1.3333,0.050,0.050
BKW09,BKW,0.05,3002,0.6667,0.051,0.051
BKW09,BKW,0.05,3003,1.3333,0.050,0.050
BKW09,BKW,0.05,3004,1.3333,0.050,0.050
BKW09,BKW,0.10,3000,1.3333,0.101,0.101
BKW09,BKW,0.10,3001,0.6667,0.101,0.100
BKW09,BKW,0.10,3002,0.6667,0.101,0.101
BKW09,BKW,0.10,3003,1.3333,0.100,0.100
BKW09,BKW,0.10,3004,1.3333,0.101,0.100
BKW09,BKW,0.15,3000,1.3333,0.150,0.150
BKW09,BKW,0.15,3001,0.6667,0.150,0.150
BKW09,BKW,0.15,3002,0.6667,0.150,0.150
BKW09,BKW,0.15,3003,1.3333,0.151,0.150
BKW09,BKW,0.15,3004,1.3333,0.151,0.150
BKW09,BKW,0.20,3000,1.3333,0.201,0.200
BKW09,BKW,0.20,3001,0.6667,0.201,0.200
BKW09,BKW,0.20,3002,0.6667,0.201,0.201
BKW09,BKW,0.20,3003,1.3333,0.200,0.200
BKW09,BKW,0.20,3004,0.6667,0.200,0.199
BKW09,BKW,1.00,3000,0.6667,1.000,0.995
BKW09,BKW,1.00,3001,0.6667,1.001,0.997
BKW09,BKW,1.00,3002,0.6667,1.001,0.998
BKW09,BKW,1.00,3003,1.3333,1.001,0.998
BKW09,BKW,1.00,3004,0.6667,1.002,0.987
BKW09,BKW,5.00,3000,0.6667,5.001,4.986
BKW09,BKW,5.00,3001,0.6667,5.001,4.956
BKW09,BKW,5.00,3002,0.6667,5.001,4.950
BKW09,BKW,5.00,3003,0.6667,5.000,4.959
BKW09,BKW,5.00,3004,0.0000,2.569,2.562
BKW10,BKW,0.02,3000,0.6667,0.023,0.023
BKW10,BKW,0.02,3001,0.6667,0.022,0.022
BKW10,BKW,0.02,3002,0.6667,0.022,0.022
BKW10,BKW,0.02,3003,0.6667,0.022,0.022
BKW10,BKW,0.02,3004,0.6667,0.022,0.022
BKW10,BKW,0.05,3000,0.6667,0.051,0.051
BKW10,BKW,0.05,3001,0.6667,0.051,0.050
BKW10,BKW,0.05,3002,0.6667,0.050,0.050
BKW10,BKW,0.05,3003,0.6667,0.051,0.051
BKW10,BKW,0.05,3004,0.6667,0.051,0.051
BKW10,BKW,0.10,3000,0.6667,0.102,0.102
BKW10,BKW,0.10,3001,0.6667,0.100,0.100
BKW10,BKW,0.10,3002,0.6667,0.102,0.102
BKW10,BKW,0.10,3003,0.6667,0.102,0.102
BKW10,BKW,0.10,3004,0.6667,0.103,0.102
BKW10,BKW,0.15,3000,0.6667,0.151,0.150
BKW10,BKW,0.15,3001,0.6667,0.155,0.153
BKW10,BKW,0.15,3002,0.6667,0.151,0.150
BKW10,BKW,0.15,3003,0.6667,0.152,0.142
BKW10,BKW,0.15,3004,0.6667,0.152,0.151
BKW10,BKW,0.20,3000,0.6667,0.203,0.203
BKW10,BKW,0.20,3001,0.6667,0.200,0.200
BKW10,BKW,0.20,3002,0.6667,0.202,0.201
BKW10,BKW,0.20,3003,0.6667,0.203,0.202
BKW10,BKW,0.20,3004,0.6667,0.200,0.200
BKW10,BKW,1.00,3000,0.6667,1.002,0.998
BKW10,BKW,1.00,3001,0.6667,1.002,0.979
BKW10,BKW,1.00,3002,0.6667,1.002,0.997
BKW10,BKW,1.00,3003,0.6667,1.003,0.997
BKW10,BKW,1.00,3004,0.6667,1.001,0.997
BKW10,BKW,5.00,3000,0.6667,5.002,4.973
BKW10,BKW,5.00,3001,0.6667,5.002,4.931
BKW10,BKW,5.00,3002,0.6667,5.003,4.869
BKW10,BKW,5.00,3003,0.6667,5.003,4.909
BKW10,BKW,5.00,3004,0.6667,5.003,4.951
BKW11,BKW,0.02,3000,0.6667,0.037,0.037
BKW11,BKW,0.02,3001,0.6667,0.036,0.036
BKW11,BKW,0.02,3002,0.6667,0.039,0.039
BKW11,BKW,0.02,3003,0.6667,0.040,0.040
BKW11,BKW,0.02,3004,0.6667,0.038,0.038
BKW11,BKW,0.05,3000,0.6667,0.054,0.054
BKW11,BKW,0.05,3001,0.6667,0.051,0.050
BKW11,BKW,0.05,3002,0.6667,0.050,0.050
BKW11,BKW,0.05,3003,0.6667,0.064,0.053
BKW11,BKW,0.05,3004,0.6667,0.056,0.052
BKW11,BKW,0.10,3000,0.6667,0.108,0.108
BKW11,BKW,0.10,3001,0.6667,0.108,0.108
BKW11,BKW,0.10,3002,0.6667,0.106,0.106
BKW11,BKW,0.10,3003,0.6667,0.110,0.109
BKW11,BKW,0.10,3004,0.6667,0.103,0.103
BKW11,BKW,0.15,3000,0.6667,0.154,0.153
BKW11,BKW,0.15,3001,0.6667,0.157,0.156
BKW11,BKW,0.15,3002,0.6667,0.187,0.145
BKW11,BKW,0.15,3003,0.6667,0.152,0.148
BKW11,BKW,0.15,3004,0.6667,0.152,0.151
BKW11,BKW,0.20,3000,0.6667,0.207,0.206
BKW11,BKW,0.20,3001,0.6667,0.200,0.199
BKW11,BKW,0.20,3002,0.6667,0.200,0.199
BKW11,BKW,0.20,3003,0.6667,0.205,0.204
BKW11,BKW,0.20,3004,0.6667,0.206,0.205
BKW11,BKW,1.00,3000,0.6667,1.006,1.001
BKW11,BKW,1.00,3001,0.6667,1.004,1.000
BKW11,BKW,1.00,3002,0.6667,1.004,0.999
BKW11,BKW,1.00,3003,0.0000,0.991,0.986
BKW11,BKW,1.00,3004,0.6667,1.001,0.997
BKW11,BKW,5.00,3000,0.6667,5.006,4.933
BKW11,BKW,5.00,3001,0.6667,5.001,4.986
BKW11,BKW,5.00,3002,0.6667,5.002,4.193
BKW11,BKW,5.00,3003,0.0000,1.354,1.348
BKW11,BKW,5.00,3004,0.6667,5.001,4.979
BKW12,BKW,0.02,3000,0.6667,0.118,0.118
BKW12,BKW,0.02,3001,0.6667,0.109,0.109
BKW12,BKW,0.02,3002,0.6667,0.121,0.120
BKW12,BKW,0.02,3003,0.6667,0.112,0.111
BKW12,BKW,0.02,3004,0.6667,0.109,0.109
BKW12,BKW,0.05,3000,0.6667,0.114,0.114
BKW12,BKW,0.05,3001,0.6667,0.110,0.110
BKW12,BKW,0.05,3002,0.6667,0.115,0.115
BKW12,BKW,0.05,3003,0.6667,0.111,0.111
BKW12,BKW,0.05,3004,0.6667,0.110,0.110
BKW12,BKW,0.10,3000,0.6667,0.111,0.111
BKW12,BKW,0.10,3001,0.6667,0.112,0.111
BKW12,BKW,0.10,3002,0.6667,0.110,0.109
BKW12,BKW,0.10,3003,0.6667,0.115,0.114
BKW12,BKW,0.10,3004,0.6667,0.112,0.112
BKW12,BKW,0.15,3000,0.3333,0.165,0.164
BKW12,BKW,0.15,3001,0.6667,0.166,0.165
BKW12,BKW,0.15,3002,0.3333,0.171,0.170
BKW12,BKW,0.15,3003,0.6667,0.161,0.161
BKW12,BKW,0.15,3004,0.6667,0.167,0.167
BKW12,BKW,0.20,3000,0.3333,0.216,0.216
BKW12,BKW,0.20,3001,0.3333,0.226,0.225
BKW12,BKW,0.20,3002,0.3333,0.221,0.221
BKW12,BKW,0.20,3003,0.3333,0.218,0.217
BKW12,BKW,0.20,3004,0.6667,0.223,0.222
BKW12,BKW,1.00,3000,0.3333,1.011,1.004
BKW12,BKW,1.00,3001,0.3333,1.002,0.999
BKW12,BKW,1.00,3002,0.3333,1.021,1.018
BKW12,BKW,1.00,3003,0.3333,1.019,1.016
BKW12,BKW,1.00,3004,0.3333,1.025,1.020
BKW12,BKW,5.00,3000,0.3333,5.010,4.946
BKW12,BKW,5.00,3001,0.3333,5.021,4.935
BKW12,BKW,5.00,3002,0.3333,5.001,4.957
BKW12,BKW,5.00,3003,0.3333,5.020,4.977
BKW12,BKW,5.00,3004,0.3333,5.010,4.996
BKW13,BKW,0.02,3000,0.4167,4.313,4.271
BKW13,BKW,0.02,3001,0.4167,4.228,4.216
BKW13,BKW,0.02,3002,0.4167,4.439,4.370
BKW13,BKW,0.02,3003,0.4167,4.253,4.233
BKW13,BKW,0.02,3004,0.4167,4.294,4.241
BKW13,BKW,0.05,3000,0.4167,4.205,4.194
BKW13,BKW,0.05,3001,0.4167,4.205,4.188
BKW13,BKW,0.05,3002,0.4167,4.182,4.175
BKW13,BKW,0.05,3003,0.4167,4.238,4.202
BKW13,BKW,0.05,3004,0.4167,3.994,3.989
BKW13,BKW,0.10,3000,0.4167,3.899,3.869
BKW13,BKW,0.10,3001,0.4167,3.946,3.940
BKW13,BKW,0.10,3002,0.4167,3.939,3.934
BKW13,BKW,0.10,3003,0.4167,3.904,3.901
BKW13,BKW,0.10,3004,0.4167,3.871,3.864
BKW13,BKW,0.15,3000,0.4167,3.862,3.835
BKW13,BKW,0.15,3001,0.4167,3.916,3.908
BKW13,BKW,0.15,3002,0.4167,3.903,3.898
BKW13,BKW,0.15,3003,0.4167,3.956,3.931
BKW13,BKW,0.15,3004,0.4167,3.790,3.786
BKW13,BKW,0.20,3000,0.4167,3.906,3.875
BKW13,BKW,0.20,3001,0.4167,3.870,3.845
BKW13,BKW,0.20,3002,0.4167,3.811,3.808
BKW13,BKW,0.20,3003,0.4167,3.788,3.785
BKW13,BKW,0.20,3004,0.4167,3.689,3.682
BKW13,BKW,1.00,3000,0.4167,3.710,3.685
BKW13,BKW,1.00,3001,0.4167,3.681,3.677
BKW13,BKW,1.00,3002,0.4167,3.501,3.498
BKW13,BKW,1.00,3003,0.4167,3.557,3.554
BKW13,BKW,1.00,3004,0.4167,3.702,3.673
BKW13,BKW,5.00,3000,0.3125,5.307,5.298
BKW13,BKW,5.00,3001,0.4167,5.313,5.309
BKW13,BKW,5.00,3002,0.4167,5.506,5.473
BKW13,BKW,5.00,3003,0.3125,5.413,5.406
BKW13,BKW,5.00,3004,0.4167,5.372,5.348
N1A,NT,0.02,3000,9.5000,0.020,0.020
N1A,NT,0.02,3001,9.0000,0.020,0.020
N1A,NT,0.02,3002,0.0000,0.002,0.002
N1A,NT,0.02,3003,9.5000,0.020,0.020
N1A,NT,0.02,3004,6.5000,0.020,0.020
N1A,NT,0.05,3000,8.5000,0.050,0.050
N1A,NT,0.05,3001,6.5000,0.050,0.050
N1A,NT,0.05,3002,0.0000,0.002,0.002
N1A,NT,0.05,3003,8.5000,0.050,0.050
N1A,NT,0.05,3004,0.0000,0.024,0.024
N1A,NT,0.10,3000,0.0000,0.070,0.070
N1A,NT,0.10,3001,0.0000,0.078,0.078
N1A,NT,0.10,3002,0.0000,0.002,0.002
N1A,NT,0.10,3003,0.0000,0.067,0.067
N1A,NT,0.10,3004,0.0000,0.021,0.021
N1A,NT,0.15,3000,0.0000,0.070,0.070
N1A,NT,0.15,3001,0.0000,0.077,0.077
N1A,NT,0.15,3002,0.0000,0.002,0.002
N1A,NT,0.15,3003,0.0000,0.066,0.066
N1A,NT,0.15,3004,0.0000,0.022,0.022
N1A,NT,0.20,3000,0.0000,0.070,0.069
N1A,NT,0.20,3001,0.0000,0.079,0.079
N1A,NT,0.20,3002,0.0000,0.002,0.002
N1A,NT,0.20,3003,0.0000,0.070,0.070
N1A,NT,0.20,3004,0.0000,0.022,0.022
N1A,NT,1.00,3000,0.0000,0.070,0.070
N1A,NT,1.00,3001,0.0000,0.080,0.080
N1A,NT,1.00,3002,0.0000,0.002,0.002
N1A,NT,1.00,3003,0.0000,0.067,0.067
N1A,NT,1.00,3004,0.0000,0.018,0.018
N1A,NT,5.00,3000,0.0000,0.069,0.069
N1A,NT,5.00,3001,0.0000,0.082,0.082
N1A,NT,5.00,3002,0.0000,0.002,0.002
N1A,NT,5.00,3003,0.0000,0.064,0.064
N1A,NT,5.00,3004,0.0000,0.022,0.022
N1B,NT,0.02,3000,0.0000,0.014,0.014
N1B,NT,0.02,3001,0.0000,0.002,0.002
N1B,NT,0.02,3002,0.0000,0.015,0.015
N1B,NT,0.02,3003,0.0000,0.008,0.008
N1B,NT,0.02,3004,0.0000,0.014,0.014
N1B,NT,0.05,3000,0.0000,0.014,0.014
N1B,NT,0.05,3001,0.0000,0.003,0.003
N1B,NT,0.05,3002,0.0000,0.014,0.014
N1B,NT,0.05,3003,0.0000,0.009,0.009
N1B,NT,0.05,3004,0.0000,0.012,0.012
N1B,NT,0.10,3000,0.0000,0.016,0.016
N1B,NT,0.10,3001,0.0000,0.002,0.002
N1B,NT,0.10,3002,0.0000,0.015,0.015
N1B,NT,0.10,3003,0.0000,0.007,0.007
N1B,NT,0.10,3004,0.0000,0.014,0.014
N1B,NT,0.15,3000,0.0000,0.014,0.014
N1B,NT,0.15,3001,0.0000,0.002,0.002
N1B,NT,0.15,3002,0.0000,0.015,0.015
N1B,NT,0.15,3003,0.0000,0.009,0.009
N1B,NT,0.15,3004,0.0000,0.014,0.014
N1B,NT,0.20,3000,0.0000,0.017,0.017
N1B,NT,0.20,3001,0.0000,0.002,0.002
N1B,NT,0.20,3002,0.0000,0.014,0.014
N1B,NT,0.20,3003,0.0000,0.009,0.009
N1B,NT,0.20,3004,0.0000,0.015,0.015
N1B,NT,1.00,3000,0.0000,0.014,0.014
N1B,NT,1.00,3001,0.0000,0.002,0.002
N1B,NT,1.00,3002,0.0000,0.014,0.014
N1B,NT,1.00,3003,0.0000,0.008,0.008
N1B,NT,1.00,3004,0.0000,0.015,0.015
N1B,NT,5.00,3000,0.0000,0.015,0.015
N1B,NT,5.00,3001,0.0000,0.002,0.002
N1B,NT,5.00,3002,0.0000,0.013,0.013
N1B,NT,5.00,3003,0.0000,0.009,0.009
N1B,NT,5.00,3004,0.0000,0.016,0.016
N1C,NT,0.02,3000,0.0000,0.001,0.001
N1C,NT,0.02,3001,0.0000,0.001,0.001
N1C,NT,0.02,3002,0.0000,0.001,0.001
N1C,NT,0.02,3003,0.0000,0.001,0.001
N1C,NT,0.02,3004,0.0000,0.001,0.001
N1C,NT,0.05,3000,0.0000,0.001,0.001
N1C,NT,0.05,3001,0.0000,0.001,0.001
N1C,NT,0.05,3002,0.0000,0.001,0.001
N1C,NT,0.05,3003,0.0000,0.001,0.001
N1C,NT,0.05,3004,0.0000,0.001,0.001
N1C,NT,0.10,3000,0.0000,0.001,0.001
N1C,NT,0.10,3001,0.0000,0.001,0.001
N1C,NT,0.10,3002,0.0000,0.001,0.001
N1C,NT,0.10,3003,0.0000,0.001,0.001
N1C,NT,0.10,3004,0.0000,0.001,0.001
N1C,NT,0.15,3000,0.0000,0.001,0.001
N1C,NT,0.15,3001,0.0000,0.001,0.001
N1C,NT,0.15,3002,0.0000,0.001,0.001
N1C,NT,0.15,3003,0.0000,0.001,0.001
N1C,NT,0.15,3004,0.0000,0.001,0.001
N1C,NT,0.20,3000,0.0000,0.001,0.001
N1C,NT,0.20,3001,0.0000,0.001,0.001
N1C,NT,0.20,3002,0.0000,0.001,0.001
N1C,NT,0.20,3003,0.0000,0.001,0.001
N1C,NT,0.20,3004,0.0000,0.001,0.001
N1C,NT,1.00,3000,0.0000,0.001,0.001
N1C,NT,1.00,3001,0.0000,0.001,0.001
N1C,NT,1.00,3002,0.0000,0.001,0.001
N1C,NT,1.00,3003,0.0000,0.001,0.001
N1C,NT,1.00,3004,0.0000,0.001,0.001
N1C,NT,5.00,3000,0.0000,0.001,0.001
N1C,NT,5.00,3001,0.0000,0.001,0.001
N1C,NT,5.00,3002,0.0000,0.001,0.001
N1C,NT,5.00,3003,0.0000,0.001,0.001
N1C,NT,5.00,3004,0.0000,0.001,0.001
N1D,NT,0.02,3000,5.0000,0.020,0.020
N1D,NT,0.02,3001,0.0000,0.013,0.013
N1D,NT,0.02,3002,9.0000,0.020,0.020
N1D,NT,0.02,3003,9.0000,0.020,0.020
N1D,NT,0.02,3004,10.5000,0.020,0.020
N1D,NT,0.05,3000,0.0000,0.021,0.021
N1D,NT,0.05,3001,0.0000,0.014,0.014
N1D,NT,0.05,3002,7.5000,0.050,0.050
N1D,NT,0.05,3003,9.0000,0.050,0.050
N1D,NT,0.05,3004,6.0000,0.050,0.050
N1D,NT,0.10,3000,0.0000,0.019,0.019
N1D,NT,0.10,3001,0.0000,0.012,0.013
N1D,NT,0.10,3002,6.0000,0.100,0.100
N1D,NT,0.10,3003,9.0000,0.100,0.100
N1D,NT,0.10,3004,0.0000,0.070,0.070
N1D,NT,0.15,3000,0.0000,0.021,0.021
N1D,NT,0.15,3001,0.0000,0.012,0.012
N1D,NT,0.15,3002,6.0000,0.150,0.150
N1D,NT,0.15,3003,0.0000,0.142,0.141
N1D,NT,0.15,3004,0.0000,0.072,0.072
N1D,NT,0.20,3000,0.0000,0.021,0.021
N1D,NT,0.20,3001,0.0000,0.013,0.013
N1D,NT,0.20,3002,6.0000,0.200,0.199
N1D,NT,0.20,3003,0.0000,0.150,0.149
N1D,NT,0.20,3004,0.0000,0.102,0.075
N1D,NT,1.00,3000,0.0000,0.017,0.017
N1D,NT,1.00,3001,0.0000,0.013,0.013
N1D,NT,1.00,3002,0.0000,0.298,0.298
N1D,NT,1.00,3003,0.0000,0.145,0.145
N1D,NT,1.00,3004,0.0000,0.074,0.074
N1D,NT,5.00,3000,0.0000,0.020,0.020
N1D,NT,5.00,3001,0.0000,0.011,0.011
N1D,NT,5.00,3002,0.0000,0.301,0.301
N1D,NT,5.00,3003,0.0000,0.151,0.151
N1D,NT,5.00,3004,0.0000,0.071,0.071
N1E,NT,0.02,3000,0.0000,0.004,0.004
N1E,NT,0.02,3001,0.0000,0.008,0.008
N1E,NT,0.02,3002,0.0000,0.007,0.007
N1E,NT,0.02,3003,10.0000,0.020,0.020
N1E,NT,0.02,3004,0.0000,0.006,0.006
N1E,NT,0.05,3000,0.0000,0.003,0.003
N1E,NT,0.05,3001,0.0000,0.010,0.010
N1E,NT,0.05,3002,0.0000,0.007,0.007
N1E,NT,0.05,3003,0.0000,0.022,0.022
N1E,NT,0.05,3004,0.0000,0.005,0.005
N1E,NT,0.10,3000,0.0000,0.004,0.004
N1E,NT,0.10,3001,0.0000,0.010,0.010
N1E,NT,0.10,3002,0.0000,0.006,0.006
N1E,NT,0.10,3003,0.0000,0.022,0.022
N1E,NT,0.10,3004,0.0000,0.004,0.004
N1E,NT,0.15,3000,0.0000,0.003,0.003
N1E,NT,0.15,3001,0.0000,0.009,0.009
N1E,NT,0.15,3002,0.0000,0.008,0.008
N1E,NT,0.15,3003,0.0000,0.022,0.022
N1E,NT,0.15,3004,0.0000,0.004,0.004
N1E,NT,0.20,3000,0.0000,0.003,0.003
N1E,NT,0.20,3001,0.0000,0.011,0.010
N1E,NT,0.20,3002,0.0000,0.006,0.006
N1E,NT,0.20,3003,0.0000,0.024,0.024
N1E,NT,0.20,3004,0.0000,0.005,0.005
N1E,NT,1.00,3000,0.0000,0.004,0.004
N1E,NT,1.00,3001,0.0000,0.010,0.010
N1E,NT,1.00,3002,0.0000,0.006,0.006
N1E,NT,1.00,3003,0.0000,0.022,0.022
N1E,NT,1.00,3004,0.0000,0.004,0.004
N1E,NT,5.00,3000,0.0000,0.003,0.003
N1E,NT,5.00,3001,0.0000,0.009,0.009
N1E,NT,5.00,3002,0.0000,0.007,0.007
N1E,NT,5.00,3003,0.0000,0.022,0.022
N1E,NT,5.00,3004,0.0000,0.004,0.004
N2A,NT,0.02,3000,8.0000,0.020,0.020
N2A,NT,0.02,3001,6.5000,0.020,0.020
N2A,NT,0.02,3002,8.0000,0.020,0.020
N2A,NT,0.02,3003,5.5000,0.020,0.020
N2A,NT,0.02,3004,6.0000,0.020,0.020
N2A,NT,0.05,3000,7.5000,0.050,0.050
N2A,NT,0.05,3001,6.5000,0.050,0.050
N2A,NT,0.05,3002,5.0000,0.050,0.050
N2A,NT,0.05,3003,5.5000,0.050,0.050
N2A,NT,0.05,3004,5.5000,0.050,0.050
N2A,NT,0.10,3000,7.5000,0.100,0.100
N2A,NT,0.10,3001,6.5000,0.100,0.100
N2A,NT,0.10,3002,5.0000,0.100,0.100
N2A,NT,0.10,3003,5.5000,0.100,0.100
N2A,NT,0.10,3004,5.5000,0.100,0.100
N2A,NT,0.15,3000,6.0000,0.150,0.150
N2A,NT,0.15,3001,6.5000,0.150,0.150
N2A,NT,0.15,3002,5.0000,0.150,0.150
N2A,NT,0.15,3003,5.5000,0.150,0.150
N2A,NT,0.15,3004,5.5000,0.150,0.150
N2A,NT,0.20,3000,6.0000,0.200,0.200
N2A,NT,0.20,3001,4.5000,0.200,0.200
N2A,NT,0.20,3002,5.0000,0.200,0.200
N2A,NT,0.20,3003,5.5000,0.200,0.200
N2A,NT,0.20,3004,5.5000,0.200,0.200
N2A,NT,1.00,3000,4.5000,1.000,0.999
N2A,NT,1.00,3001,4.5000,1.000,0.999
N2A,NT,1.00,3002,4.5000,1.000,0.999
N2A,NT,1.00,3003,4.5000,1.000,0.999
N2A,NT,1.00,3004,4.5000,1.000,0.999
N2A,NT,5.00,3000,4.0000,5.000,4.987
N2A,NT,5.00,3001,4.5000,5.000,4.973
N2A,NT,5.00,3002,4.5000,5.000,4.955
N2A,NT,5.00,3003,3.0000,5.000,4.995
N2A,NT,5.00,3004,3.5000,5.000,4.990
N2B,NT,0.02,3000,8.0000,0.020,0.020
N2B,NT,0.02,3001,10.0000,0.020,0.020
N2B,NT,0.02,3002,7.0000,0.020,0.020
N2B,NT,0.02,3003,8.0000,0.020,0.020
N2B,NT,0.02,3004,7.5000,0.020,0.020
N2B,NT,0.05,3000,8.0000,0.050,0.050
N2B,NT,0.05,3001,9.0000,0.050,0.050
N2B,NT,0.05,3002,7.0000,0.050,0.050
N2B,NT,0.05,3003,4.5000,0.050,0.050
N2B,NT,0.05,3004,6.0000,0.050,0.050
N2B,NT,0.10,3000,8.0000,0.100,0.100
N2B,NT,0.10,3001,6.0000,0.100,0.100
N2B,NT,0.10,3002,7.0000,0.100,0.100
N2B,NT,0.10,3003,4.5000,0.100,0.100
N2B,NT,0.10,3004,4.0000,0.100,0.100
N2B,NT,0.15,3000,5.0000,0.150,0.150
N2B,NT,0.15,3001,4.5000,0.150,0.150
N2B,NT,0.15,3002,4.5000,0.150,0.150
N2B,NT,0.15,3003,4.5000,0.150,0.150
N2B,NT,0.15,3004,4.0000,0.150,0.150
N2B,NT,0.20,3000,5.0000,0.200,0.200
N2B,NT,0.20,3001,4.5000,0.200,0.200
N2B,NT,0.20,3002,4.5000,0.200,0.200
N2B,NT,0.20,3003,4.0000,0.200,0.200
N2B,NT,0.20,3004,4.0000,0.200,0.200
N2B,NT,1.00,3000,4.5000,1.000,0.999
N2B,NT,1.00,3001,4.0000,1.000,0.999
N2B,NT,1.00,3002,4.0000,1.000,0.999
N2B,NT,1.00,3003,3.0000,1.000,0.985
N2B,NT,1.00,3004,3.0000,1.000,0.975
N2B,NT,5.00,3000,4.0000,5.000,4.995
N2B,NT,5.00,3001,3.0000,5.000,4.981
N2B,NT,5.00,3002,3.0000,5.000,4.994
N2B,NT,5.00,3003,0.0000,1.353,1.352
N2B,NT,5.00,3004,3.0000,5.000,4.970
N2C,NT,0.02,3000,12.0000,0.020,0.020
N2C,NT,0.02,3001,8.0000,0.020,0.020
N2C,NT,0.02,3002,9.5000,0.020,0.020
N2C,NT,0.02,3003,7.0000,0.020,0.020
N2C,NT,0.02,3004,9.0000,0.020,0.020
N2C,NT,0.05,3000,10.0000,0.050,0.050
N2C,NT,0.05,3001,5.0000,0.050,0.050
N2C,NT,0.05,3002,8.5000,0.050,0.050
N2C,NT,0.05,3003,7.0000,0.050,0.050
N2C,NT,0.05,3004,5.0000,0.050,0.050
N2C,NT,0.10,3000,3.5000,0.100,0.100
N2C,NT,0.10,3001,5.0000,0.100,0.100
N2C,NT,0.10,3002,5.0000,0.100,0.100
N2C,NT,0.10,3003,7.0000,0.100,0.100
N2C,NT,0.10,3004,5.0000,0.100,0.100
N2C,NT,0.15,3000,3.5000,0.150,0.150
N2C,NT,0.15,3001,5.0000,0.150,0.150
N2C,NT,0.15,3002,5.0000,0.150,0.150
N2C,NT,0.15,3003,7.0000,0.150,0.150
N2C,NT,0.15,3004,5.0000,0.150,0.150
N2C,NT,0.20,3000,3.5000,0.200,0.200
N2C,NT,0.20,3001,5.0000,0.200,0.200
N2C,NT,0.20,3002,5.0000,0.200,0.200
N2C,NT,0.20,3003,5.0000,0.200,0.200
N2C,NT,0.20,3004,5.0000,0.200,0.200
N2C,NT,1.00,3000,3.5000,1.000,0.961
N2C,NT,1.00,3001,5.0000,1.000,0.964
N2C,NT,1.00,3002,3.5000,1.000,0.999
N2C,NT,1.00,3003,3.5000,1.000,0.999
N2C,NT,1.00,3004,3.5000,1.000,0.999
N2C,NT,5.00,3000,3.5000,5.000,4.994
N2C,NT,5.00,3001,3.5000,5.000,4.954
N2C,NT,5.00,3002,3.5000,5.000,4.973
N2C,NT,5.00,3003,3.5000,5.000,4.990
N2C,NT,5.00,3004,3.5000,5.000,4.996
N2D,NT,0.02,3000,8.0000,0.020,0.020
N2D,NT,0.02,3001,7.0000,0.020,0.020
N2D,NT,0.02,3002,6.5000,0.020,0.020
N2D,NT,0.02,3003,10.0000,0.020,0.020
N2D,NT,0.02,3004,6.5000,0.020,0.020
N2D,NT,0.05,3000,8.0000,0.050,0.050
N2D,NT,0.05,3001,6.0000,0.050,0.050
N2D,NT,0.05,3002,6.5000,0.050,0.050
N2D,NT,0.05,3003,7.5000,0.050,0.050
N2D,NT,0.05,3004,6.5000,0.050,0.050
N2D,NT,0.10,3000,6.5000,0.100,0.100
N2D,NT,0.10,3001,6.0000,0.100,0.100
N2D,NT,0.10,3002,5.5000,0.100,0.100
N2D,NT,0.10,3003,7.5000,0.100,0.100
N2D,NT,0.10,3004,6.5000,0.100,0.100
N2D,NT,0.15,3000,6.5000,0.150,0.150
N2D,NT,0.15,3001,6.0000,0.150,0.150
N2D,NT,0.15,3002,5.5000,0.150,0.150
N2D,NT,0.15,3003,7.5000,0.153,0.107
N2D,NT,0.15,3004,6.5000,0.150,0.093
N2D,NT,0.20,3000,6.5000,0.200,0.199
N2D,NT,0.20,3001,6.0000,0.200,0.089
N2D,NT,0.20,3002,5.5000,0.200,0.165
N2D,NT,0.20,3003,6.5000,0.200,0.200
N2D,NT,0.20,3004,6.5000,0.200,0.199
N2D,NT,1.00,3000,5.0000,1.000,0.999
N2D,NT,1.00,3001,5.5000,1.007,0.990
N2D,NT,1.00,3002,5.5000,1.000,0.989
N2D,NT,1.00,3003,5.5000,1.000,0.999
N2D,NT,1.00,3004,6.5000,1.000,0.997
N2D,NT,5.00,3000,3.5000,5.000,4.989
N2D,NT,5.00,3001,5.5000,5.000,4.995
N2D,NT,5.00,3002,5.5000,5.000,4.969
N2D,NT,5.00,3003,3.5000,5.000,4.993
N2D,NT,5.00,3004,3.5000,5.000,4.996
N2E,NT,0.02,3000,6.0000,0.020,0.020
N2E,NT,0.02,3001,6.0000,0.020,0.020
N2E,NT,0.02,3002,6.0000,0.020,0.020
N2E,NT,0.02,3003,6.0000,0.020,0.020
N2E,NT,0.02,3004,6.0000,0.020,0.020
N2E,NT,0.05,3000,6.0000,0.050,0.050
N2E,NT,0.05,3001,6.0000,0.050,0.050
N2E,NT,0.05,3002,6.0000,0.050,0.050
N2E,NT,0.05,3003,6.0000,0.050,0.050
N2E,NT,0.05,3004,6.0000,0.050,0.050
N2E,NT,0.10,3000,6.0000,0.100,0.100
N2E,NT,0.10,3001,6.0000,0.100,0.100
N2E,NT,0.10,3002,6.0000,0.100,0.100
N2E,NT,0.10,3003,6.0000,0.100,0.100
N2E,NT,0.10,3004,6.0000,0.100,0.100
N2E,NT,0.15,3000,6.0000,0.150,0.150
N2E,NT,0.15,3001,6.0000,0.150,0.150
N2E,NT,0.15,3002,5.5000,0.150,0.150
N2E,NT,0.15,3003,6.0000,0.150,0.150
N2E,NT,0.15,3004,6.0000,0.150,0.150
N2E,NT,0.20,3000,6.0000,0.200,0.200
N2E,NT,0.20,3001,6.0000,0.200,0.200
N2E,NT,0.20,3002,5.5000,0.200,0.200
N2E,NT,0.20,3003,6.0000,0.200,0.200
N2E,NT,0.20,3004,6.0000,0.200,0.200
N2E,NT,1.00,3000,5.0000,1.000,0.999
N2E,NT,1.00,3001,4.0000,1.000,0.999
N2E,NT,1.00,3002,5.0000,1.000,0.999
N2E,NT,1.00,3003,5.5000,1.000,0.999
N2E,NT,1.00,3004,5.0000,1.000,0.979
N2E,NT,5.00,3000,4.5000,5.000,4.747
N2E,NT,5.00,3001,4.0000,5.000,4.856
N2E,NT,5.00,3002,3.0000,5.000,4.860
N2E,NT,5.00,3003,3.0000,5.000,4.978
N2E,NT,5.00,3004,3.0000,5.000,4.762
N3A,NT,0.02,3000,7.0000,0.020,0.020
N3A,NT,0.02,3001,6.5000,0.020,0.020
N3A,NT,0.02,3002,10.5000,0.020,0.020
N3A,NT,0.02,3003,9.0000,0.020,0.020
N3A,NT,0.02,3004,9.0000,0.020,0.020
N3A,NT,0.05,3000,6.5000,0.050,0.050
N3A,NT,0.05,3001,5.5000,0.050,0.050
N3A,NT,0.05,3002,7.5000,0.050,0.050
N3A,NT,0.05,3003,8.0000,0.050,0.050
N3A,NT,0.05,3004,5.5000,0.050,0.050
N3A,NT,0.10,3000,6.5000,0.100,0.100
N3A,NT,0.10,3001,5.5000,0.100,0.100
N3A,NT,0.10,3002,7.5000,0.100,0.100
N3A,NT,0.10,3003,4.5000,0.100,0.100
N3A,NT,0.10,3004,5.5000,0.100,0.100
N3A,NT,0.15,3000,6.5000,0.150,0.150
N3A,NT,0.15,3001,3.5000,0.150,0.150
N3A,NT,0.15,3002,7.5000,0.150,0.150
N3A,NT,0.15,3003,4.5000,0.150,0.150
N3A,NT,0.15,3004,5.5000,0.150,0.150
N3A,NT,0.20,3000,5.5000,0.200,0.200
N3A,NT,0.20,3001,3.5000,0.200,0.200
N3A,NT,0.20,3002,4.5000,0.200,0.200
N3A,NT,0.20,3003,4.5000,0.200,0.200
N3A,NT,0.20,3004,5.5000,0.200,0.200
N3A,NT,1.00,3000,5.5000,1.000,0.999
N3A,NT,1.00,3001,3.5000,1.000,0.999
N3A,NT,1.00,3002,4.5000,1.000,0.999
N3A,NT,1.00,3003,4.0000,1.000,0.991
N3A,NT,1.00,3004,5.5000,1.000,0.998
N3A,NT,5.00,3000,4.5000,5.000,4.837
N3A,NT,5.00,3001,3.5000,5.000,4.987
N3A,NT,5.00,3002,4.0000,5.000,4.983
N3A,NT,5.00,3003,4.0000,5.000,4.980
N3A,NT,5.00,3004,3.5000,5.000,4.972
N3B,NT,0.02,3000,7.5000,0.020,0.020
N3B,NT,0.02,3001,7.5000,0.020,0.020
N3B,NT,0.02,3002,7.5000,0.020,0.020
N3B,NT,0.02,3003,5.5000,0.020,0.020
N3B,NT,0.02,3004,7.0000,0.020,0.020
N3B,NT,0.05,3000,6.0000,0.050,0.050
N3B,NT,0.05,3001,5.5000,0.050,0.050
N3B,NT,0.05,3002,7.5000,0.050,0.050
N3B,NT,0.05,3003,5.5000,0.050,0.050
N3B,NT,0.05,3004,7.0000,0.050,0.050
N3B,NT,0.10,3000,5.5000,0.100,0.076
N3B,NT,0.10,3001,5.5000,0.100,0.100
N3B,NT,0.10,3002,6.5000,0.100,0.100
N3B,NT,0.10,3003,5.5000,0.100,0.100
N3B,NT,0.10,3004,7.0000,0.100,0.100
N3B,NT,0.15,3000,5.5000,0.150,0.150
N3B,NT,0.15,3001,5.5000,0.150,0.150
N3B,NT,0.15,3002,6.0000,0.150,0.150
N3B,NT,0.15,3003,5.5000,0.150,0.150
N3B,NT,0.15,3004,6.0000,0.150,0.150
N3B,NT,0.20,3000,5.5000,0.200,0.200
N3B,NT,0.20,3001,5.5000,0.200,0.200
N3B,NT,0.20,3002,6.0000,0.200,0.200
N3B,NT,0.20,3003,5.5000,0.200,0.200
N3B,NT,0.20,3004,6.0000,0.200,0.200
N3B,NT,1.00,3000,5.0000,1.000,0.999
N3B,NT,1.00,3001,4.5000,1.000,0.999
N3B,NT,1.00,3002,4.5000,1.000,0.999
N3B,NT,1.00,3003,4.5000,1.000,0.996
N3B,NT,1.00,3004,4.0000,1.000,0.999
N3B,NT,5.00,3000,3.5000,5.000,4.995
N3B,NT,5.00,3001,4.0000,5.000,4.972
N3B,NT,5.00,3002,3.5000,5.000,4.995
N3B,NT,5.00,3003,4.5000,5.000,4.993
N3B,NT,5.00,3004,4.0000,5.000,4.974
N3C,NT,0.02,3000,6.5000,0.020,0.020
N3C,NT,0.02,3001,6.5000,0.020,0.020
N3C,NT,0.02,3002,6.5000,0.020,0.020
N3C,NT,0.02,3003,7.5000,0.020,0.020
N3C,NT,0.02,3004,6.5000,0.020,0.020
N3C,NT,0.05,3000,6.5000,0.050,0.050
N3C,NT,0.05,3001,6.5000,0.050,0.050
N3C,NT,0.05,3002,6.0000,0.050,0.050
N3C,NT,0.05,3003,6.0000,0.050,0.050
N3C,NT,0.05,3004,6.5000,0.050,0.050
N3C,NT,0.10,3000,6.0000,0.100,0.100
N3C,NT,0.10,3001,6.0000,0.100,0.100
N3C,NT,0.10,3002,6.0000,0.100,0.100
N3C,NT,0.10,3003,5.5000,0.100,0.100
N3C,NT,0.10,3004,4.5000,0.100,0.100
N3C,NT,0.15,3000,6.0000,0.150,0.150
N3C,NT,0.15,3001,6.0000,0.150,0.150
N3C,NT,0.15,3002,4.5000,0.150,0.150
N3C,NT,0.15,3003,5.5000,0.150,0.150
N3C,NT,0.15,3004,4.5000,0.150,0.150
N3C,NT,0.20,3000,6.0000,0.200,0.200
N3C,NT,0.20,3001,3.5000,0.200,0.200
N3C,NT,0.20,3002,4.5000,0.200,0.200
N3C,NT,0.20,3003,5.5000,0.200,0.200
N3C,NT,0.20,3004,4.5000,0.200,0.200
N3C,NT,1.00,3000,4.0000,1.000,0.999
N3C,NT,1.00,3001,3.5000,1.000,0.995
N3C,NT,1.00,3002,4.5000,1.000,0.997
N3C,NT,1.00,3003,3.5000,1.000,0.999
N3C,NT,1.00,3004,4.5000,1.000,0.999
N3C,NT,5.00,3000,4.0000,5.000,4.994
N3C,NT,5.00,3001,3.5000,5.000,4.979
N3C,NT,5.00,3002,4.5000,5.000,4.995
N3C,NT,5.00,3003,3.5000,5.000,4.991
N3C,NT,5.00,3004,3.0000,5.000,4.980
N3D,NT,0.02,3000,7.0000,0.020,0.020
N3D,NT,0.02,3001,4.5000,0.020,0.020
N3D,NT,0.02,3002,5.5000,0.020,0.020
N3D,NT,0.02,3003,6.5000,0.020,0.020
N3D,NT,0.02,3004,6.5000,0.020,0.020
N3D,NT,0.05,3000,7.0000,0.050,0.050
N3D,NT,0.05,3001,4.5000,0.050,0.050
N3D,NT,0.05,3002,5.5000,0.050,0.050
N3D,NT,0.05,3003,6.5000,0.050,0.050
N3D,NT,0.05,3004,6.5000,0.050,0.050
N3D,NT,0.10,3000,7.0000,0.100,0.100
N3D,NT,0.10,3001,4.5000,0.100,0.100
N3D,NT,0.10,3002,5.5000,0.100,0.100
N3D,NT,0.10,3003,5.5000,0.100,0.100
N3D,NT,0.10,3004,4.5000,0.100,0.100
N3D,NT,0.15,3000,4.5000,0.150,0.150
N3D,NT,0.15,3001,4.5000,0.150,0.150
N3D,NT,0.15,3002,5.5000,0.150,0.150
N3D,NT,0.15,3003,4.5000,0.150,0.150
N3D,NT,0.15,3004,4.5000,0.150,0.150
N3D,NT,0.20,3000,4.5000,0.200,0.200
N3D,NT,0.20,3001,4.5000,0.200,0.200
N3D,NT,0.20,3002,5.5000,0.200,0.200
N3D,NT,0.20,3003,4.5000,0.200,0.200
N3D,NT,0.20,3004,4.5000,0.200,0.200
N3D,NT,1.00,3000,4.5000,1.000,0.999
N3D,NT,1.00,3001,4.5000,1.000,0.999
N3D,NT,1.00,3002,4.5000,1.000,0.999
N3D,NT,1.00,3003,4.0000,1.000,0.951
N3D,NT,1.00,3004,2.5000,1.000,0.995
N3D,NT,5.00,3000,2.5000,5.000,4.991
N3D,NT,5.00,3001,4.0000,5.000,4.991
N3D,NT,5.00,3002,0.0000,4.594,4.585
N3D,NT,5.00,3003,4.0000,5.000,4.970
N3D,NT,5.00,3004,0.0000,2.292,2.289
N3E,NT,0.02,3000,7.0000,0.020,0.020
N3E,NT,0.02,3001,9.0000,0.020,0.020
N3E,NT,0.02,3002,11.0000,0.020,0.020
N3E,NT,0.02,3003,10.0000,0.020,0.020
N3E,NT,0.02,3004,7.5000,0.020,0.020
N3E,NT,0.05,3000,7.0000,0.050,0.050
N3E,NT,0.05,3001,6.5000,0.050,0.050
N3E,NT,0.05,3002,5.5000,0.050,0.050
N3E,NT,0.05,3003,5.5000,0.050,0.050
N3E,NT,0.05,3004,7.5000,0.050,0.050
N3E,NT,0.10,3000,7.0000,0.100,0.100
N3E,NT,0.10,3001,4.5000,0.100,0.100
N3E,NT,0.10,3002,5.5000,0.100,0.100
N3E,NT,0.10,3003,5.5000,0.100,0.100
N3E,NT,0.10,3004,6.5000,0.100,0.100
N3E,NT,0.15,3000,5.5000,0.150,0.150
N3E,NT,0.15,3001,4.5000,0.150,0.150
N3E,NT,0.15,3002,5.5000,0.150,0.150
N3E,NT,0.15,3003,5.5000,0.150,0.150
N3E,NT,0.15,3004,5.5000,0.150,0.150
N3E,NT,0.20,3000,5.5000,0.200,0.200
N3E,NT,0.20,3001,4.5000,0.200,0.200
N3E,NT,0.20,3002,5.5000,0.200,0.200
N3E,NT,0.20,3003,5.5000,0.200,0.200
N3E,NT,0.20,3004,5.5000,0.200,0.200
N3E,NT,1.00,3000,5.5000,1.000,0.998
N3E,NT,1.00,3001,2.5000,1.000,0.999
N3E,NT,1.00,3002,5.5000,1.000,0.999
N3E,NT,1.00,3003,5.5000,1.000,0.999
N3E,NT,1.00,3004,5.0000,1.000,0.999
N3E,NT,5.00,3000,2.5000,5.000,4.950
N3E,NT,5.00,3001,2.5000,5.000,4.994
N3E,NT,5.00,3002,2.5000,5.000,4.940
N3E,NT,5.00,3003,4.0000,5.000,4.994
N3E,NT,5.00,3004,2.5000,5.000,4.992
N4A,NT,0.02,3000,7.0000,0.021,0.021
N4A,NT,0.02,3001,6.5000,0.021,0.021
N4A,NT,0.02,3002,6.0000,0.020,0.020
N4A,NT,0.02,3003,7.0000,0.021,0.021
N4A,NT,0.02,3004,4.5000,0.020,0.020
N4A,NT,0.05,3000,7.0000,0.051,0.051
N4A,NT,0.05,3001,6.0000,0.050,0.050
N4A,NT,0.05,3002,6.0000,0.050,0.050
N4A,NT,0.05,3003,6.0000,0.050,0.050
N4A,NT,0.05,3004,4.5000,0.051,0.051
N4A,NT,0.10,3000,5.5000,0.100,0.100
N4A,NT,0.10,3001,6.0000,0.100,0.100
N4A,NT,0.10,3002,5.0000,0.100,0.100
N4A,NT,0.10,3003,4.5000,0.100,0.100
N4A,NT,0.10,3004,4.5000,0.100,0.100
N4A,NT,0.15,3000,4.5000,0.151,0.150
N4A,NT,0.15,3001,5.0000,0.150,0.150
N4A,NT,0.15,3002,5.0000,0.150,0.150
N4A,NT,0.15,3003,4.5000,0.150,0.150
N4A,NT,0.15,3004,4.5000,0.150,0.150
N4A,NT,0.20,3000,4.5000,0.201,0.200
N4A,NT,0.20,3001,5.0000,0.201,0.200
N4A,NT,0.20,3002,5.0000,0.201,0.180
N4A,NT,0.20,3003,4.5000,0.201,0.200
N4A,NT,0.20,3004,4.5000,0.200,0.200
N4A,NT,1.00,3000,4.5000,1.001,1.000
N4A,NT,1.00,3001,2.5000,1.000,0.999
N4A,NT,1.00,3002,4.0000,1.000,0.999
N4A,NT,1.00,3003,4.5000,1.000,0.999
N4A,NT,1.00,3004,3.0000,1.000,0.999
N4A,NT,5.00,3000,3.0000,5.000,4.993
N4A,NT,5.00,3001,2.0000,5.000,4.995
N4A,NT,5.00,3002,3.5000,5.000,4.979
N4A,NT,5.00,3003,3.5000,5.001,4.995
N4A,NT,5.00,3004,3.0000,5.000,4.969
N4B,NT,0.02,3000,7.5000,0.021,0.021
N4B,NT,0.02,3001,7.5000,0.020,0.020
N4B,NT,0.02,3002,7.5000,0.020,0.020
N4B,NT,0.02,3003,7.5000,0.020,0.020
N4B,NT,0.02,3004,7.5000,0.020,0.020
N4B,NT,0.05,3000,6.5000,0.050,0.050
N4B,NT,0.05,3001,7.5000,0.050,0.050
N4B,NT,0.05,3002,7.0000,0.051,0.051
N4B,NT,0.05,3003,4.5000,0.051,0.051
N4B,NT,0.05,3004,7.0000,0.051,0.051
N4B,NT,0.10,3000,6.0000,0.100,0.100
N4B,NT,0.10,3001,5.0000,0.100,0.100
N4B,NT,0.10,3002,6.5000,0.100,0.100
N4B,NT,0.10,3003,4.5000,0.100,0.100
N4B,NT,0.10,3004,7.0000,0.101,0.100
N4B,NT,0.15,3000,6.0000,0.150,0.150
N4B,NT,0.15,3001,5.0000,0.150,0.150
N4B,NT,0.15,3002,6.5000,0.150,0.150
N4B,NT,0.15,3003,4.5000,0.150,0.150
N4B,NT,0.15,3004,7.0000,0.150,0.150
N4B,NT,0.20,3000,6.0000,0.200,0.200
N4B,NT,0.20,3001,5.0000,0.201,0.201
N4B,NT,0.20,3002,6.5000,0.201,0.201
N4B,NT,0.20,3003,4.5000,0.200,0.200
N4B,NT,0.20,3004,6.0000,0.200,0.200
N4B,NT,1.00,3000,4.5000,1.001,0.999
N4B,NT,1.00,3001,5.0000,1.000,0.999
N4B,NT,1.00,3002,5.5000,1.001,1.000
N4B,NT,1.00,3003,4.5000,1.000,0.999
N4B,NT,1.00,3004,5.0000,1.000,1.000
N4B,NT,5.00,3000,4.0000,5.000,4.996
N4B,NT,5.00,3001,4.0000,5.000,4.995
N4B,NT,5.00,3002,3.5000,5.001,4.977
N4B,NT,5.00,3003,4.0000,5.000,4.992
N4B,NT,5.00,3004,4.0000,5.000,4.995
N4C,NT,0.02,3000,4.0000,0.021,0.021
N4C,NT,0.02,3001,4.0000,0.020,0.020
N4C,NT,0.02,3002,4.0000,0.020,0.020
N4C,NT,0.02,3003,4.0000,0.020,0.020
N4C,NT,0.02,3004,4.0000,0.021,0.021
N4C,NT,0.05,3000,3.0000,0.050,0.050
N4C,NT,0.05,3001,3.5000,0.050,0.050
N4C,NT,0.05,3002,4.0000,0.050,0.050
N4C,NT,0.05,3003,4.0000,0.050,0.050
N4C,NT,0.05,3004,4.0000,0.050,0.050
N4C,NT,0.10,3000,3.0000,0.100,0.100
N4C,NT,0.10,3001,3.5000,0.100,0.100
N4C,NT,0.10,3002,4.0000,0.100,0.100
N4C,NT,0.10,3003,4.0000,0.100,0.100
N4C,NT,0.10,3004,4.0000,0.100,0.100
N4C,NT,0.15,3000,3.0000,0.150,0.150
N4C,NT,0.15,3001,3.5000,0.150,0.150
N4C,NT,0.15,3002,4.0000,0.151,0.150
N4C,NT,0.15,3003,4.0000,0.151,0.150
N4C,NT,0.15,3004,4.0000,0.151,0.150
N4C,NT,0.20,3000,3.0000,0.201,0.201
N4C,NT,0.20,3001,3.5000,0.201,0.201
N4C,NT,0.20,3002,4.0000,0.201,0.200
N4C,NT,0.20,3003,4.0000,0.201,0.201
N4C,NT,0.20,3004,4.0000,0.200,0.200
N4C,NT,1.00,3000,3.0000,1.000,0.973
N4C,NT,1.00,3001,3.5000,1.000,1.000
N4C,NT,1.00,3002,2.5000,1.001,1.000
N4C,NT,1.00,3003,3.5000,1.001,1.000
N4C,NT,1.00,3004,2.5000,1.000,0.999
N4C,NT,5.00,3000,3.0000,5.000,4.960
N4C,NT,5.00,3001,3.0000,5.000,4.989
N4C,NT,5.00,3002,2.5000,5.001,4.996
N4C,NT,5.00,3003,2.5000,5.000,4.977
N4C,NT,5.00,3004,2.5000,5.000,4.976
N4D,NT,0.02,3000,4.5000,0.020,0.020
N4D,NT,0.02,3001,5.5000,0.021,0.021
N4D,NT,0.02,3002,6.5000,0.020,0.020
N4D,NT,0.02,3003,5.5000,0.021,0.021
N4D,NT,0.02,3004,5.5000,0.020,0.020
N4D,NT,0.05,3000,4.5000,0.050,0.050
N4D,NT,0.05,3001,5.5000,0.050,0.050
N4D,NT,0.05,3002,6.5000,0.050,0.050
N4D,NT,0.05,3003,5.0000,0.050,0.050
N4D,NT,0.05,3004,5.0000,0.050,0.050
N4D,NT,0.10,3000,4.5000,0.101,0.101
N4D,NT,0.10,3001,5.5000,0.100,0.100
N4D,NT,0.10,3002,6.0000,0.100,0.100
N4D,NT,0.10,3003,5.0000,0.100,0.100
N4D,NT,0.10,3004,5.0000,0.101,0.101
N4D,NT,0.15,3000,4.5000,0.150,0.150
N4D,NT,0.15,3001,5.5000,0.151,0.151
N4D,NT,0.15,3002,6.0000,0.150,0.150
N4D,NT,0.15,3003,5.0000,0.150,0.150
N4D,NT,0.15,3004,5.0000,0.156,0.140
N4D,NT,0.20,3000,4.5000,0.200,0.137
N4D,NT,0.20,3001,5.5000,0.200,0.186
N4D,NT,0.20,3002,6.0000,0.201,0.199
N4D,NT,0.20,3003,5.0000,0.200,0.113
N4D,NT,0.20,3004,5.0000,0.201,0.173
N4D,NT,1.00,3000,4.0000,1.000,0.997
N4D,NT,1.00,3001,4.0000,1.000,0.988
N4D,NT,1.00,3002,2.5000,1.000,0.986
N4D,NT,1.00,3003,4.0000,1.000,0.999
N4D,NT,1.00,3004,4.0000,1.000,0.999
N4D,NT,5.00,3000,2.5000,5.001,4.976
N4D,NT,5.00,3001,3.5000,5.001,4.964
N4D,NT,5.00,3002,2.5000,5.000,4.769
N4D,NT,5.00,3003,3.5000,5.000,4.978
N4D,NT,5.00,3004,4.0000,5.001,4.995
N4E,NT,0.02,3000,5.0000,0.021,0.021
N4E,NT,0.02,3001,7.5000,0.020,0.021
N4E,NT,0.02,3002,6.0000,0.020,0.020
N4E,NT,0.02,3003,6.0000,0.020,0.020
N4E,NT,0.02,3004,7.0000,0.020,0.020
N4E,NT,0.05,3000,5.0000,0.050,0.050
N4E,NT,0.05,3001,7.5000,0.050,0.050
N4E,NT,0.05,3002,5.0000,0.050,0.050
N4E,NT,0.05,3003,6.0000,0.050,0.050
N4E,NT,0.05,3004,7.0000,0.051,0.051
N4E,NT,0.10,3000,5.0000,0.101,0.101
N4E,NT,0.10,3001,6.5000,0.101,0.101
N4E,NT,0.10,3002,5.0000,0.100,0.100
N4E,NT,0.10,3003,6.0000,0.100,0.100
N4E,NT,0.10,3004,6.5000,0.100,0.100
N4E,NT,0.15,3000,5.0000,0.151,0.150
N4E,NT,0.15,3001,6.5000,0.150,0.150
N4E,NT,0.15,3002,5.0000,0.150,0.150
N4E,NT,0.15,3003,5.0000,0.151,0.151
N4E,NT,0.15,3004,6.5000,0.150,0.150
N4E,NT,0.20,3000,5.0000,0.201,0.200
N4E,NT,0.20,3001,6.5000,0.200,0.200
N4E,NT,0.20,3002,5.0000,0.200,0.200
N4E,NT,0.20,3003,5.0000,0.201,0.200
N4E,NT,0.20,3004,6.0000,0.201,0.201
N4E,NT,1.00,3000,5.0000,1.000,0.999
N4E,NT,1.00,3001,5.0000,1.000,0.999
N4E,NT,1.00,3002,4.5000,1.001,1.000
N4E,NT,1.00,3003,3.5000,1.001,1.000
N4E,NT,1.00,3004,3.5000,1.000,0.999
N4E,NT,5.00,3000,4.0000,5.000,4.977
N4E,NT,5.00,3001,4.0000,5.000,4.993
N4E,NT,5.00,3002,3.5000,5.000,4.991
N4E,NT,5.00,3003,3.5000,5.000,4.882
N4E,NT,5.00,3004,3.5000,5.000,4.822
N5A,NT,0.02,3000,4.5000,0.021,0.021
N5A,NT,0.02,3001,6.5000,0.021,0.021
N5A,NT,0.02,3002,7.0000,0.021,0.021
N5A,NT,0.02,3003,5.5000,0.021,0.021
N5A,NT,0.02,3004,5.0000,0.021,0.021
N5A,NT,0.05,3000,4.5000,0.051,0.051
N5A,NT,0.05,3001,5.5000,0.050,0.050
N5A,NT,0.05,3002,5.5000,0.051,0.051
N5A,NT,0.05,3003,4.5000,0.050,0.050
N5A,NT,0.05,3004,5.0000,0.051,0.051
N5A,NT,0.10,3000,4.0000,0.101,0.101
N5A,NT,0.10,3001,4.5000,0.101,0.101
N5A,NT,0.10,3002,5.5000,0.101,0.101
N5A,NT,0.10,3003,3.5000,0.100,0.100
N5A,NT,0.10,3004,4.0000,0.101,0.101
N5A,NT,0.15,3000,3.5000,0.150,0.150
N5A,NT,0.15,3001,4.5000,0.150,0.150
N5A,NT,0.15,3002,4.0000,0.150,0.149
N5A,NT,0.15,3003,3.5000,0.150,0.147
N5A,NT,0.15,3004,4.0000,0.150,0.150
N5A,NT,0.20,3000,2.5000,0.201,0.201
N5A,NT,0.20,3001,4.0000,0.201,0.201
N5A,NT,0.20,3002,4.0000,0.201,0.200
N5A,NT,0.20,3003,2.5000,0.201,0.201
N5A,NT,0.20,3004,4.0000,0.200,0.200
N5A,NT,1.00,3000,2.5000,1.000,1.000
N5A,NT,1.00,3001,2.5000,1.001,1.000
N5A,NT,1.00,3002,3.5000,1.001,0.993
N5A,NT,1.00,3003,2.5000,1.001,1.000
N5A,NT,1.00,3004,3.5000,1.000,0.999
N5A,NT,5.00,3000,2.5000,5.000,4.684
N5A,NT,5.00,3001,2.5000,5.000,4.991
N5A,NT,5.00,3002,3.0000,5.001,4.995
N5A,NT,5.00,3003,2.5000,5.013,4.981
N5A,NT,5.00,3004,3.0000,5.001,4.992
N5B,NT,0.02,3000,5.0000,0.021,0.021
N5B,NT,0.02,3001,5.0000,0.021,0.021
N5B,NT,0.02,3002,4.0000,0.020,0.020
N5B,NT,0.02,3003,5.0000,0.020,0.020
N5B,NT,0.02,3004,4.5000,0.021,0.021
N5B,NT,0.05,3000,5.0000,0.051,0.051
N5B,NT,0.05,3001,5.0000,0.050,0.050
N5B,NT,0.05,3002,4.0000,0.051,0.051
N5B,NT,0.05,3003,3.5000,0.051,0.051
N5B,NT,0.05,3004,3.0000,0.050,0.050
N5B,NT,0.10,3000,5.0000,0.100,0.100
N5B,NT,0.10,3001,5.0000,0.100,0.100
N5B,NT,0.10,3002,4.0000,0.100,0.100
N5B,NT,0.10,3003,3.5000,0.100,0.100
N5B,NT,0.10,3004,3.0000,0.101,0.101
N5B,NT,0.15,3000,3.0000,0.151,0.151
N5B,NT,0.15,3001,5.0000,0.150,0.150
N5B,NT,0.15,3002,4.0000,0.150,0.150
N5B,NT,0.15,3003,3.5000,0.151,0.151
N5B,NT,0.15,3004,3.0000,0.151,0.151
N5B,NT,0.20,3000,3.0000,0.201,0.201
N5B,NT,0.20,3001,4.0000,0.201,0.201
N5B,NT,0.20,3002,4.0000,0.201,0.201
N5B,NT,0.20,3003,3.5000,0.201,0.201
N5B,NT,0.20,3004,3.0000,0.201,0.200
N5B,NT,1.00,3000,3.0000,1.001,0.971
N5B,NT,1.00,3001,3.0000,1.001,1.000
N5B,NT,1.00,3002,3.5000,1.000,0.999
N5B,NT,1.00,3003,2.5000,1.000,0.999
N5B,NT,1.00,3004,3.0000,1.001,1.000
N5B,NT,5.00,3000,2.5000,5.001,4.972
N5B,NT,5.00,3001,3.0000,5.000,4.995
N5B,NT,5.00,3002,3.0000,5.001,4.979
N5B,NT,5.00,3003,2.0000,5.001,4.974
N5B,NT,5.00,3004,3.0000,5.000,4.787
N5C,NT,0.02,3000,6.0000,0.020,0.020
N5C,NT,0.02,3001,6.0000,0.021,0.021
N5C,NT,0.02,3002,5.5000,0.021,0.021
N5C,NT,0.02,3003,4.5000,0.020,0.020
N5C,NT,0.02,3004,5.0000,0.020,0.021
N5C,NT,0.05,3000,5.0000,0.050,0.050
N5C,NT,0.05,3001,5.5000,0.051,0.051
N5C,NT,0.05,3002,5.5000,0.051,0.051
N5C,NT,0.05,3003,4.5000,0.051,0.051
N5C,NT,0.05,3004,5.0000,0.051,0.051
N5C,NT,0.10,3000,4.0000,0.100,0.100
N5C,NT,0.10,3001,5.0000,0.100,0.100
N5C,NT,0.10,3002,5.5000,0.101,0.101
N5C,NT,0.10,3003,4.5000,0.101,0.101
N5C,NT,0.10,3004,5.0000,0.101,0.097
N5C,NT,0.15,3000,4.0000,0.151,0.151
N5C,NT,0.15,3001,5.0000,0.151,0.151
N5C,NT,0.15,3002,5.5000,0.150,0.150
N5C,NT,0.15,3003,4.5000,0.151,0.151
N5C,NT,0.15,3004,5.0000,0.151,0.151
N5C,NT,0.20,3000,4.0000,0.200,0.200
N5C,NT,0.20,3001,5.0000,0.201,0.201
N5C,NT,0.20,3002,5.5000,0.201,0.201
N5C,NT,0.20,3003,4.5000,0.201,0.201
N5C,NT,0.20,3004,5.0000,0.201,0.201
N5C,NT,1.00,3000,4.0000,1.000,0.999
N5C,NT,1.00,3001,3.0000,1.000,0.999
N5C,NT,1.00,3002,3.0000,1.000,0.999
N5C,NT,1.00,3003,3.5000,1.001,0.999
N5C,NT,1.00,3004,3.5000,1.000,0.990
N5C,NT,5.00,3000,3.0000,5.000,4.972
N5C,NT,5.00,3001,3.0000,5.000,4.995
N5C,NT,5.00,3002,3.0000,5.000,4.974
N5C,NT,5.00,3003,3.0000,5.001,4.538
N5C,NT,5.00,3004,3.0000,5.000,4.994
N5D,NT,0.02,3000,5.5000,0.020,0.020
N5D,NT,0.02,3001,5.5000,0.021,0.021
N5D,NT,0.02,3002,5.5000,0.021,0.021
N5D,NT,0.02,3003,4.0000,0.020,0.020
N5D,NT,0.02,3004,5.5000,0.021,0.021
N5D,NT,0.05,3000,5.5000,0.051,0.051
N5D,NT,0.05,3001,5.5000,0.051,0.051
N5D,NT,0.05,3002,5.5000,0.051,0.051
N5D,NT,0.05,3003,4.0000,0.051,0.051
N5D,NT,0.05,3004,3.5000,0.050,0.050
N5D,NT,0.10,3000,4.5000,0.101,0.101
N5D,NT,0.10,3001,4.5000,0.100,0.100
N5D,NT,0.10,3002,5.0000,0.100,0.100
N5D,NT,0.10,3003,4.0000,0.100,0.100
N5D,NT,0.10,3004,3.5000,0.101,0.101
N5D,NT,0.15,3000,4.5000,0.150,0.150
N5D,NT,0.15,3001,4.5000,0.151,0.151
N5D,NT,0.15,3002,5.0000,0.151,0.151
N5D,NT,0.15,3003,4.0000,0.151,0.151
N5D,NT,0.15,3004,3.5000,0.150,0.150
N5D,NT,0.20,3000,4.5000,0.200,0.187
N5D,NT,0.20,3001,3.5000,0.200,0.200
N5D,NT,0.20,3002,4.5000,0.201,0.201
N5D,NT,0.20,3003,4.0000,0.200,0.200
N5D,NT,0.20,3004,3.5000,0.200,0.200
N5D,NT,1.00,3000,4.0000,1.001,1.000
N5D,NT,1.00,3001,3.5000,1.001,1.000
N5D,NT,1.00,3002,3.0000,1.000,0.999
N5D,NT,1.00,3003,3.0000,1.001,1.000
N5D,NT,1.00,3004,2.5000,1.001,1.001
N5D,NT,5.00,3000,3.0000,5.000,4.995
N5D,NT,5.00,3001,3.0000,5.000,4.971
N5D,NT,5.00,3002,3.0000,5.000,4.993
N5D,NT,5.00,3003,3.0000,5.001,4.996
N5D,NT,5.00,3004,2.5000,5.000,4.968
N5E,NT,0.02,3000,5.0000,0.020,0.020
N5E,NT,0.02,3001,5.5000,0.021,0.021
N5E,NT,0.02,3002,4.0000,0.021,0.021
N5E,NT,0.02,3003,6.0000,0.020,0.020
N5E,NT,0.02,3004,6.0000,0.021,0.021
N5E,NT,0.05,3000,4.5000,0.050,0.050
N5E,NT,0.05,3001,4.5000,0.051,0.051
N5E,NT,0.05,3002,4.0000,0.051,0.051
N5E,NT,0.05,3003,5.5000,0.051,0.051
N5E,NT,0.05,3004,4.5000,0.050,0.050
N5E,NT,0.10,3000,4.5000,0.101,0.101
N5E,NT,0.10,3001,4.5000,0.101,0.101
N5E,NT,0.10,3002,3.5000,0.101,0.101
N5E,NT,0.10,3003,5.5000,0.100,0.100
N5E,NT,0.10,3004,4.5000,0.101,0.101
N5E,NT,0.15,3000,3.5000,0.150,0.150
N5E,NT,0.15,3001,3.5000,0.151,0.151
N5E,NT,0.15,3002,3.5000,0.151,0.151
N5E,NT,0.15,3003,5.0000,0.150,0.150
N5E,NT,0.15,3004,3.0000,0.151,0.151
N5E,NT,0.20,3000,3.5000,0.201,0.201
N5E,NT,0.20,3001,3.5000,0.200,0.200
N5E,NT,0.20,3002,3.5000,0.200,0.200
N5E,NT,0.20,3003,5.0000,0.200,0.200
N5E,NT,0.20,3004,3.0000,0.201,0.201
N5E,NT,1.00,3000,3.5000,1.001,1.000
N5E,NT,1.00,3001,3.5000,1.000,1.000
N5E,NT,1.00,3002,3.5000,1.001,1.000
N5E,NT,1.00,3003,3.5000,1.000,1.000
N5E,NT,1.00,3004,3.0000,1.000,0.999
N5E,NT,5.00,3000,3.0000,5.001,4.995
N5E,NT,5.00,3001,2.0000,5.000,4.975
N5E,NT,5.00,3002,2.5000,5.001,4.996
N5E,NT,5.00,3003,2.5000,5.001,4.949
N5E,NT,5.00,3004,3.0000,5.001,4.996
N6A,NT,0.02,3000,4.0000,0.022,0.022
N6A,NT,0.02,3001,3.5000,0.021,0.021
N6A,NT,0.02,3002,4.0000,0.021,0.021
N6A,NT,0.02,3003,4.0000,0.021,0.021
N6A,NT,0.02,3004,4.0000,0.020,0.020
N6A,NT,0.05,3000,4.0000,0.051,0.051
N6A,NT,0.05,3001,3.5000,0.050,0.050
N6A,NT,0.05,3002,4.0000,0.051,0.051
N6A,NT,0.05,3003,4.0000,0.051,0.051
N6A,NT,0.05,3004,4.0000,0.051,0.051
N6A,NT,0.10,3000,4.0000,0.100,0.100
N6A,NT,0.10,3001,2.5000,0.100,0.100
N6A,NT,0.10,3002,4.0000,0.102,0.102
N6A,NT,0.10,3003,4.0000,0.100,0.100
N6A,NT,0.10,3004,4.0000,0.100,0.100
N6A,NT,0.15,3000,4.0000,0.151,0.151
N6A,NT,0.15,3001,2.5000,0.150,0.150
N6A,NT,0.15,3002,4.0000,0.150,0.150
N6A,NT,0.15,3003,4.0000,0.150,0.150
N6A,NT,0.15,3004,4.0000,0.150,0.150
N6A,NT,0.20,3000,3.5000,0.201,0.200
N6A,NT,0.20,3001,2.5000,0.201,0.201
N6A,NT,0.20,3002,4.0000,0.201,0.201
N6A,NT,0.20,3003,4.0000,0.201,0.200
N6A,NT,0.20,3004,4.0000,0.201,0.201
N6A,NT,1.00,3000,3.0000,1.000,0.997
N6A,NT,1.00,3001,2.5000,1.001,1.000
N6A,NT,1.00,3002,3.5000,1.001,1.000
N6A,NT,1.00,3003,3.0000,1.001,0.998
N6A,NT,1.00,3004,4.0000,1.001,1.000
N6A,NT,5.00,3000,2.5000,5.001,4.978
N6A,NT,5.00,3001,2.0000,5.001,4.994
N6A,NT,5.00,3002,3.0000,5.001,4.996
N6A,NT,5.00,3003,1.5000,5.000,4.855
N6A,NT,5.00,3004,3.0000,5.000,4.864
N6B,NT,0.02,3000,4.5000,0.020,0.020
N6B,NT,0.02,3001,4.0000,0.021,0.021
N6B,NT,0.02,3002,5.0000,0.020,0.020
N6B,NT,0.02,3003,4.5000,0.022,0.022
N6B,NT,0.02,3004,5.0000,0.022,0.022
N6B,NT,0.05,3000,3.0000,0.050,0.050
N6B,NT,0.05,3001,3.0000,0.051,0.051
N6B,NT,0.05,3002,4.0000,0.052,0.052
N6B,NT,0.05,3003,4.0000,0.050,0.050
N6B,NT,0.05,3004,4.0000,0.051,0.051
N6B,NT,0.10,3000,3.0000,0.100,0.100
N6B,NT,0.10,3001,2.0000,0.101,0.100
N6B,NT,0.10,3002,3.0000,0.101,0.100
N6B,NT,0.10,3003,3.5000,0.101,0.101
N6B,NT,0.10,3004,4.0000,0.100,0.100
N6B,NT,0.15,3000,3.0000,0.150,0.149
N6B,NT,0.15,3001,2.0000,0.150,0.150
N6B,NT,0.15,3002,2.5000,0.151,0.150
N6B,NT,0.15,3003,3.5000,0.151,0.151
N6B,NT,0.15,3004,4.0000,0.151,0.151
N6B,NT,0.20,3000,3.0000,0.201,0.200
N6B,NT,0.20,3001,2.0000,0.202,0.201
N6B,NT,0.20,3002,2.5000,0.201,0.200
N6B,NT,0.20,3003,3.0000,0.201,0.200
N6B,NT,0.20,3004,3.5000,0.201,0.201
N6B,NT,1.00,3000,3.0000,1.001,1.000
N6B,NT,1.00,3001,2.0000,1.000,0.999
N6B,NT,1.00,3002,2.5000,1.001,1.000
N6B,NT,1.00,3003,2.5000,1.000,0.999
N6B,NT,1.00,3004,3.0000,1.002,0.981
N6B,NT,5.00,3000,2.0000,5.001,4.994
N6B,NT,5.00,3001,2.0000,5.000,4.995
N6B,NT,5.00,3002,2.5000,5.001,4.972
N6B,NT,5.00,3003,2.5000,5.002,4.995
N6B,NT,5.00,3004,2.0000,5.000,4.973
N6C,NT,0.02,3000,3.5000,0.020,0.020
N6C,NT,0.02,3001,2.5000,0.022,0.022
N6C,NT,0.02,3002,3.0000,0.021,0.021
N6C,NT,0.02,3003,4.0000,0.021,0.021
N6C,NT,0.02,3004,4.5000,0.021,0.021
N6C,NT,0.05,3000,3.0000,0.050,0.050
N6C,NT,0.05,3001,2.5000,0.050,0.050
N6C,NT,0.05,3002,3.0000,0.052,0.052
N6C,NT,0.05,3003,2.0000,0.051,0.051
N6C,NT,0.05,3004,4.0000,0.050,0.050
N6C,NT,0.10,3000,2.0000,0.101,0.101
N6C,NT,0.10,3001,2.5000,0.100,0.100
N6C,NT,0.10,3002,2.5000,0.101,0.101
N6C,NT,0.10,3003,2.0000,0.101,0.101
N6C,NT,0.10,3004,4.0000,0.102,0.102
N6C,NT,0.15,3000,2.0000,0.150,0.150
N6C,NT,0.15,3001,2.0000,0.151,0.151
N6C,NT,0.15,3002,2.5000,0.150,0.150
N6C,NT,0.15,3003,2.0000,0.150,0.150
N6C,NT,0.15,3004,4.0000,0.151,0.151
N6C,NT,0.20,3000,2.0000,0.201,0.201
N6C,NT,0.20,3001,2.0000,0.201,0.201
N6C,NT,0.20,3002,2.5000,0.200,0.200
N6C,NT,0.20,3003,2.0000,0.202,0.201
N6C,NT,0.20,3004,4.0000,0.201,0.201
N6C,NT,1.00,3000,2.0000,1.000,0.999
N6C,NT,1.00,3001,2.0000,1.001,0.999
N6C,NT,1.00,3002,2.5000,1.000,0.998
N6C,NT,1.00,3003,2.0000,1.001,1.000
N6C,NT,1.00,3004,2.5000,1.000,0.999
N6C,NT,5.00,3000,2.0000,5.002,4.967
N6C,NT,5.00,3001,2.0000,5.001,4.994
N6C,NT,5.00,3002,2.0000,5.001,4.994
N6C,NT,5.00,3003,2.0000,5.001,4.944
N6C,NT,5.00,3004,2.0000,5.001,4.959
N6D,NT,0.02,3000,3.0000,0.021,0.021
N6D,NT,0.02,3001,3.5000,0.020,0.020
N6D,NT,0.02,3002,4.5000,0.021,0.021
N6D,NT,0.02,3003,4.0000,0.021,0.021
N6D,NT,0.02,3004,3.5000,0.021,0.021
N6D,NT,0.05,3000,3.0000,0.051,0.050
N6D,NT,0.05,3001,3.5000,0.050,0.050
N6D,NT,0.05,3002,3.5000,0.052,0.052
N6D,NT,0.05,3003,3.5000,0.052,0.052
N6D,NT,0.05,3004,3.5000,0.050,0.050
N6D,NT,0.10,3000,3.0000,0.101,0.101
N6D,NT,0.10,3001,3.0000,0.101,0.101
N6D,NT,0.10,3002,3.5000,0.100,0.100
N6D,NT,0.10,3003,2.5000,0.101,0.101
N6D,NT,0.10,3004,3.5000,0.101,0.101
N6D,NT,0.15,3000,2.0000,0.150,0.150
N6D,NT,0.15,3001,3.0000,0.151,0.151
N6D,NT,0.15,3002,3.5000,0.151,0.151
N6D,NT,0.15,3003,2.5000,0.151,0.151
N6D,NT,0.15,3004,3.5000,0.151,0.151
N6D,NT,0.20,3000,2.0000,0.200,0.200
N6D,NT,0.20,3001,3.0000,0.201,0.201
N6D,NT,0.20,3002,3.5000,0.202,0.201
N6D,NT,0.20,3003,2.5000,0.205,0.183
N6D,NT,0.20,3004,3.5000,0.201,0.123
N6D,NT,1.00,3000,2.0000,1.000,0.871
N6D,NT,1.00,3001,3.0000,1.002,0.994
N6D,NT,1.00,3002,2.5000,1.001,0.998
N6D,NT,1.00,3003,2.5000,1.001,1.000
N6D,NT,1.00,3004,2.5000,1.001,1.000
N6D,NT,5.00,3000,2.0000,5.001,4.994
N6D,NT,5.00,3001,2.5000,5.001,4.974
N6D,NT,5.00,3002,2.5000,5.001,4.877
N6D,NT,5.00,3003,2.5000,5.000,4.851
N6D,NT,5.00,3004,2.0000,5.000,4.693
N6E,NT,0.02,3000,4.5000,0.021,0.021
N6E,NT,0.02,3001,4.5000,0.021,0.021
N6E,NT,0.02,3002,4.5000,0.021,0.021
N6E,NT,0.02,3003,3.0000,0.021,0.021
N6E,NT,0.02,3004,4.5000,0.020,0.020
N6E,NT,0.05,3000,4.5000,0.051,0.051
N6E,NT,0.05,3001,3.0000,0.050,0.050
N6E,NT,0.05,3002,3.0000,0.051,0.051
N6E,NT,0.05,3003,3.0000,0.051,0.051
N6E,NT,0.05,3004,2.5000,0.052,0.052
N6E,NT,0.10,3000,4.5000,0.100,0.100
N6E,NT,0.10,3001,3.0000,0.100,0.100
N6E,NT,0.10,3002,3.0000,0.102,0.102
N6E,NT,0.10,3003,3.0000,0.101,0.101
N6E,NT,0.10,3004,2.5000,0.101,0.101
N6E,NT,0.15,3000,3.5000,0.151,0.151
N6E,NT,0.15,3001,3.0000,0.151,0.151
N6E,NT,0.15,3002,3.0000,0.152,0.152
N6E,NT,0.15,3003,2.5000,0.151,0.147
N6E,NT,0.15,3004,2.5000,0.151,0.151
N6E,NT,0.20,3000,3.5000,0.201,0.201
N6E,NT,0.20,3001,3.0000,0.200,0.200
N6E,NT,0.20,3002,3.0000,0.200,0.200
N6E,NT,0.20,3003,2.5000,0.200,0.198
N6E,NT,0.20,3004,2.5000,0.200,0.200
N6E,NT,1.00,3000,3.0000,1.001,1.000
N6E,NT,1.00,3001,3.0000,1.001,1.000
N6E,NT,1.00,3002,2.5000,1.001,1.000
N6E,NT,1.00,3003,2.5000,1.002,1.001
N6E,NT,1.00,3004,2.5000,1.001,1.000
N6E,NT,5.00,3000,2.5000,5.001,4.976
N6E,NT,5.00,3001,2.0000,5.001,4.969
N6E,NT,5.00,3002,2.0000,5.002,4.993
N6E,NT,5.00,3003,2.0000,5.000,4.939
N6E,NT,5.00,3004,2.5000,5.001,4.967
N7A,NT,0.02,3000,2.5000,0.022,0.022
N7A,NT,0.02,3001,2.5000,0.024,0.024
N7A,NT,0.02,3002,2.5000,0.023,0.023
N7A,NT,0.02,3003,2.5000,0.022,0.022
N7A,NT,0.02,3004,2.5000,0.023,0.023
N7A,NT,0.05,3000,1.5000,0.054,0.054
N7A,NT,0.05,3001,1.0000,0.050,0.050
N7A,NT,0.05,3002,1.5000,0.050,0.050
N7A,NT,0.05,3003,2.5000,0.052,0.052
N7A,NT,0.05,3004,2.5000,0.051,0.051
N7A,NT,0.10,3000,1.0000,0.100,0.100
N7A,NT,0.10,3001,1.0000,0.103,0.103
N7A,NT,0.10,3002,1.5000,0.100,0.100
N7A,NT,0.10,3003,2.5000,0.104,0.104
N7A,NT,0.10,3004,2.5000,0.103,0.103
N7A,NT,0.15,3000,1.0000,0.150,0.150
N7A,NT,0.15,3001,1.0000,0.150,0.150
N7A,NT,0.15,3002,1.5000,0.155,0.154
N7A,NT,0.15,3003,1.5000,0.154,0.154
N7A,NT,0.15,3004,1.5000,0.154,0.154
N7A,NT,0.20,3000,1.0000,0.201,0.201
N7A,NT,0.20,3001,1.0000,0.203,0.202
N7A,NT,0.20,3002,1.5000,0.202,0.202
N7A,NT,0.20,3003,1.5000,0.202,0.202
N7A,NT,0.20,3004,1.5000,0.203,0.203
N7A,NT,1.00,3000,1.0000,1.005,1.003
N7A,NT,1.00,3001,1.0000,1.002,1.001
N7A,NT,1.00,3002,1.5000,1.004,1.003
N7A,NT,1.00,3003,1.0000,1.002,1.001
N7A,NT,1.00,3004,1.5000,1.001,1.000
N7A,NT,5.00,3000,1.0000,5.000,4.944
N7A,NT,5.00,3001,1.0000,5.002,4.968
N7A,NT,5.00,3002,1.0000,5.002,4.994
N7A,NT,5.00,3003,1.0000,5.002,4.932
N7A,NT,5.00,3004,1.5000,5.003,4.996
N7B,NT,0.02,3000,3.5000,0.023,0.023
N7B,NT,0.02,3001,3.5000,0.022,0.022
N7B,NT,0.02,3002,3.5000,0.022,0.022
N7B,NT,0.02,3003,3.5000,0.020,0.020
N7B,NT,0.02,3004,3.5000,0.021,0.021
N7B,NT,0.05,3000,3.0000,0.054,0.054
N7B,NT,0.05,3001,1.5000,0.054,0.054
N7B,NT,0.05,3002,3.5000,0.051,0.051
N7B,NT,0.05,3003,3.5000,0.051,0.051
N7B,NT,0.05,3004,2.5000,0.055,0.055
N7B,NT,0.10,3000,3.0000,0.101,0.101
N7B,NT,0.10,3001,1.5000,0.103,0.103
N7B,NT,0.10,3002,2.0000,0.101,0.101
N7B,NT,0.10,3003,2.5000,0.105,0.105
N7B,NT,0.10,3004,1.0000,0.104,0.104
N7B,NT,0.15,3000,3.0000,0.151,0.150
N7B,NT,0.15,3001,1.5000,0.153,0.153
N7B,NT,0.15,3002,2.0000,0.152,0.152
N7B,NT,0.15,3003,1.0000,0.151,0.150
N7B,NT,0.15,3004,1.0000,0.151,0.151
N7B,NT,0.20,3000,3.0000,0.205,0.205
N7B,NT,0.20,3001,1.5000,0.203,0.203
N7B,NT,0.20,3002,2.0000,0.204,0.204
N7B,NT,0.20,3003,1.0000,0.205,0.205
N7B,NT,0.20,3004,1.0000,0.204,0.204
N7B,NT,1.00,3000,1.5000,1.000,0.999
N7B,NT,1.00,3001,1.5000,1.004,1.003
N7B,NT,1.00,3002,1.0000,1.001,1.000
N7B,NT,1.00,3003,1.0000,1.001,1.000
N7B,NT,1.00,3004,0.5000,1.001,1.000
N7B,NT,5.00,3000,1.5000,5.000,4.973
N7B,NT,5.00,3001,1.0000,5.001,4.995
N7B,NT,5.00,3002,1.0000,5.001,4.969
N7B,NT,5.00,3003,0.5000,5.004,4.997
N7B,NT,5.00,3004,0.5000,5.003,4.974
N7C,NT,0.02,3000,2.0000,0.021,0.021
N7C,NT,0.02,3001,2.0000,0.021,0.021
N7C,NT,0.02,3002,2.0000,0.022,0.022
N7C,NT,0.02,3003,2.0000,0.022,0.022
N7C,NT,0.02,3004,2.0000,0.025,0.025
N7C,NT,0.05,3000,1.5000,0.053,0.053
N7C,NT,0.05,3001,2.0000,0.054,0.054
N7C,NT,0.05,3002,2.0000,0.053,0.053
N7C,NT,0.05,3003,1.5000,0.051,0.051
N7C,NT,0.05,3004,2.0000,0.051,0.051
N7C,NT,0.10,3000,1.0000,0.101,0.100
N7C,NT,0.10,3001,1.5000,0.101,0.101
N7C,NT,0.10,3002,1.5000,0.102,0.102
N7C,NT,0.10,3003,1.5000,0.101,0.101
N7C,NT,0.10,3004,2.0000,0.103,0.103
N7C,NT,0.15,3000,1.0000,0.151,0.151
N7C,NT,0.15,3001,1.0000,0.152,0.152
N7C,NT,0.15,3002,1.5000,0.152,0.151
N7C,NT,0.15,3003,1.5000,0.153,0.153
N7C,NT,0.15,3004,1.0000,0.155,0.155
N7C,NT,0.20,3000,1.0000,0.202,0.202
N7C,NT,0.20,3001,1.0000,0.202,0.202
N7C,NT,0.20,3002,1.5000,0.204,0.204
N7C,NT,0.20,3003,1.5000,0.203,0.203
N7C,NT,0.20,3004,1.0000,0.203,0.203
N7C,NT,1.00,3000,1.0000,1.001,0.999
N7C,NT,1.00,3001,1.0000,1.002,0.998
N7C,NT,1.00,3002,1.5000,1.005,1.003
N7C,NT,1.00,3003,1.0000,1.003,1.000
N7C,NT,1.00,3004,1.0000,1.004,1.003
N7C,NT,5.00,3000,0.5000,5.003,4.998
N7C,NT,5.00,3001,1.0000,5.004,4.950
N7C,NT,5.00,3002,1.0000,5.000,4.994
N7C,NT,5.00,3003,1.0000,5.002,4.994
N7C,NT,5.00,3004,1.0000,5.001,4.979
N7D,NT,0.02,3000,3.0000,0.024,0.024
N7D,NT,0.02,3001,3.0000,0.023,0.023
N7D,NT,0.02,3002,3.0000,0.022,0.022
N7D,NT,0.02,3003,3.0000,0.023,0.023
N7D,NT,0.02,3004,3.0000,0.023,0.023
N7D,NT,0.05,3000,3.0000,0.050,0.051
N7D,NT,0.05,3001,3.0000,0.051,0.051
N7D,NT,0.05,3002,3.0000,0.054,0.054
N7D,NT,0.05,3003,3.0000,0.050,0.050
N7D,NT,0.05,3004,2.5000,0.050,0.050
N7D,NT,0.10,3000,3.0000,0.103,0.103
N7D,NT,0.10,3001,3.0000,0.104,0.104
N7D,NT,0.10,3002,3.0000,0.101,0.101
N7D,NT,0.10,3003,2.0000,0.102,0.102
N7D,NT,0.10,3004,2.5000,0.103,0.103
N7D,NT,0.15,3000,3.0000,0.151,0.151
N7D,NT,0.15,3001,3.0000,0.151,0.151
N7D,NT,0.15,3002,3.0000,0.153,0.153
N7D,NT,0.15,3003,2.0000,0.152,0.152
N7D,NT,0.15,3004,2.5000,0.150,0.150
N7D,NT,0.20,3000,3.0000,0.201,0.200
N7D,NT,0.20,3001,3.0000,0.203,0.202
N7D,NT,0.20,3002,3.0000,0.203,0.203
N7D,NT,0.20,3003,2.0000,0.200,0.200
N7D,NT,0.20,3004,2.5000,0.201,0.201
N7D,NT,1.00,3000,3.0000,1.002,1.001
N7D,NT,1.00,3001,2.5000,1.003,1.002
N7D,NT,1.00,3002,2.0000,1.001,1.000
N7D,NT,1.00,3003,2.0000,1.003,1.002
N7D,NT,1.00,3004,1.5000,1.001,1.000
N7D,NT,5.00,3000,1.5000,5.005,4.997
N7D,NT,5.00,3001,1.0000,5.001,4.978
N7D,NT,5.00,3002,1.5000,5.002,4.993
N7D,NT,5.00,3003,1.5000,5.002,4.980
N7D,NT,5.00,3004,1.5000,5.001,4.991
N7E,NT,0.02,3000,2.0000,0.021,0.021
N7E,NT,0.02,3001,2.0000,0.022,0.022
N7E,NT,0.02,3002,2.0000,0.021,0.021
N7E,NT,0.02,3003,2.0000,0.023,0.023
N7E,NT,0.02,3004,2.0000,0.022,0.022
N7E,NT,0.05,3000,2.0000,0.051,0.051
N7E,NT,0.05,3001,2.0000,0.051,0.051
N7E,NT,0.05,3002,1.0000,0.050,0.050
N7E,NT,0.05,3003,2.0000,0.050,0.050
N7E,NT,0.05,3004,1.0000,0.052,0.052
N7E,NT,0.10,3000,1.5000,0.103,0.103
N7E,NT,0.10,3001,1.0000,0.101,0.101
N7E,NT,0.10,3002,1.0000,0.100,0.100
N7E,NT,0.10,3003,2.0000,0.102,0.102
N7E,NT,0.10,3004,1.0000,0.100,0.100
N7E,NT,0.15,3000,1.5000,0.153,0.153
N7E,NT,0.15,3001,1.0000,0.152,0.151
N7E,NT,0.15,3002,1.0000,0.152,0.152
N7E,NT,0.15,3003,2.0000,0.150,0.150
N7E,NT,0.15,3004,1.0000,0.154,0.154
N7E,NT,0.20,3000,1.5000,0.202,0.202
N7E,NT,0.20,3001,1.0000,0.203,0.203
N7E,NT,0.20,3002,1.0000,0.203,0.203
N7E,NT,0.20,3003,2.0000,0.203,0.203
N7E,NT,0.20,3004,1.0000,0.201,0.201
N7E,NT,1.00,3000,1.5000,1.005,1.004
N7E,NT,1.00,3001,1.0000,1.001,0.999
N7E,NT,1.00,3002,0.5000,1.003,1.001
N7E,NT,1.00,3003,1.0000,1.000,0.987
N7E,NT,1.00,3004,1.0000,1.002,0.984
N7E,NT,5.00,3000,1.5000,5.001,4.975
N7E,NT,5.00,3001,1.0000,5.003,4.997
N7E,NT,5.00,3002,0.5000,5.005,4.973
N7E,NT,5.00,3003,1.0000,5.005,4.999
N7E,NT,5.00,3004,1.0000,5.003,4.971
T1A,NT,0.02,3000,0.0000,0.004,0.004
T1A,NT,0.02,3001,10.0000,0.020,0.020
T1A,NT,0.02,3002,0.0000,0.008,0.008
T1A,NT,0.02,3003,0.0000,0.009,0.009
T1A,NT,0.02,3004,0.0000,0.015,0.015
T1A,NT,0.05,3000,0.0000,0.005,0.005
T1A,NT,0.05,3001,0.0000,0.022,0.021
T1A,NT,0.05,3002,0.0000,0.009,0.009
T1A,NT,0.05,3003,0.0000,0.008,0.008
T1A,NT,0.05,3004,0.0000,0.018,0.018
T1A,NT,0.10,3000,0.0000,0.004,0.004
T1A,NT,0.10,3001,0.0000,0.020,0.020
T1A,NT,0.10,3002,0.0000,0.011,0.011
T1A,NT,0.10,3003,0.0000,0.006,0.006
T1A,NT,0.10,3004,0.0000,0.016,0.016
T1A,NT,0.15,3000,0.0000,0.005,0.005
T1A,NT,0.15,3001,0.0000,0.020,0.021
T1A,NT,0.15,3002,0.0000,0.010,0.010
T1A,NT,0.15,3003,0.0000,0.006,0.006
T1A,NT,0.15,3004,0.0000,0.017,0.017
T1A,NT,0.20,3000,0.0000,0.004,0.004
T1A,NT,0.20,3001,0.0000,0.020,0.020
T1A,NT,0.20,3002,0.0000,0.011,0.011
T1A,NT,0.20,3003,0.0000,0.006,0.006
T1A,NT,0.20,3004,0.0000,0.015,0.015
T1A,NT,1.00,3000,0.0000,0.005,0.005
T1A,NT,1.00,3001,0.0000,0.021,0.021
T1A,NT,1.00,3002,0.0000,0.008,0.008
T1A,NT,1.00,3003,0.0000,0.006,0.006
T1A,NT,1.00,3004,0.0000,0.016,0.015
T1A,NT,5.00,3000,0.0000,0.005,0.005
T1A,NT,5.00,3001,0.0000,0.020,0.020
T1A,NT,5.00,3002,0.0000,0.011,0.011
T1A,NT,5.00,3003,0.0000,0.007,0.007
T1A,NT,5.00,3004,0.0000,0.017,0.017
T1B,NT,0.02,3000,0.0000,0.019,0.019
T1B,NT,0.02,3001,0.0000,0.013,0.013
T1B,NT,0.02,3002,9.0000,0.020,0.020
T1B,NT,0.02,3003,9.0000,0.020,0.020
T1B,NT,0.02,3004,10.5000,0.020,0.020
T1B,NT,0.05,3000,0.0000,0.020,0.020
T1B,NT,0.05,3001,0.0000,0.011,0.011
T1B,NT,0.05,3002,7.5000,0.050,0.050
T1B,NT,0.05,3003,9.0000,0.050,0.050
T1B,NT,0.05,3004,6.0000,0.050,0.050
T1B,NT,0.10,3000,0.0000,0.017,0.017
T1B,NT,0.10,3001,0.0000,0.012,0.012
T1B,NT,0.10,3002,6.0000,0.100,0.100
T1B,NT,0.10,3003,9.0000,0.100,0.100
T1B,NT,0.10,3004,0.0000,0.070,0.069
T1B,NT,0.15,3000,0.0000,0.018,0.018
T1B,NT,0.15,3001,0.0000,0.013,0.013
T1B,NT,0.15,3002,6.0000,0.150,0.150
T1B,NT,0.15,3003,0.0000,0.133,0.133
T1B,NT,0.15,3004,0.0000,0.068,0.068
T1B,NT,0.20,3000,0.0000,0.018,0.018
T1B,NT,0.20,3001,0.0000,0.012,0.012
T1B,NT,0.20,3002,6.0000,0.200,0.200
T1B,NT,0.20,3003,0.0000,0.138,0.138
T1B,NT,0.20,3004,0.0000,0.070,0.069
T1B,NT,1.00,3000,0.0000,0.019,0.019
T1B,NT,1.00,3001,0.0000,0.012,0.013
T1B,NT,1.00,3002,0.0000,0.280,0.280
T1B,NT,1.00,3003,0.0000,0.134,0.134
T1B,NT,1.00,3004,0.0000,0.065,0.065
T1B,NT,5.00,3000,0.0000,0.020,0.020
T1B,NT,5.00,3001,0.0000,0.010,0.010
T1B,NT,5.00,3002,0.0000,0.278,0.278
T1B,NT,5.00,3003,0.0000,0.140,0.140
T1B,NT,5.00,3004,0.0000,0.067,0.067
T1C,NT,0.02,3000,0.0000,0.008,0.008
T1C,NT,0.02,3001,2.5000,0.020,0.020
T1C,NT,0.02,3002,20.0000,0.020,0.020
T1C,NT,0.02,3003,14.5000,0.020,0.020
T1C,NT,0.02,3004,9.0000,0.020,0.020
T1C,NT,0.05,3000,0.0000,0.008,0.008
T1C,NT,0.05,3001,2.5000,0.050,0.050
T1C,NT,0.05,3002,2.5000,0.050,0.050
T1C,NT,0.05,3003,3.0000,0.050,0.050
T1C,NT,0.05,3004,0.0000,0.037,0.037
T1C,NT,0.10,3000,0.0000,0.012,0.012
T1C,NT,0.10,3001,0.0000,0.074,0.074
T1C,NT,0.10,3002,0.0000,0.088,0.088
T1C,NT,0.10,3003,2.5000,0.100,0.100
T1C,NT,0.10,3004,0.0000,0.035,0.035
T1C,NT,0.15,3000,0.0000,0.009,0.009
T1C,NT,0.15,3001,0.0000,0.072,0.072
T1C,NT,0.15,3002,0.0000,0.089,0.089
T1C,NT,0.15,3003,2.5000,0.150,0.150
T1C,NT,0.15,3004,0.0000,0.035,0.035
T1C,NT,0.20,3000,0.0000,0.008,0.008
T1C,NT,0.20,3001,0.0000,0.073,0.073
T1C,NT,0.20,3002,0.0000,0.088,0.088
T1C,NT,0.20,3003,0.0000,0.183,0.183
T1C,NT,0.20,3004,0.0000,0.036,0.036
T1C,NT,1.00,3000,0.0000,0.010,0.010
T1C,NT,1.00,3001,0.0000,0.071,0.071
T1C,NT,1.00,3002,0.0000,0.083,0.083
T1C,NT,1.00,3003,0.0000,0.182,0.182
T1C,NT,1.00,3004,0.0000,0.031,0.031
T1C,NT,5.00,3000,0.0000,0.011,0.011
T1C,NT,5.00,3001,0.0000,0.071,0.071
T1C,NT,5.00,3002,0.0000,0.089,0.089
T1C,NT,5.00,3003,0.0000,0.180,0.179
T1C,NT,5.00,3004,0.0000,0.036,0.036
T1D,NT,0.02,3000,4.5000,0.020,0.020
T1D,NT,0.02,3001,0.0000,0.002,0.002
T1D,NT,0.02,3002,0.0000,0.001,0.001
T1D,NT,0.02,3003,0.0000,0.001,0.001
T1D,NT,0.02,3004,0.0000,0.016,0.016
T1D,NT,0.05,3000,0.0000,0.023,0.023
T1D,NT,0.05,3001,0.0000,0.001,0.001
T1D,NT,0.05,3002,0.0000,0.001,0.001
T1D,NT,0.05,3003,0.0000,0.001,0.001
T1D,NT,0.05,3004,0.0000,0.013,0.013
T1D,NT,0.10,3000,0.0000,0.026,0.026
T1D,NT,0.10,3001,0.0000,0.001,0.001
T1D,NT,0.10,3002,0.0000,0.001,0.001
T1D,NT,0.10,3003,0.0000,0.001,0.001
T1D,NT,0.10,3004,0.0000,0.011,0.011
T1D,NT,0.15,3000,0.0000,0.025,0.025
T1D,NT,0.15,3001,0.0000,0.001,0.001
T1D,NT,0.15,3002,0.0000,0.001,0.001
T1D,NT,0.15,3003,0.0000,0.001,0.001
T1D,NT,0.15,3004,0.0000,0.013,0.013
T1D,NT,0.20,3000,0.0000,0.025,0.025
T1D,NT,0.20,3001,0.0000,0.001,0.001
T1D,NT,0.20,3002,0.0000,0.001,0.001
T1D,NT,0.20,3003,0.0000,0.001,0.001
T1D,NT,0.20,3004,0.0000,0.012,0.012
T1D,NT,1.00,3000,0.0000,0.022,0.022
T1D,NT,1.00,3001,0.0000,0.001,0.001
T1D,NT,1.00,3002,0.0000,0.001,0.001
T1D,NT,1.00,3003,0.0000,0.001,0.001
T1D,NT,1.00,3004,0.0000,0.013,0.013
T1D,NT,5.00,3000,0.0000,0.025,0.025
T1D,NT,5.00,3001,0.0000,0.001,0.001
T1D,NT,5.00,3002,0.0000,0.001,0.001
T1D,NT,5.00,3003,0.0000,0.001,0.001
T1D,NT,5.00,3004,0.0000,0.014,0.014
T1E,NT,0.02,3000,0.0000,0.005,0.005
T1E,NT,0.02,3001,0.0000,0.001,0.001
T1E,NT,0.02,3002,12.5000,0.020,0.020
T1E,NT,0.02,3003,0.0000,0.005,0.005
T1E,NT,0.02,3004,0.0000,0.002,0.002
T1E,NT,0.05,3000,0.0000,0.007,0.007
T1E,NT,0.05,3001,0.0000,0.001,0.001
T1E,NT,0.05,3002,0.0000,0.026,0.026
T1E,NT,0.05,3003,0.0000,0.003,0.003
T1E,NT,0.05,3004,0.0000,0.002,0.002
T1E,NT,0.10,3000,0.0000,0.007,0.007
T1E,NT,0.10,3001,0.0000,0.001,0.002
T1E,NT,0.10,3002,0.0000,0.030,0.030
T1E,NT,0.10,3003,0.0000,0.004,0.004
T1E,NT,0.10,3004,0.0000,0.002,0.002
T1E,NT,0.15,3000,0.0000,0.005,0.005
T1E,NT,0.15,3001,0.0000,0.001,0.001
T1E,NT,0.15,3002,0.0000,0.026,0.026
T1E,NT,0.15,3003,0.0000,0.005,0.005
T1E,NT,0.15,3004,0.0000,0.002,0.002
T1E,NT,0.20,3000,0.0000,0.006,0.006
T1E,NT,0.20,3001,0.0000,0.001,0.001
T1E,NT,0.20,3002,0.0000,0.026,0.026
T1E,NT,0.20,3003,0.0000,0.004,0.005
T1E,NT,0.20,3004,0.0000,0.003,0.003
T1E,NT,1.00,3000,0.0000,0.006,0.006
T1E,NT,1.00,3001,0.0000,0.001,0.001
T1E,NT,1.00,3002,0.0000,0.026,0.026
T1E,NT,1.00,3003,0.0000,0.003,0.003
T1E,NT,1.00,3004,0.0000,0.002,0.002
T1E,NT,5.00,3000,0.0000,0.005,0.005
T1E,NT,5.00,3001,0.0000,0.001,0.001
T1E,NT,5.00,3002,0.0000,0.029,0.029
T1E,NT,5.00,3003,0.0000,0.003,0.003
T1E,NT,5.00,3004,0.0000,0.002,0.002
T2A,NT,0.02,3000,0.0000,0.018,0.018
T2A,NT,0.02,3001,5.0000,0.020,0.020
T2A,NT,0.02,3002,4.5000,0.020,0.020
T2A,NT,0.02,3003,6.0000,0.020,0.020
T2A,NT,0.02,3004,6.0000,0.020,0.020
T2A,NT,0.05,3000,0.0000,0.019,0.019
T2A,NT,0.05,3001,5.0000,0.050,0.050
T2A,NT,0.05,3002,4.5000,0.050,0.050
T2A,NT,0.05,3003,4.0000,0.050,0.050
T2A,NT,0.05,3004,5.5000,0.050,0.050
T2A,NT,0.10,3000,0.0000,0.019,0.019
T2A,NT,0.10,3001,3.5000,0.100,0.100
T2A,NT,0.10,3002,4.5000,0.100,0.100
T2A,NT,0.10,3003,3.5000,0.100,0.100
T2A,NT,0.10,3004,5.5000,0.100,0.100
T2A,NT,0.15,3000,0.0000,0.020,0.020
T2A,NT,0.15,3001,3.5000,0.150,0.147
T2A,NT,0.15,3002,4.5000,0.150,0.150
T2A,NT,0.15,3003,3.5000,0.150,0.150
T2A,NT,0.15,3004,5.5000,0.150,0.150
T2A,NT,0.20,3000,0.0000,0.019,0.019
T2A,NT,0.20,3001,3.5000,0.200,0.200
T2A,NT,0.20,3002,4.5000,0.200,0.200
T2A,NT,0.20,3003,3.5000,0.200,0.200
T2A,NT,0.20,3004,4.0000,0.200,0.200
T2A,NT,1.00,3000,0.0000,0.020,0.020
T2A,NT,1.00,3001,3.5000,1.000,0.999
T2A,NT,1.00,3002,0.0000,0.949,0.948
T2A,NT,1.00,3003,2.5000,1.000,0.999
T2A,NT,1.00,3004,3.5000,1.000,0.999
T2A,NT,5.00,3000,0.0000,0.019,0.019
T2A,NT,5.00,3001,0.0000,3.210,3.205
T2A,NT,5.00,3002,0.0000,0.967,0.947
T2A,NT,5.00,3003,0.0000,2.940,2.931
T2A,NT,5.00,3004,0.0000,3.147,3.140
T2B,NT,0.02,3000,9.5000,0.020,0.020
T2B,NT,0.02,3001,8.5000,0.020,0.020
T2B,NT,0.02,3002,9.0000,0.020,0.020
T2B,NT,0.02,3003,8.0000,0.020,0.020
T2B,NT,0.02,3004,8.5000,0.020,0.020
T2B,NT,0.05,3000,8.0000,0.050,0.050
T2B,NT,0.05,3001,8.0000,0.050,0.050
T2B,NT,0.05,3002,6.5000,0.050,0.050
T2B,NT,0.05,3003,8.0000,0.050,0.050
T2B,NT,0.05,3004,6.5000,0.050,0.050
T2B,NT,0.10,3000,6.5000,0.100,0.100
T2B,NT,0.10,3001,6.5000,0.100,0.100
T2B,NT,0.10,3002,6.5000,0.100,0.100
T2B,NT,0.10,3003,7.0000,0.100,0.100
T2B,NT,0.10,3004,6.5000,0.100,0.100
T2B,NT,0.15,3000,6.5000,0.150,0.150
T2B,NT,0.15,3001,6.5000,0.150,0.150
T2B,NT,0.15,3002,6.5000,0.150,0.150
T2B,NT,0.15,3003,6.5000,0.150,0.150
T2B,NT,0.15,3004,6.5000,0.150,0.150
T2B,NT,0.20,3000,4.0000,0.200,0.200
T2B,NT,0.20,3001,6.5000,0.200,0.200
T2B,NT,0.20,3002,6.5000,0.200,0.200
T2B,NT,0.20,3003,6.5000,0.200,0.200
T2B,NT,0.20,3004,6.5000,0.200,0.200
T2B,NT,1.00,3000,4.0000,1.000,0.999
T2B,NT,1.00,3001,3.5000,1.000,0.962
T2B,NT,1.00,3002,4.0000,1.000,0.998
T2B,NT,1.00,3003,4.5000,1.000,0.971
T2B,NT,1.00,3004,4.0000,1.000,0.998
T2B,NT,5.00,3000,0.0000,3.644,3.622
T2B,NT,5.00,3001,0.0000,1.912,1.884
T2B,NT,5.00,3002,0.0000,3.270,3.267
T2B,NT,5.00,3003,0.0000,4.146,4.140
T2B,NT,5.00,3004,1.5000,5.000,4.953
T2C,NT,0.02,3000,8.0000,0.020,0.020
T2C,NT,0.02,3001,8.0000,0.020,0.020
T2C,NT,0.02,3002,8.0000,0.020,0.020
T2C,NT,0.02,3003,8.0000,0.020,0.020
T2C,NT,0.02,3004,8.0000,0.020,0.020
T2C,NT,0.05,3000,8.0000,0.050,0.050
T2C,NT,0.05,3001,8.0000,0.050,0.050
T2C,NT,0.05,3002,8.0000,0.050,0.050
T2C,NT,0.05,3003,8.0000,0.050,0.050
T2C,NT,0.05,3004,8.0000,0.050,0.050
T2C,NT,0.10,3000,8.0000,0.100,0.100
T2C,NT,0.10,3001,8.0000,0.100,0.100
T2C,NT,0.10,3002,8.0000,0.100,0.100
T2C,NT,0.10,3003,7.5000,0.100,0.100
T2C,NT,0.10,3004,8.0000,0.100,0.100
T2C,NT,0.15,3000,8.0000,0.150,0.150
T2C,NT,0.15,3001,8.0000,0.150,0.150
T2C,NT,0.15,3002,8.0000,0.150,0.150
T2C,NT,0.15,3003,7.5000,0.150,0.150
T2C,NT,0.15,3004,8.0000,0.150,0.149
T2C,NT,0.20,3000,8.0000,0.200,0.200
T2C,NT,0.20,3001,8.0000,0.200,0.200
T2C,NT,0.20,3002,8.0000,0.200,0.200
T2C,NT,0.20,3003,7.5000,0.200,0.200
T2C,NT,0.20,3004,8.0000,0.200,0.200
T2C,NT,1.00,3000,7.0000,1.000,0.999
T2C,NT,1.00,3001,7.5000,1.000,0.999
T2C,NT,1.00,3002,6.5000,1.000,0.999
T2C,NT,1.00,3003,6.5000,1.000,0.999
T2C,NT,1.00,3004,7.0000,1.000,0.999
T2C,NT,5.00,3000,6.5000,5.000,4.975
T2C,NT,5.00,3001,6.0000,5.000,4.995
T2C,NT,5.00,3002,6.0000,5.000,4.992
T2C,NT,5.00,3003,6.5000,5.000,4.994
T2C,NT,5.00,3004,6.0000,5.000,4.967
T2D,NT,0.02,3000,6.0000,0.020,0.020
T2D,NT,0.02,3001,6.0000,0.020,0.020
T2D,NT,0.02,3002,6.0000,0.020,0.020
T2D,NT,0.02,3003,6.0000,0.020,0.020
T2D,NT,0.02,3004,6.0000,0.020,0.020
T2D,NT,0.05,3000,6.0000,0.050,0.050
T2D,NT,0.05,3001,6.0000,0.050,0.050
T2D,NT,0.05,3002,6.0000,0.050,0.050
T2D,NT,0.05,3003,6.0000,0.050,0.050
T2D,NT,0.05,3004,6.0000,0.050,0.050
T2D,NT,0.10,3000,6.0000,0.100,0.100
T2D,NT,0.10,3001,6.0000,0.100,0.100
T2D,NT,0.10,3002,6.0000,0.100,0.100
T2D,NT,0.10,3003,6.0000,0.100,0.100
T2D,NT,0.10,3004,6.0000,0.100,0.100
T2D,NT,0.15,3000,6.0000,0.150,0.150
T2D,NT,0.15,3001,6.0000,0.150,0.150
T2D,NT,0.15,3002,5.5000,0.150,0.150
T2D,NT,0.15,3003,6.0000,0.150,0.150
T2D,NT,0.15,3004,6.0000,0.150,0.150
T2D,NT,0.20,3000,6.0000,0.200,0.200
T2D,NT,0.20,3001,5.5000,0.200,0.200
T2D,NT,0.20,3002,5.5000,0.200,0.200
T2D,NT,0.20,3003,6.0000,0.200,0.200
T2D,NT,0.20,3004,6.0000,0.200,0.200
T2D,NT,1.00,3000,5.0000,1.000,0.999
T2D,NT,1.00,3001,4.0000,1.000,0.987
T2D,NT,1.00,3002,5.0000,1.000,0.997
T2D,NT,1.00,3003,5.5000,1.000,0.974
T2D,NT,1.00,3004,5.0000,1.000,0.996
T2D,NT,5.00,3000,4.0000,5.000,4.995
T2D,NT,5.00,3001,4.0000,5.000,4.993
T2D,NT,5.00,3002,3.0000,5.000,4.965
T2D,NT,5.00,3003,3.0000,5.000,4.990
T2D,NT,5.00,3004,3.0000,5.000,4.994
T2E,NT,0.02,3000,8.0000,0.020,0.020
T2E,NT,0.02,3001,10.0000,0.020,0.020
T2E,NT,0.02,3002,7.0000,0.020,0.020
T2E,NT,0.02,3003,8.0000,0.020,0.020
T2E,NT,0.02,3004,7.5000,0.020,0.020
T2E,NT,0.05,3000,8.0000,0.050,0.050
T2E,NT,0.05,3001,9.0000,0.050,0.050
T2E,NT,0.05,3002,7.0000,0.050,0.050
T2E,NT,0.05,3003,4.5000,0.050,0.050
T2E,NT,0.05,3004,6.0000,0.050,0.050
T2E,NT,0.10,3000,8.0000,0.100,0.100
T2E,NT,0.10,3001,6.0000,0.100,0.100
T2E,NT,0.10,3002,4.5000,0.100,0.100
T2E,NT,0.10,3003,4.5000,0.100,0.100
T2E,NT,0.10,3004,4.0000,0.100,0.100
T2E,NT,0.15,3000,5.0000,0.150,0.150
T2E,NT,0.15,3001,4.5000,0.150,0.150
T2E,NT,0.15,3002,4.5000,0.150,0.150
T2E,NT,0.15,3003,4.5000,0.150,0.150
T2E,NT,0.15,3004,4.0000,0.150,0.133
T2E,NT,0.20,3000,5.0000,0.200,0.200
T2E,NT,0.20,3001,4.5000,0.200,0.200
T2E,NT,0.20,3002,4.5000,0.200,0.200
T2E,NT,0.20,3003,4.0000,0.200,0.200
T2E,NT,0.20,3004,4.0000,0.200,0.200
T2E,NT,1.00,3000,4.5000,1.000,0.997
T2E,NT,1.00,3001,4.0000,1.000,0.999
T2E,NT,1.00,3002,4.0000,1.000,0.999
T2E,NT,1.00,3003,3.0000,1.000,0.999
T2E,NT,1.00,3004,3.0000,1.000,0.999
T2E,NT,5.00,3000,4.0000,5.000,4.996
T2E,NT,5.00,3001,3.0000,5.000,4.974
T2E,NT,5.00,3002,3.0000,5.000,4.949
T2E,NT,5.00,3003,0.0000,1.409,1.382
T2E,NT,5.00,3004,3.0000,5.000,4.995
T3A,NT,0.02,3000,7.0000,0.020,0.020
T3A,NT,0.02,3001,4.5000,0.020,0.020
T3A,NT,0.02,3002,5.5000,0.020,0.020
T3A,NT,0.02,3003,6.5000,0.020,0.020
T3A,NT,0.02,3004,6.5000,0.020,0.020
T3A,NT,0.05,3000,7.0000,0.050,0.050
T3A,NT,0.05,3001,4.5000,0.050,0.050
T3A,NT,0.05,3002,5.5000,0.050,0.050
T3A,NT,0.05,3003,6.5000,0.050,0.050
T3A,NT,0.05,3004,6.5000,0.050,0.050
T3A,NT,0.10,3000,7.0000,0.100,0.100
T3A,NT,0.10,3001,4.5000,0.100,0.100
T3A,NT,0.10,3002,5.5000,0.100,0.100
T3A,NT,0.10,3003,5.5000,0.100,0.100
T3A,NT,0.10,3004,4.5000,0.100,0.100
T3A,NT,0.15,3000,4.5000,0.150,0.149
T3A,NT,0.15,3001,4.5000,0.150,0.150
T3A,NT,0.15,3002,5.5000,0.150,0.150
T3A,NT,0.15,3003,4.5000,0.150,0.150
T3A,NT,0.15,3004,4.5000,0.150,0.150
T3A,NT,0.20,3000,4.5000,0.200,0.200
T3A,NT,0.20,3001,4.5000,0.200,0.200
T3A,NT,0.20,3002,5.5000,0.200,0.200
T3A,NT,0.20,3003,4.5000,0.200,0.200
T3A,NT,0.20,3004,4.5000,0.200,0.200
T3A,NT,1.00,3000,4.5000,1.000,0.967
T3A,NT,1.00,3001,4.5000,1.000,0.990
T3A,NT,1.00,3002,4.5000,1.000,0.985
T3A,NT,1.00,3003,4.0000,1.000,0.999
T3A,NT,1.00,3004,2.5000,1.000,0.999
T3A,NT,5.00,3000,2.5000,5.000,4.959
T3A,NT,5.00,3001,4.0000,5.000,4.993
T3A,NT,5.00,3002,0.0000,4.305,4.289
T3A,NT,5.00,3003,4.0000,5.000,4.996
T3A,NT,5.00,3004,0.0000,2.267,2.263
T3B,NT,0.02,3000,10.5000,0.020,0.020
T3B,NT,0.02,3001,8.0000,0.020,0.020
T3B,NT,0.02,3002,11.0000,0.020,0.020
T3B,NT,0.02,3003,11.0000,0.020,0.020
T3B,NT,0.02,3004,11.5000,0.020,0.020
T3B,NT,0.05,3000,9.0000,0.050,0.050
T3B,NT,0.05,3001,8.0000,0.050,0.050
T3B,NT,0.05,3002,9.0000,0.050,0.050
T3B,NT,0.05,3003,11.0000,0.050,0.050
T3B,NT,0.05,3004,10.5000,0.050,0.050
T3B,NT,0.10,3000,9.0000,0.100,0.100
T3B,NT,0.10,3001,8.0000,0.100,0.100
T3B,NT,0.10,3002,7.5000,0.100,0.100
T3B,NT,0.10,3003,8.5000,0.100,0.100
T3B,NT,0.10,3004,7.5000,0.100,0.100
T3B,NT,0.15,3000,7.5000,0.150,0.150
T3B,NT,0.15,3001,8.0000,0.150,0.150
T3B,NT,0.15,3002,7.5000,0.150,0.150
T3B,NT,0.15,3003,8.5000,0.150,0.150
T3B,NT,0.15,3004,7.5000,0.150,0.150
T3B,NT,0.20,3000,7.5000,0.200,0.200
T3B,NT,0.20,3001,8.0000,0.200,0.200
T3B,NT,0.20,3002,7.5000,0.200,0.200
T3B,NT,0.20,3003,7.5000,0.200,0.200
T3B,NT,0.20,3004,7.5000,0.200,0.200
T3B,NT,1.00,3000,6.0000,1.000,0.999
T3B,NT,1.00,3001,6.5000,1.000,0.999
T3B,NT,1.00,3002,5.5000,1.000,0.976
T3B,NT,1.00,3003,6.5000,1.000,0.999
T3B,NT,1.00,3004,6.0000,1.000,0.999
T3B,NT,5.00,3000,5.0000,5.000,4.995
T3B,NT,5.00,3001,4.0000,5.000,4.994
T3B,NT,5.00,3002,4.5000,5.000,4.967
T3B,NT,5.00,3003,5.5000,5.000,4.982
T3B,NT,5.00,3004,5.5000,5.000,4.951
T3C,NT,0.02,3000,6.0000,0.021,0.017
T3C,NT,0.02,3001,6.0000,0.020,0.019
T3C,NT,0.02,3002,6.0000,0.020,0.020
T3C,NT,0.02,3003,6.0000,0.020,0.020
T3C,NT,0.02,3004,6.0000,0.020,0.020
T3C,NT,0.05,3000,6.0000,0.050,0.037
T3C,NT,0.05,3001,6.0000,0.050,0.050
T3C,NT,0.05,3002,6.0000,0.050,0.050
T3C,NT,0.05,3003,6.0000,0.050,0.050
T3C,NT,0.05,3004,6.0000,0.050,0.050
T3C,NT,0.10,3000,6.0000,0.100,0.100
T3C,NT,0.10,3001,6.0000,0.100,0.100
T3C,NT,0.10,3002,6.0000,0.100,0.100
T3C,NT,0.10,3003,6.0000,0.100,0.100
T3C,NT,0.10,3004,5.5000,0.108,0.099
T3C,NT,0.15,3000,6.0000,0.150,0.142
T3C,NT,0.15,3001,6.0000,0.150,0.149
T3C,NT,0.15,3002,5.5000,0.150,0.150
T3C,NT,0.15,3003,6.0000,0.150,0.150
T3C,NT,0.15,3004,4.5000,0.150,0.150
T3C,NT,0.20,3000,6.0000,0.200,0.200
T3C,NT,0.20,3001,5.5000,0.200,0.200
T3C,NT,0.20,3002,5.5000,0.200,0.198
T3C,NT,0.20,3003,6.0000,0.200,0.199
T3C,NT,0.20,3004,4.5000,0.200,0.200
T3C,NT,1.00,3000,4.5000,1.000,0.973
T3C,NT,1.00,3001,5.0000,1.000,0.998
T3C,NT,1.00,3002,5.5000,1.000,0.999
T3C,NT,1.00,3003,4.0000,1.000,0.998
T3C,NT,1.00,3004,4.5000,1.000,0.984
T3C,NT,5.00,3000,4.0000,5.000,4.926
T3C,NT,5.00,3001,4.0000,5.000,4.741
T3C,NT,5.00,3002,4.0000,5.000,4.951
T3C,NT,5.00,3003,4.0000,5.000,4.983
T3C,NT,5.00,3004,4.5000,5.000,4.992
T3D,NT,0.02,3000,9.0000,0.020,0.020
T3D,NT,0.02,3001,6.5000,0.020,0.020
T3D,NT,0.02,3002,10.0000,0.020,0.020
T3D,NT,0.02,3003,4.5000,0.020,0.020
T3D,NT,0.02,3004,8.5000,0.020,0.020
T3D,NT,0.05,3000,5.0000,0.050,0.050
T3D,NT,0.05,3001,5.5000,0.050,0.050
T3D,NT,0.05,3002,7.0000,0.050,0.050
T3D,NT,0.05,3003,4.5000,0.050,0.050
T3D,NT,0.05,3004,7.5000,0.050,0.050
T3D,NT,0.10,3000,5.0000,0.100,0.100
T3D,NT,0.10,3001,4.5000,0.100,0.100
T3D,NT,0.10,3002,5.5000,0.100,0.100
T3D,NT,0.10,3003,4.5000,0.100,0.100
T3D,NT,0.10,3004,6.0000,0.100,0.100
T3D,NT,0.15,3000,5.0000,0.150,0.150
T3D,NT,0.15,3001,4.5000,0.150,0.150
T3D,NT,0.15,3002,5.5000,0.150,0.150
T3D,NT,0.15,3003,4.5000,0.150,0.150
T3D,NT,0.15,3004,6.0000,0.150,0.150
T3D,NT,0.20,3000,5.0000,0.200,0.200
T3D,NT,0.20,3001,4.5000,0.200,0.200
T3D,NT,0.20,3002,5.5000,0.200,0.200
T3D,NT,0.20,3003,4.5000,0.200,0.200
T3D,NT,0.20,3004,6.0000,0.200,0.200
T3D,NT,1.00,3000,2.0000,1.000,0.987
T3D,NT,1.00,3001,4.5000,1.000,0.999
T3D,NT,1.00,3002,5.0000,1.000,0.999
T3D,NT,1.00,3003,4.0000,1.000,1.000
T3D,NT,1.00,3004,3.5000,1.000,0.999
T3D,NT,5.00,3000,2.0000,5.000,4.972
T3D,NT,5.00,3001,3.5000,5.000,4.993
T3D,NT,5.00,3002,2.0000,5.000,4.972
T3D,NT,5.00,3003,3.5000,5.000,4.995
T3D,NT,5.00,3004,3.5000,5.000,4.991
T3E,NT,0.02,3000,7.5000,0.020,0.020
T3E,NT,0.02,3001,7.5000,0.020,0.020
T3E,NT,0.02,3002,7.5000,0.020,0.020
T3E,NT,0.02,3003,5.5000,0.020,0.020
T3E,NT,0.02,3004,7.0000,0.020,0.020
T3E,NT,0.05,3000,6.0000,0.050,0.050
T3E,NT,0.05,3001,7.5000,0.050,0.050
T3E,NT,0.05,3002,7.5000,0.050,0.050
T3E,NT,0.05,3003,5.5000,0.050,0.050
T3E,NT,0.05,3004,7.0000,0.050,0.050
T3E,NT,0.10,3000,5.5000,0.100,0.100
T3E,NT,0.10,3001,5.5000,0.100,0.100
T3E,NT,0.10,3002,6.5000,0.100,0.100
T3E,NT,0.10,3003,5.5000,0.100,0.100
T3E,NT,0.10,3004,7.0000,0.100,0.100
T3E,NT,0.15,3000,5.5000,0.150,0.133
T3E,NT,0.15,3001,5.5000,0.150,0.150
T3E,NT,0.15,3002,6.0000,0.150,0.150
T3E,NT,0.15,3003,5.5000,0.150,0.150
T3E,NT,0.15,3004,6.0000,0.150,0.150
T3E,NT,0.20,3000,5.5000,0.200,0.200
T3E,NT,0.20,3001,5.5000,0.200,0.200
T3E,NT,0.20,3002,6.0000,0.200,0.200
T3E,NT,0.20,3003,5.5000,0.200,0.200
T3E,NT,0.20,3004,6.0000,0.200,0.200
T3E,NT,1.00,3000,5.0000,1.000,0.999
T3E,NT,1.00,3001,4.5000,1.000,0.999
T3E,NT,1.00,3002,4.5000,1.000,0.999
T3E,NT,1.00,3003,4.5000,1.000,0.999
T3E,NT,1.00,3004,4.0000,1.000,0.999
T3E,NT,5.00,3000,3.5000,5.000,4.973
T3E,NT,5.00,3001,4.0000,5.000,4.993
T3E,NT,5.00,3002,3.5000,5.000,4.994
T3E,NT,5.00,3003,4.5000,5.000,4.968
T3E,NT,5.00,3004,4.0000,5.000,4.995
T4A,NT,0.02,3000,5.5000,0.020,0.020
T4A,NT,0.02,3001,6.5000,0.020,0.020
T4A,NT,0.02,3002,6.5000,0.020,0.020
T4A,NT,0.02,3003,5.0000,0.021,0.021
T4A,NT,0.02,3004,3.5000,0.020,0.020
T4A,NT,0.05,3000,5.5000,0.050,0.050
T4A,NT,0.05,3001,6.5000,0.050,0.050
T4A,NT,0.05,3002,6.5000,0.050,0.050
T4A,NT,0.05,3003,5.0000,0.050,0.050
T4A,NT,0.05,3004,3.5000,0.051,0.051
T4A,NT,0.10,3000,5.5000,0.100,0.100
T4A,NT,0.10,3001,5.5000,0.100,0.100
T4A,NT,0.10,3002,6.5000,0.100,0.100
T4A,NT,0.10,3003,5.0000,0.100,0.100
T4A,NT,0.10,3004,3.5000,0.100,0.100
T4A,NT,0.15,3000,4.5000,0.150,0.150
T4A,NT,0.15,3001,5.5000,0.150,0.150
T4A,NT,0.15,3002,3.0000,0.150,0.150
T4A,NT,0.15,3003,5.0000,0.150,0.150
T4A,NT,0.15,3004,3.5000,0.150,0.150
T4A,NT,0.20,3000,4.5000,0.200,0.200
T4A,NT,0.20,3001,5.5000,0.200,0.200
T4A,NT,0.20,3002,3.0000,0.200,0.200
T4A,NT,0.20,3003,5.0000,0.200,0.200
T4A,NT,0.20,3004,3.5000,0.200,0.200
T4A,NT,1.00,3000,3.0000,1.001,1.000
T4A,NT,1.00,3001,3.0000,1.000,0.999
T4A,NT,1.00,3002,3.0000,1.001,1.000
T4A,NT,1.00,3003,4.0000,1.000,0.999
T4A,NT,1.00,3004,3.5000,1.000,0.999
T4A,NT,5.00,3000,3.0000,5.001,4.979
T4A,NT,5.00,3001,3.0000,5.000,4.995
T4A,NT,5.00,3002,3.0000,5.001,4.956
T4A,NT,5.00,3003,3.5000,5.000,4.948
T4A,NT,5.00,3004,2.5000,5.000,4.964
T4B,NT,0.02,3000,4.0000,0.020,0.020
T4B,NT,0.02,3001,4.0000,0.020,0.020
T4B,NT,0.02,3002,4.0000,0.020,0.020
T4B,NT,0.02,3003,4.0000,0.021,0.021
T4B,NT,0.02,3004,4.0000,0.021,0.021
T4B,NT,0.05,3000,3.0000,0.050,0.051
T4B,NT,0.05,3001,3.5000,0.051,0.051
T4B,NT,0.05,3002,4.0000,0.050,0.050
T4B,NT,0.05,3003,4.0000,0.050,0.050
T4B,NT,0.05,3004,4.0000,0.050,0.050
T4B,NT,0.10,3000,3.0000,0.100,0.100
T4B,NT,0.10,3001,3.5000,0.100,0.100
T4B,NT,0.10,3002,4.0000,0.101,0.100
T4B,NT,0.10,3003,4.0000,0.100,0.100
T4B,NT,0.10,3004,4.0000,0.100,0.100
T4B,NT,0.15,3000,3.0000,0.151,0.151
T4B,NT,0.15,3001,3.5000,0.151,0.150
T4B,NT,0.15,3002,4.0000,0.150,0.150
T4B,NT,0.15,3003,4.0000,0.150,0.150
T4B,NT,0.15,3004,4.0000,0.151,0.117
T4B,NT,0.20,3000,3.0000,0.200,0.193
T4B,NT,0.20,3001,3.5000,0.201,0.198
T4B,NT,0.20,3002,4.0000,0.200,0.199
T4B,NT,0.20,3003,4.0000,0.200,0.200
T4B,NT,0.20,3004,4.0000,0.200,0.200
T4B,NT,1.00,3000,3.0000,1.000,0.999
T4B,NT,1.00,3001,3.5000,1.001,0.999
T4B,NT,1.00,3002,2.5000,1.000,0.972
T4B,NT,1.00,3003,3.5000,1.000,0.999
T4B,NT,1.00,3004,2.5000,1.000,0.994
T4B,NT,5.00,3000,3.0000,5.000,4.934
T4B,NT,5.00,3001,3.0000,5.000,4.983
T4B,NT,5.00,3002,2.5000,5.001,4.768
T4B,NT,5.00,3003,2.5000,5.000,4.979
T4B,NT,5.00,3004,2.5000,5.000,4.993
T4C,NT,0.02,3000,4.5000,0.020,0.020
T4C,NT,0.02,3001,5.5000,0.020,0.020
T4C,NT,0.02,3002,6.5000,0.020,0.020
T4C,NT,0.02,3003,5.5000,0.020,0.020
T4C,NT,0.02,3004,5.5000,0.020,0.020
T4C,NT,0.05,3000,4.5000,0.050,0.050
T4C,NT,0.05,3001,5.5000,0.051,0.050
T4C,NT,0.05,3002,6.5000,0.050,0.050
T4C,NT,0.05,3003,5.0000,0.050,0.050
T4C,NT,0.05,3004,5.0000,0.051,0.051
T4C,NT,0.10,3000,4.5000,0.100,0.100
T4C,NT,0.10,3001,5.5000,0.100,0.100
T4C,NT,0.10,3002,6.0000,0.100,0.100
T4C,NT,0.10,3003,5.0000,0.100,0.100
T4C,NT,0.10,3004,5.0000,0.101,0.100
T4C,NT,0.15,3000,4.5000,0.150,0.150
T4C,NT,0.15,3001,5.5000,0.150,0.150
T4C,NT,0.15,3002,6.0000,0.151,0.151
T4C,NT,0.15,3003,5.0000,0.150,0.150
T4C,NT,0.15,3004,5.0000,0.150,0.150
T4C,NT,0.20,3000,4.5000,0.200,0.200
T4C,NT,0.20,3001,5.5000,0.201,0.200
T4C,NT,0.20,3002,6.0000,0.200,0.200
T4C,NT,0.20,3003,5.0000,0.201,0.200
T4C,NT,0.20,3004,5.0000,0.201,0.201
T4C,NT,1.00,3000,4.0000,1.000,1.000
T4C,NT,1.00,3001,4.0000,1.001,0.999
T4C,NT,1.00,3002,2.5000,1.000,0.976
T4C,NT,1.00,3003,4.0000,1.000,0.999
T4C,NT,1.00,3004,4.0000,1.000,0.999
T4C,NT,5.00,3000,2.5000,5.001,4.994
T4C,NT,5.00,3001,3.5000,5.000,4.995
T4C,NT,5.00,3002,2.5000,5.001,4.740
T4C,NT,5.00,3003,3.5000,5.000,4.995
T4C,NT,5.00,3004,3.5000,5.001,4.977
T4D,NT,0.02,3000,7.0000,0.020,0.020
T4D,NT,0.02,3001,6.5000,0.020,0.020
T4D,NT,0.02,3002,6.0000,0.020,0.021
T4D,NT,0.02,3003,7.0000,0.020,0.020
T4D,NT,0.02,3004,4.5000,0.021,0.021
T4D,NT,0.05,3000,7.0000,0.050,0.050
T4D,NT,0.05,3001,6.0000,0.050,0.050
T4D,NT,0.05,3002,6.0000,0.050,0.050
T4D,NT,0.05,3003,4.5000,0.050,0.050
T4D,NT,0.05,3004,4.5000,0.050,0.050
T4D,NT,0.10,3000,5.5000,0.100,0.100
T4D,NT,0.10,3001,5.0000,0.100,0.100
T4D,NT,0.10,3002,5.0000,0.101,0.101
T4D,NT,0.10,3003,4.5000,0.100,0.100
T4D,NT,0.10,3004,4.5000,0.100,0.100
T4D,NT,0.15,3000,4.5000,0.150,0.150
T4D,NT,0.15,3001,5.0000,0.150,0.150
T4D,NT,0.15,3002,5.0000,0.150,0.150
T4D,NT,0.15,3003,4.5000,0.150,0.150
T4D,NT,0.15,3004,4.5000,0.150,0.150
T4D,NT,0.20,3000,4.5000,0.200,0.200
T4D,NT,0.20,3001,5.0000,0.200,0.200
T4D,NT,0.20,3002,5.0000,0.200,0.200
T4D,NT,0.20,3003,4.5000,0.200,0.200
T4D,NT,0.20,3004,4.5000,0.200,0.200
T4D,NT,1.00,3000,4.5000,1.000,0.999
T4D,NT,1.00,3001,2.5000,1.000,0.999
T4D,NT,1.00,3002,4.0000,1.000,0.999
T4D,NT,1.00,3003,4.5000,1.000,0.889
T4D,NT,1.00,3004,3.0000,1.000,0.877
T4D,NT,5.00,3000,3.0000,5.000,4.971
T4D,NT,5.00,3001,2.0000,5.000,4.757
T4D,NT,5.00,3002,3.5000,5.001,4.993
T4D,NT,5.00,3003,3.5000,5.000,4.561
T4D,NT,5.00,3004,3.0000,5.000,4.995
T4E,NT,0.02,3000,7.5000,0.021,0.021
T4E,NT,0.02,3001,7.5000,0.021,0.021
T4E,NT,0.02,3002,7.5000,0.020,0.020
T4E,NT,0.02,3003,7.5000,0.020,0.020
T4E,NT,0.02,3004,7.5000,0.020,0.020
T4E,NT,0.05,3000,6.5000,0.050,0.050
T4E,NT,0.05,3001,6.5000,0.050,0.050
T4E,NT,0.05,3002,7.0000,0.051,0.051
T4E,NT,0.05,3003,4.5000,0.050,0.050
T4E,NT,0.05,3004,7.0000,0.050,0.050
T4E,NT,0.10,3000,6.0000,0.100,0.100
T4E,NT,0.10,3001,5.0000,0.100,0.100
T4E,NT,0.10,3002,6.5000,0.101,0.101
T4E,NT,0.10,3003,4.5000,0.100,0.100
T4E,NT,0.10,3004,7.0000,0.100,0.100
T4E,NT,0.15,3000,6.0000,0.151,0.151
T4E,NT,0.15,3001,5.0000,0.150,0.150
T4E,NT,0.15,3002,6.5000,0.150,0.150
T4E,NT,0.15,3003,4.5000,0.150,0.150
T4E,NT,0.15,3004,6.0000,0.150,0.150
T4E,NT,0.20,3000,6.0000,0.200,0.200
T4E,NT,0.20,3001,5.0000,0.200,0.200
T4E,NT,0.20,3002,6.5000,0.201,0.200
T4E,NT,0.20,3003,4.5000,0.201,0.201
T4E,NT,0.20,3004,6.0000,0.200,0.200
T4E,NT,1.00,3000,4.0000,1.000,0.999
T4E,NT,1.00,3001,5.0000,1.000,0.997
T4E,NT,1.00,3002,5.5000,1.000,0.999
T4E,NT,1.00,3003,4.5000,1.000,0.976
T4E,NT,1.00,3004,5.0000,1.000,0.999
T4E,NT,5.00,3000,4.0000,5.001,4.995
T4E,NT,5.00,3001,4.0000,5.000,4.946
T4E,NT,5.00,3002,3.5000,5.000,4.970
T4E,NT,5.00,3003,4.0000,5.000,4.972
T4E,NT,5.00,3004,4.0000,5.000,4.973
T5A,NT,0.02,3000,6.0000,0.020,0.021
T5A,NT,0.02,3001,6.0000,0.021,0.021
T5A,NT,0.02,3002,5.5000,0.021,0.021
T5A,NT,0.02,3003,4.5000,0.020,0.020
T5A,NT,0.02,3004,5.0000,0.021,0.021
T5A,NT,0.05,3000,5.0000,0.051,0.051
T5A,NT,0.05,3001,5.5000,0.051,0.051
T5A,NT,0.05,3002,5.5000,0.051,0.051
T5A,NT,0.05,3003,4.5000,0.051,0.051
T5A,NT,0.05,3004,5.0000,0.050,0.050
T5A,NT,0.10,3000,4.0000,0.101,0.101
T5A,NT,0.10,3001,5.0000,0.100,0.100
T5A,NT,0.10,3002,5.5000,0.101,0.079
T5A,NT,0.10,3003,4.5000,0.101,0.095
T5A,NT,0.10,3004,5.0000,0.101,0.100
T5A,NT,0.15,3000,4.0000,0.151,0.150
T5A,NT,0.15,3001,5.0000,0.151,0.150
T5A,NT,0.15,3002,5.5000,0.150,0.150
T5A,NT,0.15,3003,4.5000,0.151,0.151
T5A,NT,0.15,3004,5.0000,0.151,0.151
T5A,NT,0.20,3000,4.0000,0.201,0.200
T5A,NT,0.20,3001,5.0000,0.201,0.198
T5A,NT,0.20,3002,5.5000,0.200,0.200
T5A,NT,0.20,3003,4.5000,0.200,0.200
T5A,NT,0.20,3004,5.0000,0.201,0.200
T5A,NT,1.00,3000,4.0000,1.000,0.972
T5A,NT,1.00,3001,3.0000,1.000,0.997
T5A,NT,1.00,3002,3.0000,1.001,0.999
T5A,NT,1.00,3003,3.5000,1.000,0.976
T5A,NT,1.00,3004,3.5000,1.001,0.999
T5A,NT,5.00,3000,3.0000,5.000,4.957
T5A,NT,5.00,3001,3.0000,5.001,4.953
T5A,NT,5.00,3002,3.0000,5.000,4.965
T5A,NT,5.00,3003,3.0000,5.001,4.974
T5A,NT,5.00,3004,3.0000,5.001,4.995
T5B,NT,0.02,3000,5.5000,0.020,0.020
T5B,NT,0.02,3001,7.0000,0.020,0.020
T5B,NT,0.02,3002,4.0000,0.021,0.021
T5B,NT,0.02,3003,3.5000,0.020,0.020
T5B,NT,0.02,3004,5.0000,0.021,0.021
T5B,NT,0.05,3000,3.5000,0.050,0.050
T5B,NT,0.05,3001,4.0000,0.051,0.051
T5B,NT,0.05,3002,3.5000,0.051,0.051
T5B,NT,0.05,3003,3.5000,0.051,0.051
T5B,NT,0.05,3004,5.0000,0.051,0.051
T5B,NT,0.10,3000,3.5000,0.100,0.100
T5B,NT,0.10,3001,4.0000,0.101,0.101
T5B,NT,0.10,3002,2.5000,0.101,0.101
T5B,NT,0.10,3003,3.5000,0.100,0.100
T5B,NT,0.10,3004,4.5000,0.100,0.100
T5B,NT,0.15,3000,3.5000,0.151,0.151
T5B,NT,0.15,3001,4.0000,0.151,0.150
T5B,NT,0.15,3002,2.5000,0.151,0.151
T5B,NT,0.15,3003,3.5000,0.151,0.151
T5B,NT,0.15,3004,4.0000,0.151,0.151
T5B,NT,0.20,3000,3.5000,0.200,0.200
T5B,NT,0.20,3001,4.0000,0.201,0.201
T5B,NT,0.20,3002,2.5000,0.201,0.201
T5B,NT,0.20,3003,2.0000,0.201,0.201
T5B,NT,0.20,3004,4.0000,0.201,0.201
T5B,NT,1.00,3000,3.0000,1.001,1.000
T5B,NT,1.00,3001,3.5000,1.001,0.999
T5B,NT,1.00,3002,2.5000,1.000,0.999
T5B,NT,1.00,3003,2.0000,1.001,0.999
T5B,NT,1.00,3004,3.5000,1.000,1.000
T5B,NT,5.00,3000,2.5000,5.000,4.968
T5B,NT,5.00,3001,2.5000,5.000,4.994
T5B,NT,5.00,3002,2.5000,5.001,4.993
T5B,NT,5.00,3003,2.0000,5.001,4.982
T5B,NT,5.00,3004,2.5000,5.000,4.988
T5C,NT,0.02,3000,4.5000,0.021,0.021
T5C,NT,0.02,3001,6.5000,0.021,0.021
T5C,NT,0.02,3002,7.0000,0.020,0.020
T5C,NT,0.02,3003,5.5000,0.021,0.021
T5C,NT,0.02,3004,5.0000,0.021,0.021
T5C,NT,0.05,3000,4.5000,0.051,0.050
T5C,NT,0.05,3001,5.5000,0.051,0.049
T5C,NT,0.05,3002,5.5000,0.051,0.050
T5C,NT,0.05,3003,4.5000,0.050,0.050
T5C,NT,0.05,3004,5.0000,0.050,0.050
T5C,NT,0.10,3000,4.0000,0.101,0.101
T5C,NT,0.10,3001,4.5000,0.101,0.101
T5C,NT,0.10,3002,5.5000,0.100,0.100
T5C,NT,0.10,3003,4.5000,0.101,0.100
T5C,NT,0.10,3004,4.0000,0.101,0.101
T5C,NT,0.15,3000,3.5000,0.151,0.150
T5C,NT,0.15,3001,4.5000,0.151,0.150
T5C,NT,0.15,3002,4.0000,0.150,0.150
T5C,NT,0.15,3003,3.5000,0.150,0.150
T5C,NT,0.15,3004,4.0000,0.150,0.150
T5C,NT,0.20,3000,2.5000,0.200,0.200
T5C,NT,0.20,3001,4.0000,0.201,0.201
T5C,NT,0.20,3002,4.0000,0.200,0.200
T5C,NT,0.20,3003,2.5000,0.200,0.200
T5C,NT,0.20,3004,4.0000,0.200,0.200
T5C,NT,1.00,3000,2.5000,1.000,0.998
T5C,NT,1.00,3001,2.5000,1.000,0.975
T5C,NT,1.00,3002,3.5000,1.001,0.999
T5C,NT,1.00,3003,2.5000,1.001,0.996
T5C,NT,1.00,3004,3.5000,1.000,0.985
T5C,NT,5.00,3000,2.5000,5.000,4.994
T5C,NT,5.00,3001,2.5000,5.000,4.985
T5C,NT,5.00,3002,3.0000,5.000,4.972
T5C,NT,5.00,3003,2.5000,5.001,4.991
T5C,NT,5.00,3004,3.0000,5.000,4.968
T5D,NT,0.02,3000,5.5000,0.020,0.020
T5D,NT,0.02,3001,5.5000,0.021,0.021
T5D,NT,0.02,3002,5.5000,0.021,0.021
T5D,NT,0.02,3003,4.0000,0.020,0.020
T5D,NT,0.02,3004,5.5000,0.021,0.021
T5D,NT,0.05,3000,5.5000,0.051,0.051
T5D,NT,0.05,3001,5.5000,0.051,0.051
T5D,NT,0.05,3002,5.5000,0.050,0.050
T5D,NT,0.05,3003,4.0000,0.050,0.050
T5D,NT,0.05,3004,3.5000,0.051,0.051
T5D,NT,0.10,3000,4.5000,0.101,0.101
T5D,NT,0.10,3001,4.5000,0.100,0.100
T5D,NT,0.10,3002,5.0000,0.100,0.100
T5D,NT,0.10,3003,4.0000,0.101,0.100
T5D,NT,0.10,3004,3.5000,0.101,0.101
T5D,NT,0.15,3000,4.5000,0.151,0.151
T5D,NT,0.15,3001,4.5000,0.151,0.151
T5D,NT,0.15,3002,5.0000,0.150,0.147
T5D,NT,0.15,3003,4.0000,0.151,0.137
T5D,NT,0.15,3004,3.5000,0.150,0.150
T5D,NT,0.20,3000,4.5000,0.201,0.201
T5D,NT,0.20,3001,4.5000,0.200,0.200
T5D,NT,0.20,3002,4.5000,0.201,0.201
T5D,NT,0.20,3003,4.0000,0.201,0.201
T5D,NT,0.20,3004,3.5000,0.201,0.201
T5D,NT,1.00,3000,4.0000,1.000,0.999
T5D,NT,1.00,3001,3.5000,1.001,1.000
T5D,NT,1.00,3002,3.0000,1.001,1.000
T5D,NT,1.00,3003,3.0000,1.000,0.998
T5D,NT,1.00,3004,2.5000,1.000,0.998
T5D,NT,5.00,3000,3.0000,5.001,4.978
T5D,NT,5.00,3001,3.0000,5.000,4.995
T5D,NT,5.00,3002,3.0000,5.000,4.971
T5D,NT,5.00,3003,3.0000,5.001,4.992
T5D,NT,5.00,3004,2.5000,5.000,4.976
T5E,NT,0.02,3000,5.0000,0.021,0.021
T5E,NT,0.02,3001,5.0000,0.020,0.020
T5E,NT,0.02,3002,6.0000,0.020,0.020
T5E,NT,0.02,3003,5.0000,0.021,0.021
T5E,NT,0.02,3004,4.5000,0.020,0.020
T5E,NT,0.05,3000,5.0000,0.051,0.051
T5E,NT,0.05,3001,5.0000,0.050,0.050
T5E,NT,0.05,3002,4.0000,0.050,0.050
T5E,NT,0.05,3003,5.0000,0.050,0.050
T5E,NT,0.05,3004,3.0000,0.051,0.051
T5E,NT,0.10,3000,5.0000,0.101,0.100
T5E,NT,0.10,3001,5.0000,0.100,0.100
T5E,NT,0.10,3002,4.0000,0.101,0.101
T5E,NT,0.10,3003,3.5000,0.101,0.101
T5E,NT,0.10,3004,3.0000,0.101,0.101
T5E,NT,0.15,3000,3.0000,0.150,0.150
T5E,NT,0.15,3001,5.0000,0.151,0.151
T5E,NT,0.15,3002,4.0000,0.151,0.151
T5E,NT,0.15,3003,3.5000,0.150,0.150
T5E,NT,0.15,3004,3.0000,0.151,0.149
T5E,NT,0.20,3000,3.0000,0.201,0.197
T5E,NT,0.20,3001,4.5000,0.201,0.200
T5E,NT,0.20,3002,4.0000,0.201,0.200
T5E,NT,0.20,3003,3.5000,0.201,0.201
T5E,NT,0.20,3004,3.0000,0.201,0.200
T5E,NT,1.00,3000,3.0000,1.000,0.999
T5E,NT,1.00,3001,3.0000,1.001,0.980
T5E,NT,1.00,3002,3.5000,1.001,1.000
T5E,NT,1.00,3003,2.5000,1.001,0.997
T5E,NT,1.00,3004,3.0000,1.000,0.999
T5E,NT,5.00,3000,2.5000,5.001,4.967
T5E,NT,5.00,3001,3.0000,5.001,4.993
T5E,NT,5.00,3002,3.0000,5.001,4.967
T5E,NT,5.00,3003,2.0000,5.001,4.992
T5E,NT,5.00,3004,3.0000,5.000,4.970
T6A,NT,0.02,3000,4.5000,0.022,0.022
T6A,NT,0.02,3001,5.5000,0.021,0.021
T6A,NT,0.02,3002,5.0000,0.021,0.021
T6A,NT,0.02,3003,4.5000,0.020,0.020
T6A,NT,0.02,3004,5.5000,0.020,0.020
T6A,NT,0.05,3000,4.0000,0.051,0.050
T6A,NT,0.05,3001,3.5000,0.051,0.051
T6A,NT,0.05,3002,3.5000,0.051,0.051
T6A,NT,0.05,3003,4.5000,0.050,0.050
T6A,NT,0.05,3004,3.0000,0.051,0.051
T6A,NT,0.10,3000,4.0000,0.101,0.101
T6A,NT,0.10,3001,2.5000,0.101,0.101
T6A,NT,0.10,3002,2.0000,0.102,0.102
T6A,NT,0.10,3003,3.0000,0.100,0.100
T6A,NT,0.10,3004,3.0000,0.100,0.099
T6A,NT,0.15,3000,4.0000,0.151,0.150
T6A,NT,0.15,3001,2.0000,0.151,0.150
T6A,NT,0.15,3002,2.0000,0.151,0.151
T6A,NT,0.15,3003,3.0000,0.150,0.147
T6A,NT,0.15,3004,3.0000,0.151,0.151
T6A,NT,0.20,3000,4.0000,0.201,0.200
T6A,NT,0.20,3001,2.0000,0.202,0.202
T6A,NT,0.20,3002,2.0000,0.201,0.201
T6A,NT,0.20,3003,3.0000,0.200,0.200
T6A,NT,0.20,3004,3.0000,0.201,0.201
T6A,NT,1.00,3000,3.0000,1.002,1.000
T6A,NT,1.00,3001,2.0000,1.002,0.978
T6A,NT,1.00,3002,2.0000,1.002,1.000
T6A,NT,1.00,3003,2.5000,1.001,0.999
T6A,NT,1.00,3004,2.5000,1.002,1.000
T6A,NT,5.00,3000,2.0000,5.001,4.965
T6A,NT,5.00,3001,2.0000,5.001,4.997
T6A,NT,5.00,3002,2.0000,5.001,4.995
T6A,NT,5.00,3003,1.5000,5.001,4.996
T6A,NT,5.00,3004,2.0000,5.000,4.978
T6B,NT,0.02,3000,3.5000,0.021,0.021
T6B,NT,0.02,3001,2.5000,0.020,0.020
T6B,NT,0.02,3002,3.0000,0.020,0.020
T6B,NT,0.02,3003,4.0000,0.022,0.022
T6B,NT,0.02,3004,4.5000,0.020,0.020
T6B,NT,0.05,3000,3.0000,0.051,0.051
T6B,NT,0.05,3001,2.5000,0.050,0.050
T6B,NT,0.05,3002,3.0000,0.050,0.050
T6B,NT,0.05,3003,2.0000,0.050,0.050
T6B,NT,0.05,3004,4.0000,0.051,0.051
T6B,NT,0.10,3000,2.0000,0.100,0.100
T6B,NT,0.10,3001,2.5000,0.101,0.101
T6B,NT,0.10,3002,2.5000,0.101,0.101
T6B,NT,0.10,3003,2.0000,0.101,0.101
T6B,NT,0.10,3004,4.0000,0.101,0.101
T6B,NT,0.15,3000,2.0000,0.150,0.150
T6B,NT,0.15,3001,2.0000,0.152,0.152
T6B,NT,0.15,3002,2.5000,0.151,0.151
T6B,NT,0.15,3003,2.0000,0.151,0.151
T6B,NT,0.15,3004,4.0000,0.152,0.152
T6B,NT,0.20,3000,2.0000,0.201,0.201
T6B,NT,0.20,3001,2.0000,0.201,0.201
T6B,NT,0.20,3002,2.5000,0.201,0.201
T6B,NT,0.20,3003,2.0000,0.201,0.201
T6B,NT,0.20,3004,4.0000,0.200,0.200
T6B,NT,1.00,3000,2.0000,1.001,1.000
T6B,NT,1.00,3001,2.0000,1.001,1.000
T6B,NT,1.00,3002,2.5000,1.000,0.999
T6B,NT,1.00,3003,2.0000,1.001,0.999
T6B,NT,1.00,3004,2.5000,1.001,1.000
T6B,NT,5.00,3000,2.0000,5.000,4.996
T6B,NT,5.00,3001,2.0000,5.001,4.972
T6B,NT,5.00,3002,2.0000,5.000,4.991
T6B,NT,5.00,3003,2.0000,5.001,4.995
T6B,NT,5.00,3004,2.0000,5.000,4.977
T6C,NT,0.02,3000,4.5000,0.020,0.020
T6C,NT,0.02,3001,4.5000,0.021,0.021
T6C,NT,0.02,3002,4.5000,0.022,0.022
T6C,NT,0.02,3003,3.0000,0.021,0.021
T6C,NT,0.02,3004,4.5000,0.020,0.020
T6C,NT,0.05,3000,4.5000,0.051,0.051
T6C,NT,0.05,3001,3.0000,0.050,0.050
T6C,NT,0.05,3002,3.0000,0.050,0.050
T6C,NT,0.05,3003,3.0000,0.050,0.050
T6C,NT,0.05,3004,2.5000,0.051,0.051
T6C,NT,0.10,3000,4.5000,0.101,0.099
T6C,NT,0.10,3001,3.0000,0.101,0.101
T6C,NT,0.10,3002,3.0000,0.100,0.100
T6C,NT,0.10,3003,3.0000,0.101,0.099
T6C,NT,0.10,3004,2.5000,0.100,0.100
T6C,NT,0.15,3000,3.5000,0.151,0.151
T6C,NT,0.15,3001,3.0000,0.150,0.150
T6C,NT,0.15,3002,3.0000,0.152,0.151
T6C,NT,0.15,3003,2.5000,0.151,0.151
T6C,NT,0.15,3004,2.5000,0.150,0.150
T6C,NT,0.20,3000,3.5000,0.202,0.184
T6C,NT,0.20,3001,3.0000,0.200,0.200
T6C,NT,0.20,3002,3.0000,0.201,0.201
T6C,NT,0.20,3003,2.5000,0.200,0.200
T6C,NT,0.20,3004,2.5000,0.201,0.201
T6C,NT,1.00,3000,3.0000,1.000,0.999
T6C,NT,1.00,3001,3.0000,1.001,1.000
T6C,NT,1.00,3002,2.5000,1.001,1.000
T6C,NT,1.00,3003,2.5000,1.001,1.001
T6C,NT,1.00,3004,2.5000,1.000,0.981
T6C,NT,5.00,3000,2.5000,5.000,4.971
T6C,NT,5.00,3001,2.0000,5.001,4.997
T6C,NT,5.00,3002,2.0000,5.000,4.971
T6C,NT,5.00,3003,2.0000,5.001,4.997
T6C,NT,5.00,3004,2.5000,5.001,4.976
T6D,NT,0.02,3000,4.5000,0.020,0.020
T6D,NT,0.02,3001,4.0000,0.021,0.021
T6D,NT,0.02,3002,5.0000,0.021,0.021
T6D,NT,0.02,3003,4.5000,0.022,0.022
T6D,NT,0.02,3004,5.0000,0.020,0.020
T6D,NT,0.05,3000,3.0000,0.051,0.051
T6D,NT,0.05,3001,3.0000,0.050,0.050
T6D,NT,0.05,3002,4.0000,0.051,0.051
T6D,NT,0.05,3003,4.0000,0.050,0.050
T6D,NT,0.05,3004,4.0000,0.051,0.051
T6D,NT,0.10,3000,3.0000,0.100,0.100
T6D,NT,0.10,3001,2.0000,0.101,0.101
T6D,NT,0.10,3002,3.0000,0.101,0.101
T6D,NT,0.10,3003,3.5000,0.100,0.100
T6D,NT,0.10,3004,4.0000,0.100,0.100
T6D,NT,0.15,3000,3.0000,0.150,0.150
T6D,NT,0.15,3001,2.0000,0.151,0.150
T6D,NT,0.15,3002,2.5000,0.150,0.150
T6D,NT,0.15,3003,3.0000,0.150,0.150
T6D,NT,0.15,3004,4.0000,0.151,0.151
T6D,NT,0.20,3000,3.0000,0.201,0.201
T6D,NT,0.20,3001,2.0000,0.200,0.200
T6D,NT,0.20,3002,2.5000,0.201,0.200
T6D,NT,0.20,3003,3.0000,0.200,0.200
T6D,NT,0.20,3004,3.5000,0.201,0.200
T6D,NT,1.00,3000,3.0000,1.001,1.000
T6D,NT,1.00,3001,2.0000,1.001,1.000
T6D,NT,1.00,3002,2.5000,1.001,1.000
T6D,NT,1.00,3003,2.5000,1.001,1.000
T6D,NT,1.00,3004,3.0000,1.001,0.986
T6D,NT,5.00,3000,2.0000,5.001,4.995
T6D,NT,5.00,3001,2.0000,5.001,4.995
T6D,NT,5.00,3002,2.5000,5.000,4.976
T6D,NT,5.00,3003,2.5000,5.001,4.972
T6D,NT,5.00,3004,2.0000,5.000,4.996
T6E,NT,0.02,3000,3.5000,0.021,0.020
T6E,NT,0.02,3001,4.0000,0.021,0.021
T6E,NT,0.02,3002,3.0000,0.021,0.021
T6E,NT,0.02,3003,2.0000,0.021,0.021
T6E,NT,0.02,3004,4.5000,0.021,0.021
T6E,NT,0.05,3000,3.5000,0.050,0.050
T6E,NT,0.05,3001,2.0000,0.051,0.051
T6E,NT,0.05,3002,3.0000,0.051,0.051
T6E,NT,0.05,3003,2.0000,0.051,0.051
T6E,NT,0.05,3004,3.0000,0.050,0.050
T6E,NT,0.10,3000,3.0000,0.101,0.101
T6E,NT,0.10,3001,2.0000,0.101,0.101
T6E,NT,0.10,3002,3.0000,0.100,0.100
T6E,NT,0.10,3003,2.0000,0.101,0.101
T6E,NT,0.10,3004,3.0000,0.101,0.101
T6E,NT,0.15,3000,2.0000,0.151,0.151
T6E,NT,0.15,3001,2.0000,0.151,0.151
T6E,NT,0.15,3002,3.0000,0.151,0.150
T6E,NT,0.15,3003,2.0000,0.150,0.150
T6E,NT,0.15,3004,2.5000,0.150,0.150
T6E,NT,0.20,3000,2.0000,0.201,0.201
T6E,NT,0.20,3001,2.0000,0.200,0.200
T6E,NT,0.20,3002,3.0000,0.201,0.185
T6E,NT,0.20,3003,2.0000,0.200,0.200
T6E,NT,0.20,3004,2.5000,0.201,0.201
T6E,NT,1.00,3000,2.0000,1.001,0.997
T6E,NT,1.00,3001,2.0000,1.002,1.001
T6E,NT,1.00,3002,3.0000,1.000,1.000
T6E,NT,1.00,3003,2.0000,1.000,1.000
T6E,NT,1.00,3004,2.5000,1.001,1.001
T6E,NT,5.00,3000,2.0000,5.001,4.996
T6E,NT,5.00,3001,1.5000,5.000,4.959
T6E,NT,5.00,3002,2.0000,5.001,4.996
T6E,NT,5.00,3003,1.5000,5.001,4.985
T6E,NT,5.00,3004,1.5000,5.001,4.998
T7A,NT,0.02,3000,1.5000,0.020,0.020
T7A,NT,0.02,3001,1.5000,0.021,0.021
T7A,NT,0.02,3002,1.5000,0.020,0.020
T7A,NT,0.02,3003,1.5000,0.021,0.021
T7A,NT,0.02,3004,1.5000,0.023,0.023
T7A,NT,0.05,3000,1.5000,0.052,0.052
T7A,NT,0.05,3001,1.5000,0.051,0.051
T7A,NT,0.05,3002,1.0000,0.050,0.050
T7A,NT,0.05,3003,1.5000,0.051,0.051
T7A,NT,0.05,3004,1.5000,0.051,0.051
T7A,NT,0.10,3000,1.0000,0.103,0.103
T7A,NT,0.10,3001,1.0000,0.102,0.102
T7A,NT,0.10,3002,1.0000,0.100,0.100
T7A,NT,0.10,3003,1.0000,0.101,0.101
T7A,NT,0.10,3004,1.5000,0.103,0.103
T7A,NT,0.15,3000,1.0000,0.151,0.151
T7A,NT,0.15,3001,1.0000,0.152,0.152
T7A,NT,0.15,3002,1.0000,0.153,0.153
T7A,NT,0.15,3003,1.0000,0.150,0.150
T7A,NT,0.15,3004,1.0000,0.154,0.154
T7A,NT,0.20,3000,1.0000,0.201,0.201
T7A,NT,0.20,3001,1.0000,0.203,0.203
T7A,NT,0.20,3002,1.0000,0.202,0.202
T7A,NT,0.20,3003,1.0000,0.200,0.200
T7A,NT,0.20,3004,1.0000,0.203,0.203
T7A,NT,1.00,3000,0.5000,1.000,0.999
T7A,NT,1.00,3001,1.0000,1.001,1.000
T7A,NT,1.00,3002,1.0000,1.002,1.001
T7A,NT,1.00,3003,1.0000,1.002,1.001
T7A,NT,1.00,3004,1.0000,1.002,1.000
T7A,NT,5.00,3000,0.5000,5.002,4.994
T7A,NT,5.00,3001,1.0000,5.003,4.996
T7A,NT,5.00,3002,1.0000,5.001,4.789
T7A,NT,5.00,3003,1.0000,5.000,4.955
T7A,NT,5.00,3004,1.0000,5.001,4.877
T7B,NT,0.02,3000,3.0000,0.021,0.021
T7B,NT,0.02,3001,3.0000,0.025,0.024
T7B,NT,0.02,3002,3.0000,0.025,0.024
T7B,NT,0.02,3003,3.0000,0.021,0.020
T7B,NT,0.02,3004,3.0000,0.023,0.022
T7B,NT,0.05,3000,1.0000,0.050,0.050
T7B,NT,0.05,3001,2.5000,0.054,0.053
T7B,NT,0.05,3002,1.5000,0.052,0.051
T7B,NT,0.05,3003,1.5000,0.051,0.050
T7B,NT,0.05,3004,1.5000,0.053,0.052
T7B,NT,0.10,3000,1.0000,0.102,0.101
T7B,NT,0.10,3001,1.0000,0.104,0.103
T7B,NT,0.10,3002,1.5000,0.102,0.100
T7B,NT,0.10,3003,1.0000,0.103,0.102
T7B,NT,0.10,3004,1.5000,0.104,0.102
T7B,NT,0.15,3000,1.0000,0.151,0.151
T7B,NT,0.15,3001,1.0000,0.152,0.152
T7B,NT,0.15,3002,1.5000,0.153,0.152
T7B,NT,0.15,3003,1.0000,0.151,0.148
T7B,NT,0.15,3004,1.5000,0.152,0.150
T7B,NT,0.20,3000,1.0000,0.201,0.199
T7B,NT,0.20,3001,1.0000,0.201,0.199
T7B,NT,0.20,3002,1.5000,0.205,0.202
T7B,NT,0.20,3003,1.0000,0.203,0.200
T7B,NT,0.20,3004,1.5000,0.202,0.199
T7B,NT,1.00,3000,1.0000,1.002,0.987
T7B,NT,1.00,3001,1.0000,1.001,0.984
T7B,NT,1.00,3002,1.0000,1.002,0.981
T7B,NT,1.00,3003,1.0000,1.001,0.983
T7B,NT,1.00,3004,1.5000,1.004,0.983
T7B,NT,5.00,3000,1.0000,5.001,4.896
T7B,NT,5.00,3001,1.0000,5.005,4.876
T7B,NT,5.00,3002,1.0000,5.000,4.924
T7B,NT,5.00,3003,1.0000,5.001,4.898
T7B,NT,5.00,3004,1.0000,5.001,4.911
T7C,NT,0.02,3000,1.5000,0.022,0.022
T7C,NT,0.02,3001,1.5000,0.024,0.023
T7C,NT,0.02,3002,1.5000,0.024,0.023
T7C,NT,0.02,3003,1.5000,0.021,0.021
T7C,NT,0.02,3004,1.5000,0.022,0.021
T7C,NT,0.05,3000,1.5000,0.052,0.052
T7C,NT,0.05,3001,1.5000,0.053,0.052
T7C,NT,0.05,3002,1.5000,0.050,0.050
T7C,NT,0.05,3003,1.5000,0.053,0.052
T7C,NT,0.05,3004,1.5000,0.051,0.050
T7C,NT,0.10,3000,1.5000,0.101,0.099
T7C,NT,0.10,3001,1.0000,0.103,0.101
T7C,NT,0.10,3002,1.5000,0.103,0.102
T7C,NT,0.10,3003,1.5000,0.100,0.099
T7C,NT,0.10,3004,1.5000,0.102,0.100
T7C,NT,0.15,3000,1.5000,0.151,0.148
T7C,NT,0.15,3001,1.0000,0.150,0.147
T7C,NT,0.15,3002,1.5000,0.151,0.148
T7C,NT,0.15,3003,1.5000,0.153,0.151
T7C,NT,0.15,3004,1.5000,0.150,0.149
T7C,NT,0.20,3000,1.5000,0.204,0.201
T7C,NT,0.20,3001,0.5000,0.201,0.200
T7C,NT,0.20,3002,0.5000,0.202,0.198
T7C,NT,0.20,3003,1.0000,0.202,0.199
T7C,NT,0.20,3004,1.5000,0.203,0.200
T7C,NT,1.00,3000,1.5000,1.005,0.988
T7C,NT,1.00,3001,0.5000,1.002,0.984
T7C,NT,1.00,3002,0.5000,1.000,0.981
T7C,NT,1.00,3003,1.0000,1.001,0.980
T7C,NT,1.00,3004,1.5000,1.003,0.986
T7C,NT,5.00,3000,1.0000,5.001,4.917
T7C,NT,5.00,3001,0.5000,5.005,4.916
T7C,NT,5.00,3002,0.5000,5.002,4.900
T7C,NT,5.00,3003,1.0000,5.002,4.951
T7C,NT,5.00,3004,1.0000,5.000,4.986
T7D,NT,0.02,3000,2.5000,0.024,0.024
T7D,NT,0.02,3001,2.5000,0.023,0.023
T7D,NT,0.02,3002,2.5000,0.021,0.021
T7D,NT,0.02,3003,2.5000,0.025,0.025
T7D,NT,0.02,3004,2.5000,0.022,0.022
T7D,NT,0.05,3000,1.5000,0.052,0.052
T7D,NT,0.05,3001,1.0000,0.052,0.052
T7D,NT,0.05,3002,1.0000,0.052,0.052
T7D,NT,0.05,3003,1.0000,0.050,0.050
T7D,NT,0.05,3004,2.5000,0.052,0.052
T7D,NT,0.10,3000,1.5000,0.103,0.103
T7D,NT,0.10,3001,1.0000,0.104,0.104
T7D,NT,0.10,3002,1.0000,0.102,0.101
T7D,NT,0.10,3003,1.0000,0.101,0.101
T7D,NT,0.10,3004,1.0000,0.103,0.103
T7D,NT,0.15,3000,1.0000,0.153,0.153
T7D,NT,0.15,3001,1.0000,0.154,0.154
T7D,NT,0.15,3002,1.0000,0.150,0.150
T7D,NT,0.15,3003,1.0000,0.151,0.150
T7D,NT,0.15,3004,1.0000,0.152,0.152
T7D,NT,0.20,3000,1.0000,0.200,0.200
T7D,NT,0.20,3001,1.0000,0.200,0.200
T7D,NT,0.20,3002,1.0000,0.202,0.202
T7D,NT,0.20,3003,1.0000,0.202,0.201
T7D,NT,0.20,3004,1.0000,0.201,0.200
T7D,NT,1.00,3000,1.0000,1.004,1.000
T7D,NT,1.00,3001,1.0000,1.001,0.998
T7D,NT,1.00,3002,1.0000,1.002,0.985
T7D,NT,1.00,3003,1.0000,1.000,0.997
T7D,NT,1.00,3004,1.0000,1.004,1.001
T7D,NT,5.00,3000,1.0000,5.002,4.989
T7D,NT,5.00,3001,1.0000,5.002,4.935
T7D,NT,5.00,3002,1.0000,5.003,4.989
T7D,NT,5.00,3003,1.0000,5.001,4.986
T7D,NT,5.00,3004,0.5000,5.001,4.988
T7E,NT,0.02,3000,2.5000,0.025,0.025
T7E,NT,0.02,3001,2.5000,0.023,0.023
T7E,NT,0.02,3002,2.5000,0.021,0.021
T7E,NT,0.02,3003,2.5000,0.022,0.022
T7E,NT,0.02,3004,2.5000,0.021,0.021
T7E,NT,0.05,3000,2.5000,0.054,0.054
T7E,NT,0.05,3001,2.0000,0.054,0.053
T7E,NT,0.05,3002,2.0000,0.050,0.050
T7E,NT,0.05,3003,2.0000,0.053,0.053
T7E,NT,0.05,3004,1.5000,0.051,0.051
T7E,NT,0.10,3000,2.0000,0.103,0.103
T7E,NT,0.10,3001,2.0000,0.101,0.101
T7E,NT,0.10,3002,2.0000,0.100,0.100
T7E,NT,0.10,3003,2.0000,0.104,0.103
T7E,NT,0.10,3004,1.5000,0.103,0.103
T7E,NT,0.15,3000,2.0000,0.150,0.150
T7E,NT,0.15,3001,2.0000,0.153,0.152
T7E,NT,0.15,3002,2.0000,0.152,0.151
T7E,NT,0.15,3003,2.0000,0.150,0.150
T7E,NT,0.15,3004,1.5000,0.153,0.153
T7E,NT,0.20,3000,2.0000,0.204,0.203
T7E,NT,0.20,3001,1.5000,0.202,0.202
T7E,NT,0.20,3002,2.0000,0.201,0.200
T7E,NT,0.20,3003,2.0000,0.200,0.199
T7E,NT,0.20,3004,1.5000,0.201,0.200
T7E,NT,1.00,3000,1.0000,1.003,1.000
T7E,NT,1.00,3001,1.5000,1.001,0.998
T7E,NT,1.00,3002,1.5000,1.001,0.998
T7E,NT,1.00,3003,1.0000,1.000,0.998
T7E,NT,1.00,3004,1.5000,1.000,0.998
T7E,NT,5.00,3000,1.0000,5.000,4.988
T7E,NT,5.00,3001,1.0000,5.004,4.991
T7E,NT,5.00,3002,1.5000,5.001,4.988
T7E,NT,5.00,3003,1.0000,5.002,4.988
T7E,NT,5.00,3004,1.0000,5.002,4.990
